Student_ID,First_Name,Last_Name,Email,Gender,Age,Department,Attendance (%),Midterm_Score,Final_Score,Assignments_Avg,Quizzes_Avg,Participation_Score,Projects_Score,Total_Score,Grade,Study_Hours_per_Week,Extracurricular,Internet_Access,Parent_Education,Family_Income,Stress_Level (1-10)
S1000,Liam,Jones,student0@university.edu,Male,23,Business,88.52,52.89,81.03,77.88,94.06,36.7,44.27,61.012,D,1.3,Yes,Yes,PhD,High,3
S1001,Omar,Johnson,student1@university.edu,Male,21,Mathematics,63.28,45.89,97.02,79.48,71.02,17.5,80.59,68.426,D,2.2,Yes,Yes,None,High,1
S1002,Ali,Williams,student2@university.edu,Female,18,Engineering,68.94,81.07,65.55,96.23,83.75,31.5,57.75,64.611,D,2.9,No,Yes,PhD,Medium,7
S1003,Maria,Jones,student3@university.edu,Male,18,Business,58.02,59.85,63.87,65.2,87.16,97.3,74.89,64.269,D,5.1,No,Yes,None,Medium,1
S1004,Sara,Johnson,student4@university.edu,Female,24,Engineering,76.28,82.28,72.24,81.41,67.47,11.5,65.47,66.537,D,2.5,Yes,Yes,PhD,Medium,3
S1005,Ahmed,Smith,student5@university.edu,Male,19,Mathematics,52.65,71.15,43.44,68.55,99.24,72.7,84.17,61.702,D,1.3,Yes,Yes,PhD,High,9
S1006,Omar,Brown,student6@university.edu,Male,20,Engineering,55.28,85.69,63.0,65.76,88.98,95.2,62.62,64.035,D,2.4,No,Yes,High School,Medium,1
S1007,John,Johnson,student7@university.edu,Male,18,Business,52.74,83.74,52.89,91.34,67.32,58.7,90.15,74.434,C,8.3,Yes,Yes,High School,High,4
S1008,Maria,Jones,student8@university.edu,Female,20,Engineering,71.35,95.99,58.47,54.17,86.61,36.6,75.44,65.248,D,3.3,No,Yes,Master's,High,4
S1009,John,Johnson,student9@university.edu,Female,20,Mathematics,84.36,73.88,75.81,52.45,83.1,71.8,40.98,64.562,D,9.6,No,Yes,PhD,Medium,7
S1010,John,Jones,student10@university.edu,Female,23,Business,55.3,87.53,63.32,96.84,98.6,33.8,86.99,71.744,C,1.7,Yes,No,Bachelor's,High,3
S1011,Ahmed,Brown,student11@university.edu,Female,23,Engineering,91.46,97.08,92.82,94.41,51.59,52.0,53.66,71.118,C,1.0,Yes,Yes,High School,Low,1
S1012,Emma,Jones,student12@university.edu,Female,18,Business,57.04,52.54,67.73,68.31,85.91,23.3,84.13,62.537,D,6.7,No,Yes,Bachelor's,Medium,7
S1013,Emma,Brown,student13@university.edu,Female,24,Business,74.8,92.34,41.66,70.96,56.53,57.2,95.63,67.707,D,8.6,No,No,PhD,Medium,5
S1014,Ali,Brown,student14@university.edu,Female,19,CS,90.2,63.62,44.94,82.01,90.54,72.8,79.52,67.301,D,8.5,No,Yes,High School,Medium,2
S1015,Omar,Williams,student15@university.edu,Female,20,Engineering,85.44,50.74,86.04,52.4,97.02,18.1,58.06,60.546,D,5.3,Yes,Yes,PhD,Medium,5
S1016,John,Davis,student16@university.edu,Female,23,CS,61.64,96.6,46.2,96.59,83.38,97.3,76.7,67.106,D,4.1,No,Yes,None,High,4
S1017,Ali,Jones,student17@university.edu,Female,23,CS,90.41,85.58,62.63,96.9,57.13,5.0,74.68,67.757,D,8.3,Yes,No,Master's,High,2
S1018,Ahmed,Smith,student18@university.edu,Female,19,Business,68.68,52.26,97.49,65.99,50.96,71.7,57.61,65.912,D,2.7,Yes,Yes,None,Medium,8
S1019,John,Brown,student19@university.edu,Male,21,Business,79.49,48.89,95.71,83.12,50.86,37.8,70.69,62.572,D,6.7,No,No,None,Low,4
S1020,John,Williams,student20@university.edu,Male,21,CS,56.45,60.22,94.93,92.0,50.73,82.7,84.83,72.22,C,1.9,No,Yes,PhD,Medium,3
S1021,Maria,Jones,student21@university.edu,Female,22,CS,58.73,51.0,68.07,62.67,77.47,41.8,76.49,63.565,D,5.3,Yes,Yes,High School,Medium,8
S1022,Maria,Jones,student22@university.edu,Male,18,Business,88.03,80.07,61.33,73.15,95.58,90.2,85.65,67.955,D,1.5,Yes,Yes,High School,Low,4
S1023,Ali,Johnson,student23@university.edu,Female,19,Engineering,76.35,69.13,65.05,62.8,92.28,42.2,44.03,64.635,D,6.7,No,Yes,High School,High,2
S1024,Ahmed,Davis,student24@university.edu,Female,24,Engineering,96.91,52.39,43.25,68.11,78.69,83.0,88.52,55.447,E,2.8,No,Yes,Bachelor's,Low,4
S1025,John,Johnson,student25@university.edu,Male,21,CS,61.79,99.84,79.23,82.3,81.84,89.7,69.76,84.6,B,7.4,No,Yes,PhD,Medium,7
S1026,Ahmed,Johnson,student26@university.edu,Male,20,Business,66.01,55.89,51.12,71.1,51.61,94.1,93.25,65.018,D,8.7,No,Yes,PhD,Low,5
S1027,John,Brown,student27@university.edu,Female,23,Mathematics,85.66,90.01,53.78,86.22,73.6,55.1,93.3,72.293,C,6.1,Yes,No,Bachelor's,Medium,3
S1028,Sara,Smith,student28@university.edu,Male,19,CS,80.48,65.46,86.18,69.47,53.5,57.2,56.85,67.466,D,7.2,No,Yes,Master's,Medium,5
S1029,Liam,Jones,student29@university.edu,Male,22,Mathematics,84.89,47.72,63.45,70.26,58.1,27.0,69.46,56.923,E,9.1,No,Yes,Bachelor's,Low,10
S1030,Liam,Smith,student30@university.edu,Male,22,CS,72.2,98.72,52.99,71.27,58.59,68.8,78.57,70.118,C,3.2,No,Yes,PhD,High,4
S1031,Omar,Brown,student31@university.edu,Female,24,Mathematics,72.06,92.4,86.25,58.89,98.17,31.3,91.32,77.292,C,4.2,No,Yes,None,Medium,7
S1032,Sara,Brown,student32@university.edu,Female,20,Business,95.54,75.48,63.73,76.1,97.89,50.6,94.11,75.403,C,7.9,Yes,Yes,Bachelor's,Medium,1
S1033,Liam,Brown,student33@university.edu,Male,19,Mathematics,73.37,90.79,61.95,54.68,69.09,18.9,98.33,65.842,D,7.3,No,Yes,PhD,Low,6
S1034,Omar,Brown,student34@university.edu,Female,22,Mathematics,82.89,45.37,47.15,77.59,79.61,97.2,88.77,61.928,D,8.6,Yes,Yes,PhD,Low,2
S1035,Liam,Brown,student35@university.edu,Male,24,Business,87.25,66.68,40.61,88.73,69.72,13.6,40.82,54.599,E,5.4,No,Yes,None,Medium,6
S1036,Ali,Williams,student36@university.edu,Male,21,Mathematics,78.07,47.72,92.55,60.16,83.25,92.2,96.6,80.722,B,6.8,Yes,Yes,PhD,Low,10
S1037,Omar,Johnson,student37@university.edu,Male,23,CS,85.31,70.34,80.99,51.45,76.6,28.0,75.09,69.657,D,9.7,Yes,Yes,High School,Medium,9
S1038,Ahmed,Jones,student38@university.edu,Male,23,Business,52.51,47.23,82.63,52.83,51.71,72.9,94.4,69.522,D,5.7,No,Yes,Bachelor's,High,10
S1039,Liam,Smith,student39@university.edu,Male,20,Engineering,53.39,91.41,88.55,50.68,87.14,36.7,98.4,76.195,C,2.7,Yes,No,None,Medium,3
S1040,Omar,Smith,student40@university.edu,Male,18,Engineering,74.44,81.92,56.35,81.62,83.77,41.1,58.61,64.949,D,5.4,No,Yes,Bachelor's,Low,8
S1041,Maria,Brown,student41@university.edu,Male,19,CS,92.59,86.49,59.58,53.63,82.07,71.2,93.41,64.682,D,3.3,Yes,No,High School,High,6
S1042,Ahmed,Williams,student42@university.edu,Male,21,Business,98.69,76.5,48.19,58.9,52.16,67.2,59.88,62.959,D,9.2,Yes,Yes,PhD,Low,5
S1043,Omar,Davis,student43@university.edu,Male,22,Engineering,60.75,56.43,80.92,50.36,63.61,53.2,71.58,59.284,E,6.5,No,Yes,High School,Low,8
S1044,Liam,Jones,student44@university.edu,Male,23,Mathematics,91.43,65.11,45.56,61.59,87.29,65.9,66.14,55.125,E,1.1,Yes,Yes,None,Medium,8
S1045,Liam,Jones,student45@university.edu,Male,21,Engineering,83.01,83.24,52.6,85.78,91.11,98.7,54.62,75.137,C,7.0,No,Yes,Master's,Medium,3
S1046,Omar,Williams,student46@university.edu,Male,23,Engineering,55.72,86.97,50.42,80.73,54.19,83.4,66.77,68.691,D,6.3,Yes,Yes,Bachelor's,High,3
S1047,Liam,Williams,student47@university.edu,Male,18,Engineering,57.74,68.39,84.36,96.45,59.07,26.2,73.92,65.512,D,2.7,No,Yes,Bachelor's,Low,6
S1048,Maria,Smith,student48@university.edu,Female,19,CS,77.15,81.19,89.5,67.82,78.7,58.0,62.0,74.732,C,8.8,No,Yes,PhD,Medium,6
S1049,Ali,Johnson,student49@university.edu,Male,24,Business,56.32,54.57,85.98,52.7,92.16,92.3,85.72,72.941,C,1.7,No,No,High School,Medium,5
S1050,Sara,Davis,student50@university.edu,Female,21,Business,98.44,75.23,80.15,94.92,82.42,41.3,58.48,72.727,C,9.1,Yes,Yes,High School,Low,5
S1051,Liam,Brown,student51@university.edu,Female,24,Engineering,54.28,84.64,46.28,85.85,64.84,53.2,83.06,65.371,D,4.7,No,No,None,Medium,3
S1052,Ali,Jones,student52@university.edu,Male,22,Business,54.01,94.85,65.67,87.98,61.21,37.2,51.02,68.114,D,3.2,Yes,Yes,PhD,Medium,2
S1053,Omar,Brown,student53@university.edu,Female,19,Business,51.85,98.7,84.69,74.32,97.1,39.2,45.65,68.742,D,3.0,No,Yes,High School,Medium,4
S1054,Sara,Jones,student54@university.edu,Male,24,Engineering,73.31,82.08,61.9,98.92,75.08,86.9,68.74,75.173,C,4.8,Yes,Yes,Bachelor's,High,3
S1055,Omar,Johnson,student55@university.edu,Female,19,Business,95.71,58.47,89.53,52.34,87.88,52.9,99.34,75.288,C,7.9,No,No,Master's,Low,7
S1056,John,Smith,student56@university.edu,Male,20,CS,58.83,43.16,61.27,66.97,80.17,73.4,87.49,67.8,D,9.4,No,Yes,PhD,Low,4
S1057,Ahmed,Johnson,student57@university.edu,Male,23,CS,71.47,67.38,89.1,84.53,65.37,73.4,94.92,74.87,C,1.2,No,Yes,None,Medium,1
S1058,Maria,Johnson,student58@university.edu,Male,18,Engineering,89.61,76.65,43.32,94.79,94.47,5.2,92.24,59.18,E,4.5,No,Yes,None,Medium,5
S1059,John,Johnson,student59@university.edu,Male,22,Mathematics,60.17,86.52,98.2,81.01,64.99,36.6,51.48,72.18,C,7.9,No,Yes,None,Medium,2
S1060,Maria,Williams,student60@university.edu,Female,24,Business,95.32,58.88,42.12,94.26,53.15,35.7,80.94,53.574,E,2.2,No,Yes,None,Medium,3
S1061,Sara,Jones,student61@university.edu,Male,22,CS,94.53,48.2,73.86,96.29,52.55,22.8,57.18,60.441,D,4.6,No,Yes,PhD,Medium,3
S1062,Omar,Smith,student62@university.edu,Male,23,Business,61.49,73.6,87.93,84.14,61.43,46.2,79.3,69.119,D,9.5,No,Yes,None,Medium,10
S1063,Emma,Jones,student63@university.edu,Male,21,Mathematics,96.45,69.87,89.67,92.35,79.34,84.8,43.48,75.96,C,2.7,Yes,Yes,Bachelor's,Medium,4
S1064,Ahmed,Johnson,student64@university.edu,Male,22,Business,96.72,75.67,67.18,53.81,51.07,56.7,50.13,63.312,D,7.3,No,Yes,None,Medium,4
S1065,Ahmed,Davis,student65@university.edu,Male,19,Business,87.79,61.91,61.46,53.02,93.49,11.6,53.82,57.925,E,4.5,No,No,Master's,Medium,9
S1066,Sara,Brown,student66@university.edu,Male,22,Mathematics,88.6,92.52,69.36,57.51,76.07,42.9,46.08,72.607,C,4.9,No,Yes,None,Low,4
S1067,Sara,Brown,student67@university.edu,Female,22,Engineering,72.8,79.74,65.67,59.86,57.71,23.6,69.89,57.679,E,1.8,No,Yes,High School,Low,6
S1068,Sara,Jones,student68@university.edu,Male,24,Engineering,69.91,64.74,70.52,75.42,71.46,73.1,92.89,75.431,C,9.9,No,Yes,None,Low,3
S1069,Omar,Davis,student69@university.edu,Female,23,CS,66.21,88.08,60.55,93.44,80.25,50.4,61.58,67.802,D,3.1,Yes,No,Bachelor's,Low,9
S1070,Ahmed,Williams,student70@university.edu,Female,21,CS,99.67,60.68,51.71,91.87,80.41,36.1,61.13,61.56,D,2.9,No,Yes,PhD,Medium,5
S1071,John,Jones,student71@university.edu,Male,20,Mathematics,62.27,54.51,73.13,98.42,73.54,80.0,85.08,72.896,C,5.5,Yes,Yes,PhD,Medium,8
S1072,Ahmed,Davis,student72@university.edu,Female,22,Business,94.55,93.84,94.93,97.36,61.75,98.7,45.97,83.536,B,8.2,No,Yes,None,Low,3
S1073,Ali,Smith,student73@university.edu,Female,23,Engineering,92.15,61.43,70.78,51.64,61.08,42.8,46.08,62.667,D,9.9,No,Yes,Master's,Medium,3
S1074,Ali,Davis,student74@university.edu,Male,20,Mathematics,69.73,69.19,87.88,61.28,82.62,70.4,73.7,71.872,C,8.9,No,No,Master's,Low,3
S1075,Sara,Smith,student75@university.edu,Female,20,CS,93.96,66.74,97.77,96.83,65.51,9.9,95.43,83.262,B,7.3,Yes,Yes,Master's,Low,10
S1076,John,Johnson,student76@university.edu,Female,24,Mathematics,67.13,98.39,64.64,82.76,78.94,91.6,83.92,80.42,B,9.2,Yes,Yes,PhD,High,1
S1077,Emma,Williams,student77@university.edu,Female,24,CS,81.33,78.01,48.54,76.59,56.32,80.8,91.8,72.943,C,9.8,Yes,Yes,Bachelor's,Medium,10
S1078,John,Jones,student78@university.edu,Male,21,Mathematics,78.02,78.95,62.7,82.89,82.18,25.6,63.35,66.849,D,1.4,Yes,No,None,Medium,6
S1079,Ahmed,Williams,student79@university.edu,Female,21,CS,65.57,99.63,91.58,67.83,82.81,87.3,58.86,80.646,B,6.7,Yes,Yes,None,Low,3
S1080,Emma,Jones,student80@university.edu,Female,21,Engineering,65.19,97.17,61.62,52.18,50.1,53.0,94.23,69.266,D,7.8,Yes,No,High School,Medium,9
S1081,Ahmed,Johnson,student81@university.edu,Male,24,Business,97.33,88.85,46.84,67.74,52.21,42.0,64.14,65.576,D,5.4,No,Yes,Master's,Medium,4
S1082,Liam,Davis,student82@university.edu,Female,20,Mathematics,79.41,83.27,79.92,62.14,69.9,41.5,76.12,71.474,C,8.0,Yes,Yes,Bachelor's,High,5
S1083,Ahmed,Brown,student83@university.edu,Female,24,CS,87.39,67.55,77.25,85.39,96.41,51.6,77.06,78.133,C,9.8,No,No,PhD,High,6
S1084,Ali,Smith,student84@university.edu,Male,24,CS,60.32,67.29,51.12,88.44,60.07,84.4,78.78,66.952,D,4.8,Yes,Yes,High School,Low,6
S1085,John,Smith,student85@university.edu,Male,18,Mathematics,65.59,72.34,97.61,55.2,79.52,96.2,42.65,70.495,C,1.3,No,Yes,Bachelor's,Low,6
S1086,John,Smith,student86@university.edu,Male,23,CS,79.03,78.18,49.88,97.23,51.12,20.1,76.5,67.428,D,8.0,Yes,Yes,None,Medium,4
S1087,Emma,Jones,student87@university.edu,Male,22,CS,59.89,83.65,75.37,85.26,55.03,75.0,61.57,70.999,C,6.0,No,Yes,Bachelor's,High,9
S1088,Omar,Davis,student88@university.edu,Female,23,Engineering,63.05,55.41,66.26,68.62,65.86,48.3,55.62,61.263,D,5.1,Yes,Yes,PhD,Medium,2
S1089,John,Smith,student89@university.edu,Male,20,CS,99.65,82.54,92.98,58.25,99.0,95.5,68.12,86.338,B,4.3,Yes,Yes,None,High,4
S1090,Emma,Brown,student90@university.edu,Female,18,CS,75.12,46.21,45.35,91.73,64.54,61.2,76.28,56.874,E,1.5,No,Yes,None,High,3
S1091,Sara,Smith,student91@university.edu,Female,18,Mathematics,98.61,87.76,94.23,64.63,91.82,50.1,46.08,74.917,C,6.8,No,No,High School,High,10
S1092,Liam,Jones,student92@university.edu,Male,21,CS,70.89,44.56,92.11,92.01,73.99,69.8,58.58,69.079,D,2.5,Yes,Yes,Master's,High,7
S1093,Ali,Jones,student93@university.edu,Female,21,Mathematics,58.44,67.77,46.19,57.66,76.65,77.2,64.66,64.123,D,7.9,No,Yes,High School,Medium,4
S1094,Liam,Jones,student94@university.edu,Male,19,CS,76.91,95.05,47.05,83.52,91.81,22.6,81.92,67.182,D,3.0,No,No,PhD,Medium,9
S1095,Sara,Jones,student95@university.edu,Female,22,Business,73.8,89.53,49.62,86.45,98.07,60.2,72.93,70.436,C,1.6,No,Yes,PhD,Low,2
S1096,Emma,Johnson,student96@university.edu,Female,24,Engineering,66.18,48.5,85.28,78.25,94.29,48.0,50.48,68.744,D,3.6,Yes,Yes,PhD,High,2
S1097,John,Davis,student97@university.edu,Male,19,CS,72.47,90.35,47.37,66.18,81.5,83.0,97.7,67.926,D,2.3,No,Yes,None,Low,9
S1098,Sara,Williams,student98@university.edu,Male,24,Mathematics,72.55,81.1,59.6,59.78,82.99,42.2,67.19,60.226,D,6.4,No,Yes,PhD,Medium,5
S1099,John,Jones,student99@university.edu,Female,22,CS,52.75,78.55,94.25,88.27,68.07,26.9,63.46,77.348,C,10.0,Yes,Yes,Master's,Low,8
S1100,Omar,Jones,student100@university.edu,Female,21,Engineering,64.47,63.51,50.38,73.55,81.19,27.7,97.65,65.386,D,6.3,No,Yes,Master's,Medium,6
S1101,John,Davis,student101@university.edu,Male,23,Business,64.89,56.49,57.73,60.14,85.63,86.6,81.13,57.628,E,7.2,Yes,Yes,None,Medium,5
S1102,Emma,Williams,student102@university.edu,Male,23,CS,71.55,62.64,65.35,52.59,66.61,14.3,92.09,65.762,D,10.0,Yes,Yes,PhD,Medium,10
S1103,Sara,Jones,student103@university.edu,Female,24,Business,54.3,87.16,80.24,74.48,69.56,26.9,59.31,71.757,C,8.4,Yes,Yes,None,High,7
S1104,John,Brown,student104@university.edu,Male,19,Mathematics,77.35,64.98,78.04,78.98,77.04,95.3,45.46,66.36,D,1.9,No,Yes,None,Medium,6
S1105,Ahmed,Brown,student105@university.edu,Female,21,Engineering,69.25,82.55,44.47,65.72,63.1,26.8,52.42,56.313,E,6.9,No,Yes,None,Low,9
S1106,Maria,Smith,student106@university.edu,Female,21,Business,67.97,89.35,75.69,87.67,83.77,47.8,77.47,70.23,C,2.4,Yes,Yes,None,High,2
S1107,Emma,Jones,student107@university.edu,Female,21,CS,73.44,80.56,87.76,68.69,63.5,7.4,97.04,72.758,C,6.7,No,Yes,Master's,High,9
S1108,Omar,Jones,student108@university.edu,Male,19,Engineering,56.53,80.3,57.36,94.25,65.21,12.6,92.36,70.525,C,9.5,Yes,Yes,None,Low,3
S1109,Omar,Davis,student109@university.edu,Female,18,CS,82.3,89.14,61.91,90.67,80.97,91.1,62.33,76.033,C,9.7,Yes,Yes,None,Low,4
S1110,Liam,Jones,student110@university.edu,Male,18,Mathematics,84.05,92.17,63.87,92.83,69.29,4.3,65.57,65.479,D,3.6,Yes,Yes,None,Medium,5
S1111,Emma,Williams,student111@university.edu,Female,23,CS,53.32,51.68,44.84,98.63,71.82,7.2,98.92,59.196,E,8.0,Yes,No,Bachelor's,High,5
S1112,Ali,Jones,student112@university.edu,Male,22,Mathematics,86.37,96.79,77.29,57.05,83.47,25.9,93.15,71.867,C,8.6,Yes,Yes,Master's,Medium,9
S1113,Sara,Johnson,student113@university.edu,Female,19,Business,55.25,90.2,70.36,87.99,88.22,32.9,93.79,70.746,C,1.8,No,Yes,PhD,Medium,3
S1114,Ali,Smith,student114@university.edu,Male,21,Mathematics,86.97,98.72,41.06,87.22,59.04,68.6,68.1,66.414,D,5.4,No,Yes,None,Low,5
S1115,Liam,Williams,student115@university.edu,Male,24,CS,74.68,60.02,54.73,65.07,89.09,57.3,40.23,66.29,D,6.5,No,Yes,PhD,Medium,8
S1116,John,Brown,student116@university.edu,Male,19,Mathematics,71.49,88.47,84.86,80.81,72.76,5.4,50.19,66.325,D,3.3,No,Yes,Bachelor's,Medium,7
S1117,Ali,Davis,student117@university.edu,Female,24,Engineering,66.56,82.06,71.65,79.48,62.25,75.1,96.61,76.548,C,7.8,Yes,Yes,Bachelor's,Low,7
S1118,Maria,Jones,student118@university.edu,Male,18,CS,68.17,94.64,63.23,96.07,56.88,86.1,63.34,69.359,D,9.7,No,Yes,None,High,2
S1119,John,Smith,student119@university.edu,Male,21,Business,80.1,41.34,79.04,65.51,88.55,71.6,76.45,65.894,D,7.4,Yes,Yes,Bachelor's,Medium,7
S1120,Maria,Jones,student120@university.edu,Female,20,Business,53.24,52.75,58.0,82.79,99.58,58.5,66.93,58.0,E,3.8,No,No,PhD,Low,3
S1121,Sara,Johnson,student121@university.edu,Female,23,Engineering,75.42,66.33,49.79,88.62,61.06,16.1,94.99,66.72,D,9.1,No,Yes,Bachelor's,Medium,9
S1122,Sara,Smith,student122@university.edu,Male,22,Engineering,91.62,41.24,51.94,73.04,94.76,35.0,53.29,60.053,D,5.7,No,Yes,Master's,High,9
S1123,Omar,Smith,student123@university.edu,Male,18,Business,87.72,77.68,96.28,75.68,78.32,16.3,89.43,73.649,C,1.4,No,Yes,None,Low,7
S1124,Omar,Davis,student124@university.edu,Female,24,CS,56.12,81.76,51.32,90.98,72.39,43.5,99.72,67.576,D,1.5,Yes,No,None,High,10
S1125,John,Jones,student125@university.edu,Male,19,Mathematics,53.32,52.14,59.49,81.14,75.65,43.9,59.84,63.7,D,7.3,No,Yes,None,Low,10
S1126,Emma,Davis,student126@university.edu,Male,19,Engineering,91.09,52.93,88.73,67.64,86.09,28.7,73.94,69.038,D,8.6,Yes,Yes,High School,Low,3
S1127,Maria,Johnson,student127@university.edu,Male,23,Engineering,76.27,93.98,93.29,57.03,55.04,14.6,75.21,78.346,C,7.9,No,Yes,High School,High,10
S1128,Liam,Jones,student128@university.edu,Female,18,Business,70.68,88.38,42.88,89.75,81.42,54.2,93.85,66.311,D,2.2,No,Yes,Master's,High,8
S1129,Emma,Brown,student129@university.edu,Female,23,CS,70.07,85.46,82.54,91.14,59.67,43.8,40.67,69.453,D,6.1,No,Yes,None,High,1
S1130,Emma,Johnson,student130@university.edu,Male,19,CS,94.68,62.32,62.09,57.48,59.44,19.7,97.12,64.235,D,7.0,No,Yes,PhD,Medium,1
S1131,Liam,Johnson,student131@university.edu,Female,18,Business,77.61,59.91,68.22,63.41,70.55,34.8,48.82,62.123,D,9.7,No,Yes,None,High,10
S1132,Ali,Williams,student132@university.edu,Male,18,Mathematics,59.38,94.32,58.71,88.63,91.66,46.6,75.36,72.339,C,7.1,No,Yes,Master's,High,10
S1133,John,Davis,student133@university.edu,Female,18,Business,80.39,76.74,78.87,69.4,67.55,27.1,59.1,66.317,D,2.4,Yes,Yes,High School,High,6
S1134,Ali,Johnson,student134@university.edu,Female,23,Business,68.05,49.62,85.99,75.06,58.87,91.1,73.14,72.244,C,7.8,No,Yes,PhD,High,2
S1135,Maria,Brown,student135@university.edu,Female,23,Mathematics,53.66,56.6,72.9,91.25,95.09,39.6,88.42,68.372,D,4.2,No,No,PhD,Medium,5
S1136,Liam,Davis,student136@university.edu,Female,18,Engineering,66.25,89.97,43.07,80.84,59.43,52.3,83.72,59.292,E,2.0,No,Yes,High School,Medium,6
S1137,Sara,Johnson,student137@university.edu,Male,18,CS,64.32,49.69,50.46,65.47,69.75,68.5,40.63,59.316,E,6.0,Yes,Yes,None,Medium,1
S1138,Omar,Jones,student138@university.edu,Female,19,Business,83.19,72.05,97.47,96.29,82.62,43.0,49.36,80.399,B,8.3,Yes,Yes,High School,Low,10
S1139,Liam,Jones,student139@university.edu,Female,18,Engineering,51.15,85.36,68.26,51.36,79.13,43.3,98.22,69.487,D,8.5,Yes,Yes,Bachelor's,Medium,8
S1140,Liam,Brown,student140@university.edu,Male,21,Mathematics,88.15,41.27,42.09,60.66,52.65,10.9,91.96,50.213,E,1.5,No,Yes,None,Low,2
S1141,Ali,Jones,student141@university.edu,Female,24,Mathematics,89.97,91.77,88.56,74.81,74.62,98.4,93.76,82.427,B,7.9,Yes,Yes,PhD,Medium,9
S1142,Liam,Williams,student142@university.edu,Female,19,CS,97.2,61.97,40.24,99.55,50.92,85.1,56.17,63.025,D,9.5,No,Yes,Bachelor's,Medium,3
S1143,John,Smith,student143@university.edu,Female,21,Business,93.31,97.08,97.92,61.65,53.71,59.2,89.09,76.928,C,4.6,Yes,Yes,PhD,Medium,8
S1144,Ahmed,Williams,student144@university.edu,Female,20,CS,71.72,92.69,40.89,85.59,59.44,29.6,85.34,58.613,E,1.2,No,Yes,Master's,Medium,5
S1145,Maria,Davis,student145@university.edu,Female,21,Business,91.73,61.22,52.13,70.08,52.32,43.3,58.69,52.501,E,3.0,Yes,Yes,Master's,Medium,6
S1146,Emma,Johnson,student146@university.edu,Male,22,Engineering,94.77,86.95,96.81,57.43,73.79,76.2,58.85,76.537,C,9.6,No,Yes,None,High,2
S1147,Ali,Jones,student147@university.edu,Male,18,Business,99.75,59.56,49.48,79.26,65.45,54.4,67.01,53.739,E,1.5,Yes,Yes,None,Low,2
S1148,Omar,Jones,student148@university.edu,Female,22,CS,54.81,53.73,52.78,97.8,97.36,50.1,71.93,68.027,D,7.4,No,No,Bachelor's,Low,10
S1149,John,Brown,student149@university.edu,Male,24,Mathematics,91.36,55.33,40.56,97.62,54.23,72.4,62.56,58.787,E,7.1,No,Yes,Master's,Medium,4
S1150,Omar,Williams,student150@university.edu,Female,22,CS,59.01,65.54,42.7,64.88,83.67,51.9,48.82,48.414,F,2.3,No,Yes,High School,Medium,8
S1151,Maria,Smith,student151@university.edu,Male,20,CS,88.61,86.84,56.42,80.66,87.41,47.1,80.05,64.729,D,2.1,Yes,Yes,None,Medium,2
S1152,Omar,Smith,student152@university.edu,Female,22,Engineering,69.52,42.76,54.7,55.28,77.37,10.4,85.4,53.308,E,8.0,Yes,Yes,None,Low,7
S1153,Maria,Williams,student153@university.edu,Female,24,Business,86.92,78.28,82.79,97.54,79.0,69.3,95.89,77.663,C,1.1,Yes,Yes,None,Low,3
S1154,John,Davis,student154@university.edu,Male,21,CS,89.04,51.31,79.93,93.55,94.87,95.3,64.7,70.937,C,6.9,No,Yes,None,Low,1
S1155,Liam,Brown,student155@university.edu,Female,21,Mathematics,61.44,44.14,88.18,80.13,86.56,13.1,89.04,73.95,C,5.4,Yes,Yes,High School,Medium,8
S1156,Ali,Brown,student156@university.edu,Male,24,Business,89.77,91.0,57.67,96.3,89.46,97.4,73.15,69.126,D,4.4,No,Yes,Master's,Low,7
S1157,Sara,Smith,student157@university.edu,Female,22,Mathematics,53.68,60.1,51.5,81.23,99.7,26.2,53.31,56.881,E,3.4,No,Yes,Bachelor's,Medium,10
S1158,Liam,Williams,student158@university.edu,Male,21,Mathematics,81.08,78.8,60.43,80.36,97.1,9.5,40.04,62.761,D,2.9,No,Yes,None,High,7
S1159,Sara,Williams,student159@university.edu,Male,20,Engineering,58.19,95.21,50.38,94.19,84.68,30.7,90.65,68.261,D,5.2,No,Yes,High School,High,6
S1160,Ahmed,Smith,student160@university.edu,Male,22,Mathematics,91.75,55.26,53.86,88.67,55.61,56.4,65.48,60.815,D,4.4,No,Yes,Master's,Low,6
S1161,Omar,Jones,student161@university.edu,Female,21,Business,70.07,76.87,77.26,83.83,55.77,27.2,76.25,69.648,D,8.9,Yes,Yes,None,High,7
S1162,Emma,Smith,student162@university.edu,Male,22,Engineering,93.6,75.78,62.12,64.51,60.3,81.6,42.79,51.71,E,1.7,No,Yes,Master's,High,3
S1163,Omar,Williams,student163@university.edu,Female,20,Mathematics,65.73,55.23,74.83,53.06,50.17,73.7,65.1,61.724,D,1.8,No,Yes,PhD,High,7
S1164,John,Smith,student164@university.edu,Male,22,CS,51.49,99.08,87.91,56.44,95.33,14.9,69.81,70.305,C,3.4,Yes,Yes,PhD,Low,4
S1165,Liam,Brown,student165@university.edu,Male,18,Engineering,78.81,60.17,53.57,94.19,66.07,32.3,93.9,68.657,D,9.8,Yes,No,Master's,Low,5
S1166,Ahmed,Smith,student166@university.edu,Male,18,Business,56.66,95.5,41.84,80.39,68.89,90.3,43.46,65.043,D,7.2,Yes,Yes,Master's,High,4
S1167,Ahmed,Brown,student167@university.edu,Male,20,Mathematics,94.9,57.34,55.54,98.95,84.64,19.6,55.38,58.797,E,2.8,Yes,Yes,Master's,Medium,10
S1168,Liam,Brown,student168@university.edu,Female,21,CS,52.96,66.89,82.76,67.18,67.24,25.1,93.41,65.762,D,1.9,No,Yes,Bachelor's,Medium,3
S1169,Liam,Williams,student169@university.edu,Male,21,Engineering,55.2,92.72,89.48,53.96,61.13,57.7,58.01,71.219,C,7.0,Yes,Yes,None,Medium,5
S1170,John,Davis,student170@university.edu,Male,23,Business,87.14,47.95,93.21,78.71,81.57,9.0,81.72,65.116,D,1.9,No,Yes,None,High,7
S1171,Maria,Johnson,student171@university.edu,Male,19,Business,77.08,93.76,84.14,84.51,89.2,46.1,62.22,78.61,C,9.2,No,Yes,PhD,High,1
S1172,Liam,Williams,student172@university.edu,Male,18,CS,98.77,73.93,63.9,74.55,78.89,76.1,82.95,69.937,D,8.8,Yes,Yes,PhD,Medium,9
S1173,Ahmed,Johnson,student173@university.edu,Female,20,Business,80.63,67.04,95.39,51.42,86.75,60.1,55.49,71.475,C,5.7,No,Yes,Master's,Low,1
S1174,Ahmed,Smith,student174@university.edu,Male,19,Engineering,51.79,41.26,51.25,58.7,68.16,69.0,88.65,62.842,D,8.7,No,Yes,Bachelor's,Medium,2
S1175,Liam,Davis,student175@university.edu,Male,18,CS,87.93,97.37,43.59,69.35,87.94,47.4,48.66,66.348,D,5.9,No,Yes,Bachelor's,Low,2
S1176,Ali,Johnson,student176@university.edu,Female,18,CS,80.36,40.94,91.8,66.72,74.11,70.7,75.21,76.036,C,5.5,No,Yes,Master's,Medium,3
S1177,Ahmed,Jones,student177@university.edu,Female,19,CS,61.91,55.78,97.06,85.45,75.74,1.4,83.93,69.977,D,1.1,Yes,No,None,Medium,5
S1178,Maria,Williams,student178@university.edu,Male,18,Business,86.27,59.4,51.6,56.79,99.51,32.9,80.95,59.817,E,6.5,No,Yes,High School,Medium,4
S1179,John,Brown,student179@university.edu,Female,20,CS,58.44,87.98,65.99,55.1,62.85,53.0,75.98,71.113,C,8.7,No,Yes,High School,Medium,9
S1180,Emma,Smith,student180@university.edu,Female,23,Business,51.42,72.32,59.1,59.66,64.91,75.4,93.07,67.267,D,9.0,Yes,Yes,None,High,3
S1181,Liam,Brown,student181@university.edu,Female,18,Mathematics,82.06,98.1,79.01,74.77,85.09,69.9,53.53,72.999,C,3.9,Yes,Yes,None,High,4
S1182,Sara,Smith,student182@university.edu,Female,24,Business,72.06,62.04,60.58,85.23,68.01,39.0,65.43,61.287,D,1.4,Yes,Yes,PhD,Low,6
S1183,Sara,Smith,student183@university.edu,Male,19,Business,53.76,74.21,78.58,79.7,64.19,24.7,68.77,69.237,D,8.4,No,Yes,PhD,Medium,7
S1184,Omar,Davis,student184@university.edu,Male,20,Mathematics,52.15,45.16,99.78,69.47,69.82,63.2,93.04,74.509,C,6.3,Yes,Yes,Bachelor's,Medium,1
S1185,John,Davis,student185@university.edu,Female,20,Business,64.53,88.79,72.98,55.23,53.22,69.2,68.32,70.551,C,5.7,No,Yes,PhD,Medium,3
S1186,Liam,Smith,student186@university.edu,Male,21,Business,79.16,91.07,61.25,86.54,52.67,81.4,62.51,70.06,C,5.1,Yes,Yes,Master's,Low,4
S1187,Ahmed,Brown,student187@university.edu,Male,24,Mathematics,56.6,76.12,49.77,78.32,51.25,5.3,97.36,63.722,D,8.1,Yes,Yes,Master's,Medium,4
S1188,Liam,Williams,student188@university.edu,Female,21,Mathematics,93.55,96.67,45.63,90.55,60.03,98.4,99.49,79.387,C,7.4,Yes,Yes,High School,Medium,6
S1189,Ali,Davis,student189@university.edu,Male,19,Business,55.65,84.86,67.29,97.3,88.83,42.6,45.11,73.595,C,8.0,Yes,Yes,None,High,9
S1190,Ali,Davis,student190@university.edu,Male,18,Engineering,64.84,44.92,52.4,85.15,82.36,71.7,80.63,55.969,E,3.1,Yes,Yes,Bachelor's,Low,10
S1191,Maria,Jones,student191@university.edu,Female,23,CS,72.97,58.19,81.48,55.62,95.13,56.7,84.46,71.4,C,6.3,Yes,Yes,High School,Medium,9
S1192,John,Davis,student192@university.edu,Female,18,Business,92.6,94.2,89.17,78.41,65.01,63.6,88.68,84.822,B,6.2,No,Yes,None,High,9
S1193,Ahmed,Jones,student193@university.edu,Female,19,Engineering,78.37,42.81,48.3,52.46,61.65,21.3,94.97,51.869,E,8.8,Yes,Yes,PhD,Low,1
S1194,Ali,Johnson,student194@university.edu,Female,22,Business,92.31,79.27,66.41,59.52,66.79,22.1,54.18,59.356,E,1.5,No,Yes,None,Medium,8
S1195,Ali,Brown,student195@university.edu,Female,22,Mathematics,69.89,54.49,78.89,64.45,96.6,56.1,78.7,64.738,D,1.1,No,Yes,Master's,Low,4
S1196,Maria,Johnson,student196@university.edu,Female,24,Engineering,86.93,55.38,87.13,92.3,51.8,73.0,67.46,68.039,D,1.8,Yes,Yes,High School,Medium,8
S1197,John,Davis,student197@university.edu,Female,24,Business,93.59,79.08,88.76,60.63,68.24,9.5,47.17,69.575,D,7.8,Yes,Yes,Bachelor's,Medium,1
S1198,Maria,Brown,student198@university.edu,Female,18,CS,68.5,73.11,52.11,79.52,68.15,31.0,51.87,64.787,D,7.6,No,Yes,Master's,Low,1
S1199,Emma,Johnson,student199@university.edu,Female,19,CS,71.44,44.09,45.0,56.79,90.3,44.0,98.49,59.55,E,8.0,Yes,No,Master's,Low,1
S1200,Ahmed,Williams,student200@university.edu,Male,24,Business,57.16,52.97,78.28,98.09,70.9,12.1,61.92,68.596,D,8.0,Yes,Yes,High School,Medium,8
S1201,Maria,Smith,student201@university.edu,Male,21,Mathematics,62.62,61.72,62.21,85.45,90.47,1.9,97.28,69.756,D,7.5,No,Yes,High School,Medium,6
S1202,John,Brown,student202@university.edu,Male,19,Engineering,93.26,62.34,42.61,54.5,75.47,6.2,51.58,49.335,F,8.0,No,Yes,Master's,Medium,1
S1203,Emma,Smith,student203@university.edu,Female,18,CS,67.87,43.61,50.19,73.31,58.09,35.5,50.89,53.264,E,7.9,No,Yes,PhD,Medium,7
S1204,Sara,Davis,student204@university.edu,Female,20,Engineering,97.5,96.12,92.31,99.99,95.05,11.7,51.13,81.175,B,8.2,No,Yes,High School,Medium,2
S1205,Ahmed,Williams,student205@university.edu,Male,22,CS,69.6,40.79,84.0,76.29,80.82,92.1,56.29,63.266,D,1.3,No,Yes,Master's,High,9
S1206,Maria,Smith,student206@university.edu,Male,19,Business,83.54,89.8,51.27,80.94,89.22,23.8,99.94,70.892,C,6.0,Yes,Yes,Master's,Medium,2
S1207,Liam,Brown,student207@university.edu,Male,20,CS,51.9,81.69,74.98,88.4,78.75,2.0,74.18,67.385,D,7.3,No,Yes,None,Medium,8
S1208,Sara,Smith,student208@university.edu,Male,19,Mathematics,69.59,90.94,88.8,75.56,51.99,66.5,79.38,74.762,C,8.1,No,Yes,High School,Low,5
S1209,Omar,Williams,student209@university.edu,Male,20,Mathematics,91.45,51.03,52.41,60.82,69.66,22.7,78.26,58.83,E,6.1,No,Yes,Bachelor's,Low,3
S1210,Liam,Brown,student210@university.edu,Female,20,Business,74.53,94.61,73.06,57.53,82.85,18.4,74.52,69.081,D,8.8,No,No,Master's,Low,1
S1211,Ahmed,Smith,student211@university.edu,Male,21,Business,97.29,58.01,81.51,81.87,70.51,39.0,90.92,78.343,C,9.4,No,Yes,High School,Medium,9
S1212,Sara,Brown,student212@university.edu,Female,20,CS,50.16,73.03,78.55,95.91,68.28,98.3,72.58,79.499,C,8.1,No,Yes,PhD,Low,3
S1213,Emma,Brown,student213@university.edu,Female,18,CS,78.94,76.76,64.72,87.13,69.07,30.4,40.55,64.733,D,8.2,No,Yes,High School,Low,7
S1214,Omar,Jones,student214@university.edu,Male,19,Mathematics,88.42,42.56,99.48,80.01,79.95,77.8,50.15,76.85,C,4.4,Yes,Yes,PhD,Low,8
S1215,Liam,Smith,student215@university.edu,Male,18,Business,88.93,99.11,40.09,91.2,54.2,6.6,63.65,64.557,D,9.7,No,Yes,PhD,Medium,1
S1216,Sara,Davis,student216@university.edu,Male,24,CS,90.84,94.85,81.37,68.13,71.73,66.1,62.44,76.613,C,5.3,Yes,Yes,High School,High,2
S1217,Sara,Smith,student217@university.edu,Male,20,Business,91.59,95.56,47.23,64.54,90.62,88.4,67.34,66.311,D,2.5,No,Yes,Bachelor's,Medium,6
S1218,Omar,Smith,student218@university.edu,Female,21,CS,90.78,69.79,97.82,71.74,56.62,98.2,64.55,76.852,C,4.8,Yes,Yes,None,High,2
S1219,Omar,Davis,student219@university.edu,Male,23,CS,76.6,46.15,48.09,94.91,85.59,11.9,83.36,64.172,D,3.3,Yes,Yes,None,High,3
S1220,Liam,Williams,student220@university.edu,Male,22,Engineering,98.4,81.87,72.63,83.11,55.44,85.0,99.04,71.655,C,7.3,No,Yes,Bachelor's,Medium,3
S1221,Emma,Smith,student221@university.edu,Male,22,CS,72.08,40.42,93.89,70.88,80.82,62.3,71.96,66.526,D,6.5,No,Yes,Bachelor's,Medium,9
S1222,Ali,Johnson,student222@university.edu,Male,24,Mathematics,75.23,51.45,62.51,52.49,91.42,81.5,52.73,62.291,D,7.7,Yes,Yes,PhD,Low,7
S1223,Emma,Johnson,student223@university.edu,Male,23,Mathematics,55.99,54.31,99.75,76.3,92.46,85.3,49.2,76.295,C,3.0,No,Yes,Master's,Medium,8
S1224,Ali,Jones,student224@university.edu,Female,19,Business,81.05,54.44,69.17,68.31,73.0,20.3,56.19,56.441,E,1.2,No,Yes,High School,Low,9
S1225,Omar,Jones,student225@university.edu,Male,20,Mathematics,78.34,41.81,96.61,81.54,86.99,63.4,97.5,77.573,C,4.7,Yes,Yes,Bachelor's,Low,6
S1226,Sara,Williams,student226@university.edu,Female,19,CS,59.25,41.81,76.66,63.9,79.5,9.0,73.64,65.903,D,7.5,No,Yes,Bachelor's,Medium,10
S1227,Ahmed,Williams,student227@university.edu,Male,22,CS,54.11,60.16,71.5,65.92,64.71,46.9,44.92,58.987,E,4.5,Yes,Yes,None,Medium,1
S1228,Omar,Brown,student228@university.edu,Female,18,Engineering,88.52,98.81,60.37,80.36,99.37,59.7,64.0,72.602,C,3.6,No,Yes,Master's,Low,9
S1229,Ali,Johnson,student229@university.edu,Male,23,Mathematics,59.7,88.34,42.12,76.84,50.67,78.9,48.33,58.866,E,3.9,No,Yes,Master's,Low,8
S1230,Maria,Johnson,student230@university.edu,Female,20,Engineering,74.48,97.69,86.48,50.2,58.05,12.2,53.38,60.512,D,4.3,Yes,Yes,Bachelor's,Medium,4
S1231,Maria,Davis,student231@university.edu,Male,18,CS,64.33,81.8,41.04,85.77,78.61,19.4,70.81,64.889,D,9.3,Yes,Yes,Master's,Low,1
S1232,John,Smith,student232@university.edu,Male,20,Business,83.59,40.63,68.37,78.71,82.44,71.0,99.41,68.159,D,3.2,No,Yes,PhD,Low,5
S1233,Maria,Johnson,student233@university.edu,Male,21,CS,55.43,49.85,89.05,74.37,56.68,31.6,86.62,62.38,D,2.5,Yes,Yes,Bachelor's,Medium,6
S1234,Liam,Davis,student234@university.edu,Male,18,Mathematics,96.69,98.69,80.56,77.02,71.88,55.0,57.04,76.326,C,9.1,Yes,Yes,None,Medium,6
S1235,Maria,Davis,student235@university.edu,Female,21,CS,71.8,46.13,92.56,99.55,70.77,27.3,47.24,73.245,C,9.6,No,Yes,None,Low,1
S1236,Maria,Davis,student236@university.edu,Female,23,Engineering,61.1,53.01,71.02,56.97,88.38,84.4,85.0,63.454,D,4.3,No,Yes,Bachelor's,Medium,3
S1237,Emma,Davis,student237@university.edu,Female,24,Mathematics,56.38,82.63,57.06,63.08,86.05,69.0,52.82,64.74,D,1.1,Yes,Yes,High School,High,4
S1238,Ali,Johnson,student238@university.edu,Male,22,CS,61.68,68.66,92.15,80.89,72.0,41.3,86.86,76.296,C,9.1,Yes,Yes,Master's,Medium,10
S1239,John,Williams,student239@university.edu,Male,18,Mathematics,54.15,71.45,91.29,71.99,65.76,63.3,67.8,81.204,B,9.7,Yes,Yes,Bachelor's,Medium,8
S1240,John,Brown,student240@university.edu,Male,21,Mathematics,50.08,90.74,57.76,93.71,77.72,93.1,62.79,68.71,D,2.9,Yes,No,Bachelor's,Low,5
S1241,Omar,Smith,student241@university.edu,Male,20,Engineering,87.55,45.74,45.14,66.79,99.99,73.6,67.85,61.312,D,5.1,No,Yes,None,Low,5
S1242,John,Williams,student242@university.edu,Female,22,Engineering,84.55,65.77,55.72,76.96,67.9,97.2,51.06,67.969,D,8.3,Yes,Yes,Master's,High,4
S1243,Maria,Jones,student243@university.edu,Male,23,CS,73.4,74.32,86.96,64.1,71.7,4.9,85.28,69.456,D,2.9,No,Yes,High School,Medium,6
S1244,Maria,Davis,student244@university.edu,Female,18,Mathematics,81.17,87.83,55.46,55.3,60.04,26.1,80.04,56.884,E,8.3,Yes,Yes,Master's,Low,1
S1245,Ali,Jones,student245@university.edu,Male,22,Mathematics,72.77,45.7,59.41,70.29,50.94,16.6,89.3,54.578,E,4.6,No,Yes,Bachelor's,Medium,5
S1246,Omar,Jones,student246@university.edu,Male,21,Engineering,62.72,62.02,64.82,95.38,86.15,85.4,85.27,71.07,C,9.3,No,Yes,PhD,High,5
S1247,Liam,Smith,student247@university.edu,Male,19,Business,98.83,53.85,53.3,89.4,74.51,99.8,62.78,67.413,D,7.3,Yes,Yes,PhD,Medium,6
S1248,John,Williams,student248@university.edu,Female,24,Engineering,95.5,80.11,41.36,61.11,92.67,51.3,67.74,61.232,D,8.2,No,Yes,PhD,Low,7
S1249,Ahmed,Smith,student249@university.edu,Female,24,CS,75.17,43.76,56.13,82.27,60.57,60.7,44.4,59.656,E,8.9,Yes,Yes,PhD,Medium,2
S1250,Ali,Johnson,student250@university.edu,Male,23,Mathematics,62.82,96.52,63.58,82.28,91.83,90.8,74.43,78.255,C,1.8,No,Yes,High School,Low,7
S1251,Ali,Davis,student251@university.edu,Female,19,CS,90.5,48.21,41.22,84.4,86.61,25.6,93.06,64.274,D,1.9,No,Yes,Master's,Low,1
S1252,Omar,Jones,student252@university.edu,Female,24,Engineering,93.38,61.66,63.9,55.11,61.41,86.6,40.02,56.756,E,7.2,Yes,Yes,High School,Low,7
S1253,John,Williams,student253@university.edu,Female,20,CS,93.4,70.02,40.05,63.09,55.37,53.8,71.68,60.057,D,9.4,Yes,Yes,PhD,Low,6
S1254,John,Davis,student254@university.edu,Male,20,CS,71.12,42.72,67.42,57.93,50.75,49.6,58.52,50.358,E,1.1,No,Yes,Master's,High,3
S1255,Ahmed,Brown,student255@university.edu,Female,22,CS,84.55,70.46,70.89,58.3,61.39,49.1,53.17,62.572,D,5.8,No,No,High School,Low,6
S1256,Omar,Johnson,student256@university.edu,Male,21,CS,93.95,96.44,57.51,99.86,92.2,16.4,43.94,65.829,D,3.7,No,No,None,Low,10
S1257,Liam,Williams,student257@university.edu,Male,22,CS,65.14,56.77,57.1,68.33,75.67,45.7,99.6,62.846,D,7.5,No,Yes,Master's,Medium,8
S1258,Ahmed,Jones,student258@university.edu,Male,18,Mathematics,57.67,42.77,66.66,83.63,90.65,79.3,70.28,66.727,D,8.3,Yes,No,PhD,High,10
S1259,Emma,Smith,student259@university.edu,Female,20,Engineering,69.94,53.17,98.62,98.48,88.53,43.9,80.79,76.225,C,4.0,No,Yes,None,Low,4
S1260,Ali,Williams,student260@university.edu,Male,20,Mathematics,59.61,97.91,90.13,54.16,60.68,78.9,45.32,69.216,D,9.0,No,Yes,None,Medium,5
S1261,Liam,Brown,student261@university.edu,Female,23,Mathematics,99.95,74.4,70.73,63.4,58.06,67.6,54.84,65.935,D,5.4,No,Yes,PhD,Medium,9
S1262,Maria,Jones,student262@university.edu,Male,20,Engineering,62.27,56.26,70.1,64.36,61.43,92.1,88.68,67.335,D,8.5,No,Yes,PhD,Low,3
S1263,Liam,Williams,student263@university.edu,Male,19,Mathematics,74.98,55.94,60.52,91.27,68.08,48.1,83.16,68.784,D,8.2,Yes,Yes,None,Low,4
S1264,Sara,Johnson,student264@university.edu,Male,24,CS,67.62,43.77,60.94,79.62,56.87,35.5,81.6,61.316,D,8.7,No,Yes,None,Low,5
S1265,Emma,Davis,student265@university.edu,Male,22,Mathematics,90.15,90.64,77.87,61.49,69.35,41.2,42.87,64.825,D,3.8,Yes,Yes,High School,Low,3
S1266,Omar,Smith,student266@university.edu,Male,23,Business,81.39,63.05,90.25,60.05,61.41,17.4,53.37,61.645,D,4.3,Yes,Yes,Master's,Medium,7
S1267,Liam,Brown,student267@university.edu,Male,21,CS,51.03,95.09,68.21,63.63,59.21,32.0,40.25,69.396,D,8.1,Yes,No,PhD,Low,10
S1268,Liam,Smith,student268@university.edu,Male,19,Engineering,99.12,77.59,80.96,55.21,78.18,28.2,64.52,62.467,D,3.7,Yes,Yes,Bachelor's,Medium,2
S1269,Emma,Johnson,student269@university.edu,Male,19,Business,99.75,93.61,48.83,57.02,99.3,57.5,61.29,67.633,D,2.6,No,Yes,None,High,5
S1270,Emma,Williams,student270@university.edu,Male,19,CS,94.54,65.92,74.97,64.78,73.46,73.6,78.75,68.557,D,6.9,No,Yes,High School,Medium,3
S1271,Omar,Davis,student271@university.edu,Female,21,CS,96.47,76.58,76.41,59.95,52.21,1.0,41.32,58.197,E,2.0,No,Yes,Bachelor's,Low,8
S1272,Liam,Davis,student272@university.edu,Male,22,Mathematics,51.21,53.41,57.81,89.36,94.95,46.3,59.08,62.353,D,5.4,Yes,Yes,Master's,Medium,7
S1273,John,Williams,student273@university.edu,Female,20,Mathematics,67.88,66.31,88.74,79.24,81.11,82.1,88.89,73.959,C,4.6,Yes,Yes,Master's,Low,4
S1274,Liam,Williams,student274@university.edu,Female,21,Business,74.08,51.0,42.76,77.04,68.37,11.8,82.84,58.187,E,8.4,Yes,Yes,High School,High,7
S1275,Emma,Jones,student275@university.edu,Female,21,Mathematics,62.21,65.1,50.28,77.91,68.94,80.8,60.41,65.976,D,9.0,No,Yes,Master's,Medium,8
S1276,John,Brown,student276@university.edu,Female,24,Mathematics,68.87,54.36,64.75,94.94,70.84,79.3,88.26,69.674,D,4.5,Yes,Yes,High School,Low,1
S1277,John,Johnson,student277@university.edu,Female,20,Engineering,92.37,71.8,68.37,95.83,84.59,95.5,97.16,84.859,B,6.8,Yes,Yes,None,Low,9
S1278,Emma,Davis,student278@university.edu,Male,21,CS,95.18,69.62,63.11,94.47,58.48,55.2,81.89,68.998,D,7.2,No,Yes,High School,Low,1
S1279,Ali,Williams,student279@university.edu,Male,24,Engineering,76.09,87.42,62.49,67.95,74.01,9.6,46.42,56.802,E,1.4,Yes,Yes,Master's,High,8
S1280,Omar,Smith,student280@university.edu,Female,24,CS,53.95,71.0,45.65,87.83,54.17,81.6,41.49,58.194,E,6.1,No,No,None,Low,3
S1281,Maria,Johnson,student281@university.edu,Female,19,Mathematics,65.52,84.35,80.83,83.28,77.37,14.3,93.39,79.699,C,7.4,No,Yes,Master's,Medium,4
S1282,Emma,Davis,student282@university.edu,Female,18,CS,90.43,61.09,75.28,58.16,74.8,11.7,44.69,59.689,E,1.5,Yes,Yes,Master's,Low,7
S1283,Liam,Davis,student283@university.edu,Male,19,Business,56.03,88.64,41.95,50.26,82.87,42.9,65.41,64.244,D,6.0,Yes,Yes,High School,Low,1
S1284,Sara,Williams,student284@university.edu,Female,24,Mathematics,72.31,96.24,62.82,86.81,89.48,87.1,47.68,73.429,C,8.1,Yes,Yes,None,High,7
S1285,Maria,Johnson,student285@university.edu,Female,22,Engineering,70.91,50.62,62.51,90.15,62.58,94.6,98.25,70.144,C,9.9,No,Yes,Master's,Medium,10
S1286,Ali,Smith,student286@university.edu,Female,22,Business,55.3,98.41,49.53,93.8,68.3,94.9,50.65,73.791,C,6.7,No,No,None,Medium,7
S1287,Ahmed,Williams,student287@university.edu,Male,21,CS,98.52,55.06,72.62,51.74,82.17,47.8,64.19,65.514,D,8.3,Yes,Yes,Bachelor's,High,10
S1288,Omar,Johnson,student288@university.edu,Female,20,Mathematics,59.24,40.05,44.95,59.27,81.61,43.2,47.49,47.618,F,7.8,No,Yes,Bachelor's,High,10
S1289,Omar,Davis,student289@university.edu,Male,23,Engineering,76.02,56.65,68.35,97.02,80.51,75.8,98.77,72.646,C,9.7,Yes,Yes,PhD,Medium,3
S1290,Ahmed,Davis,student290@university.edu,Male,19,Engineering,90.72,47.7,71.92,96.27,83.77,90.7,55.02,73.627,C,7.5,No,Yes,Master's,Medium,5
S1291,Liam,Davis,student291@university.edu,Female,24,CS,80.52,62.75,71.93,66.87,86.47,97.5,85.17,69.88,D,1.2,No,Yes,None,High,4
S1292,Ahmed,Brown,student292@university.edu,Female,21,Business,90.66,82.45,40.1,96.69,58.69,96.6,68.7,68.701,D,8.5,Yes,Yes,None,Medium,1
S1293,Ali,Brown,student293@university.edu,Female,21,Business,82.66,46.53,90.58,52.51,70.02,75.2,60.86,63.703,D,3.8,Yes,Yes,Master's,Low,5
S1294,Emma,Williams,student294@university.edu,Female,20,CS,68.99,94.38,83.36,91.32,54.05,60.0,83.37,78.209,C,7.2,No,Yes,Bachelor's,Medium,4
S1295,Ali,Davis,student295@university.edu,Male,18,Engineering,99.38,45.73,46.42,64.66,91.76,55.2,65.56,57.212,E,2.1,Yes,Yes,Bachelor's,Medium,1
S1296,Liam,Williams,student296@university.edu,Female,18,Business,62.66,53.01,77.47,98.3,75.26,13.1,57.4,61.126,D,2.4,Yes,Yes,None,High,4
S1297,Sara,Smith,student297@university.edu,Female,23,Business,64.09,85.89,83.23,67.35,58.53,31.1,46.93,70.555,C,4.8,Yes,Yes,None,High,4
S1298,Ahmed,Davis,student298@university.edu,Female,18,Mathematics,61.69,79.15,42.62,51.65,84.99,84.8,43.21,61.413,D,6.5,No,Yes,None,High,6
S1299,Liam,Brown,student299@university.edu,Female,24,Engineering,55.49,87.58,61.62,73.86,73.11,37.3,61.57,63.004,D,4.5,Yes,Yes,Master's,Low,3
S1300,Omar,Davis,student300@university.edu,Female,21,Engineering,58.11,90.35,56.34,67.81,81.06,5.7,63.03,59.722,E,4.1,No,Yes,None,Medium,3
S1301,Emma,Davis,student301@university.edu,Female,23,Business,77.29,42.26,56.27,82.57,74.36,41.8,52.05,57.354,E,5.9,Yes,Yes,PhD,Medium,7
S1302,John,Smith,student302@university.edu,Female,20,CS,93.88,70.68,41.74,72.56,74.25,33.1,55.86,54.89,E,9.4,No,Yes,Bachelor's,High,8
S1303,Sara,Brown,student303@university.edu,Male,18,Mathematics,93.71,46.91,67.21,76.3,92.94,99.3,59.8,68.835,D,2.9,No,Yes,None,Low,10
S1304,Maria,Davis,student304@university.edu,Female,23,Engineering,64.11,92.99,44.41,96.85,67.23,17.0,63.96,64.588,D,4.8,No,Yes,Bachelor's,High,6
S1305,Liam,Jones,student305@university.edu,Female,20,Engineering,70.08,74.39,56.35,98.13,82.95,65.1,63.89,71.185,C,9.2,Yes,Yes,PhD,Low,9
S1306,Omar,Brown,student306@university.edu,Female,19,CS,91.59,79.0,63.59,76.51,87.86,83.6,95.88,74.537,C,4.3,No,Yes,High School,Medium,1
S1307,Omar,Brown,student307@university.edu,Male,22,Mathematics,52.1,56.29,63.86,59.26,53.33,91.8,51.15,58.489,E,4.5,No,No,Master's,Medium,3
S1308,Ahmed,Smith,student308@university.edu,Male,23,Mathematics,80.7,48.3,82.8,81.49,58.85,88.1,93.63,67.4,D,3.0,No,Yes,PhD,Medium,10
S1309,Omar,Jones,student309@university.edu,Female,24,Business,98.72,80.57,64.88,74.65,85.3,37.0,62.77,71.284,C,6.4,No,Yes,None,Low,5
S1310,Maria,Johnson,student310@university.edu,Female,19,Mathematics,81.93,54.22,61.43,68.82,60.47,4.7,51.24,55.89,E,8.9,Yes,Yes,High School,Low,5
S1311,Omar,Johnson,student311@university.edu,Female,21,Mathematics,62.43,97.66,85.75,50.59,71.19,71.2,60.62,77.188,C,7.9,No,Yes,High School,Low,7
S1312,Maria,Smith,student312@university.edu,Male,20,Business,98.09,93.2,42.75,96.99,77.81,15.1,58.37,54.847,E,2.2,Yes,Yes,PhD,Low,9
S1313,Emma,Williams,student313@university.edu,Male,21,Engineering,72.78,99.94,51.19,72.8,74.25,13.5,93.4,66.978,D,6.2,Yes,Yes,PhD,Low,3
S1314,Omar,Brown,student314@university.edu,Male,18,Engineering,54.25,43.99,55.31,57.82,92.75,66.4,60.06,59.792,E,7.8,No,Yes,PhD,Low,10
S1315,Emma,Johnson,student315@university.edu,Female,24,Business,77.76,96.58,41.9,59.04,90.8,68.3,89.76,67.13,D,4.8,No,Yes,None,Medium,1
S1316,Ahmed,Jones,student316@university.edu,Male,18,CS,81.17,96.46,69.13,96.12,92.52,97.7,53.84,80.536,B,6.6,Yes,Yes,Bachelor's,Low,7
S1317,Maria,Johnson,student317@university.edu,Female,18,CS,54.94,60.93,94.62,88.81,98.46,87.8,64.68,84.722,B,7.1,No,No,Bachelor's,High,9
S1318,Sara,Davis,student318@university.edu,Female,24,Mathematics,85.81,75.81,96.96,65.97,77.02,25.7,48.63,64.252,D,1.1,No,Yes,High School,High,10
S1319,Maria,Brown,student319@university.edu,Female,20,CS,99.77,97.27,65.67,63.81,63.14,15.6,54.25,65.095,D,8.4,No,Yes,PhD,Low,5
S1320,Ali,Davis,student320@university.edu,Female,24,CS,50.27,56.08,78.62,57.91,68.6,73.8,42.02,65.049,D,8.6,No,Yes,High School,Low,4
S1321,Maria,Johnson,student321@university.edu,Male,23,Mathematics,75.26,50.37,53.54,72.02,93.25,48.6,50.62,60.538,D,6.9,Yes,Yes,PhD,Medium,5
S1322,Maria,Johnson,student322@university.edu,Female,23,CS,61.68,63.49,84.35,64.08,81.29,69.6,43.41,69.818,D,7.7,No,Yes,Bachelor's,Low,7
S1323,Omar,Davis,student323@university.edu,Female,22,Mathematics,69.61,83.64,95.13,54.6,82.76,92.1,55.0,75.759,C,7.0,No,Yes,High School,Medium,3
S1324,Sara,Johnson,student324@university.edu,Female,19,Mathematics,85.3,92.36,44.24,57.82,59.8,85.6,49.32,65.615,D,5.9,No,Yes,Bachelor's,High,7
S1325,Emma,Smith,student325@university.edu,Male,23,Business,85.28,92.07,56.59,57.28,82.15,23.2,58.85,57.375,E,1.4,Yes,No,None,High,8
S1326,Sara,Brown,student326@university.edu,Female,23,Business,78.12,50.58,60.77,94.88,56.16,65.8,77.74,64.07,D,7.0,Yes,Yes,Bachelor's,Medium,3
S1327,Maria,Jones,student327@university.edu,Female,18,CS,91.63,94.25,79.55,86.4,90.71,21.0,83.1,76.777,C,4.1,No,Yes,High School,High,1
S1328,Sara,Johnson,student328@university.edu,Female,21,Mathematics,80.19,67.19,97.17,76.38,95.96,60.7,96.47,83.748,B,9.2,No,Yes,None,Medium,2
S1329,Omar,Davis,student329@university.edu,Female,22,Business,50.96,81.98,44.37,67.89,80.16,38.2,50.64,53.719,E,1.2,No,Yes,None,Low,5
S1330,John,Jones,student330@university.edu,Female,19,Engineering,74.71,96.44,57.15,96.27,86.57,7.5,49.88,72.296,C,7.0,Yes,No,High School,High,6
S1331,Ahmed,Jones,student331@university.edu,Male,22,Mathematics,54.25,68.26,65.21,72.16,61.62,50.5,57.12,63.535,D,8.3,No,Yes,Bachelor's,High,5
S1332,Sara,Smith,student332@university.edu,Male,20,CS,58.87,96.59,93.12,72.83,64.34,39.5,59.61,75.756,C,6.8,Yes,Yes,None,Low,5
S1333,Omar,Smith,student333@university.edu,Male,20,Engineering,100.0,66.91,94.47,66.02,50.09,59.7,51.14,68.432,D,5.7,No,Yes,PhD,High,7
S1334,Sara,Davis,student334@university.edu,Male,23,Mathematics,69.49,57.7,92.54,96.21,96.62,41.7,73.74,77.971,C,7.4,No,Yes,None,Medium,6
S1335,Sara,Smith,student335@university.edu,Female,23,Mathematics,73.09,81.88,79.91,61.05,98.72,23.4,59.03,79.706,C,9.6,No,Yes,Bachelor's,Low,5
S1336,Sara,Johnson,student336@university.edu,Female,24,Mathematics,77.49,64.56,49.96,52.18,71.2,32.3,68.95,49.908,F,5.1,Yes,Yes,None,Medium,10
S1337,Sara,Williams,student337@university.edu,Male,23,Mathematics,88.56,76.27,71.6,72.04,87.35,98.6,81.03,69.388,D,3.6,Yes,Yes,Master's,Medium,4
S1338,Omar,Brown,student338@university.edu,Female,21,Mathematics,95.58,66.81,66.94,71.76,73.43,45.7,93.4,71.884,C,8.9,No,Yes,High School,Medium,6
S1339,Maria,Smith,student339@university.edu,Female,18,CS,87.78,81.14,52.15,51.75,86.34,10.7,68.65,61.264,D,5.5,Yes,Yes,PhD,Medium,4
S1340,John,Williams,student340@university.edu,Female,19,Mathematics,69.47,49.26,68.3,83.17,98.69,23.7,90.48,72.515,C,9.7,Yes,Yes,None,Low,3
S1341,Sara,Brown,student341@university.edu,Male,23,Mathematics,78.79,50.19,76.5,54.89,87.96,69.7,60.46,55.105,E,1.8,No,Yes,PhD,Low,5
S1342,Ahmed,Jones,student342@university.edu,Male,22,Mathematics,61.32,61.38,76.21,58.77,93.83,51.3,48.92,64.349,D,7.4,No,Yes,PhD,High,2
S1343,Liam,Davis,student343@university.edu,Male,20,CS,72.81,72.84,81.23,93.85,92.86,99.9,83.97,81.132,B,3.7,Yes,Yes,None,Medium,1
S1344,John,Williams,student344@university.edu,Male,24,Engineering,66.24,64.96,73.13,87.7,69.05,36.7,43.6,61.546,D,4.8,Yes,Yes,Master's,Low,7
S1345,Ahmed,Johnson,student345@university.edu,Male,23,Business,85.03,67.39,47.53,96.19,53.14,62.6,69.91,58.703,E,3.5,Yes,Yes,High School,Low,10
S1346,Sara,Johnson,student346@university.edu,Female,20,CS,62.03,90.58,76.16,92.06,73.33,40.1,61.01,73.175,C,8.6,No,Yes,Master's,Medium,9
S1347,Ahmed,Brown,student347@university.edu,Male,21,Business,56.18,55.94,43.99,73.19,87.86,57.3,43.33,49.644,F,4.2,Yes,Yes,PhD,Medium,9
S1348,Ali,Jones,student348@university.edu,Male,18,Engineering,95.56,69.4,67.33,83.62,74.48,95.5,64.86,69.225,D,1.8,No,Yes,Master's,Medium,1
S1349,Omar,Jones,student349@university.edu,Male,20,CS,71.2,58.19,53.79,72.51,52.54,32.0,60.07,57.899,E,9.4,Yes,No,Master's,High,2
S1350,John,Williams,student350@university.edu,Female,20,Engineering,65.02,45.78,95.94,61.15,73.13,94.1,72.55,73.494,C,3.0,No,Yes,Bachelor's,Medium,1
S1351,Maria,Johnson,student351@university.edu,Female,20,Business,67.32,46.69,70.36,84.94,71.26,30.1,82.34,68.956,D,8.9,Yes,Yes,PhD,Medium,1
S1352,Ahmed,Williams,student352@university.edu,Female,20,Engineering,56.13,63.42,72.73,51.79,51.47,21.4,95.09,61.892,D,7.2,No,Yes,Bachelor's,Medium,5
S1353,Ali,Smith,student353@university.edu,Female,23,CS,83.56,60.85,56.75,61.01,70.88,38.5,85.34,59.619,E,6.8,Yes,Yes,High School,Low,5
S1354,Ali,Jones,student354@university.edu,Female,23,Business,97.15,49.96,99.68,51.22,81.97,18.9,73.75,61.909,D,8.6,No,Yes,PhD,Low,10
S1355,John,Smith,student355@university.edu,Male,24,Engineering,99.29,85.55,55.98,64.84,55.06,42.2,47.62,56.438,E,4.0,No,Yes,Bachelor's,Low,8
S1356,Emma,Jones,student356@university.edu,Male,21,Business,54.46,51.4,43.64,89.0,58.35,16.1,43.47,57.508,E,5.9,Yes,No,Bachelor's,Medium,6
S1357,Maria,Brown,student357@university.edu,Male,18,Mathematics,95.56,67.76,50.7,62.39,91.91,7.1,54.24,51.914,E,1.7,Yes,Yes,Master's,Medium,1
S1358,Omar,Jones,student358@university.edu,Female,24,Engineering,64.06,79.27,91.52,90.04,72.6,35.2,70.36,74.052,C,5.9,No,Yes,High School,High,6
S1359,Maria,Jones,student359@university.edu,Male,22,Business,55.09,92.05,46.29,57.83,70.54,83.8,45.26,60.151,D,4.2,No,Yes,Bachelor's,Medium,3
S1360,Omar,Johnson,student360@university.edu,Male,19,Business,75.52,97.87,47.44,59.64,63.88,19.6,80.82,58.111,E,4.9,No,Yes,None,Low,5
S1361,Sara,Johnson,student361@university.edu,Female,23,CS,75.37,75.84,53.15,80.82,92.57,4.0,53.16,54.677,E,6.0,No,Yes,PhD,Low,3
S1362,Maria,Jones,student362@university.edu,Female,22,Engineering,52.5,86.61,62.99,67.44,74.49,51.5,97.72,69.471,D,1.3,No,Yes,High School,Medium,1
S1363,Liam,Brown,student363@university.edu,Male,23,CS,52.09,44.41,44.4,87.15,93.75,26.0,44.49,58.193,E,9.4,No,No,High School,Low,6
S1364,Maria,Brown,student364@university.edu,Female,22,Engineering,95.88,82.18,83.52,74.57,69.54,32.8,97.44,80.82,B,10.0,Yes,Yes,PhD,Medium,5
S1365,Maria,Smith,student365@university.edu,Female,24,Mathematics,69.76,87.6,79.23,64.4,75.28,88.1,47.37,71.436,C,7.5,No,Yes,Bachelor's,High,9
S1366,John,Johnson,student366@university.edu,Male,24,Business,90.06,95.67,89.97,50.03,98.99,45.9,80.15,74.358,C,7.4,Yes,Yes,Bachelor's,Low,5
S1367,John,Smith,student367@university.edu,Female,24,Mathematics,59.11,68.03,72.49,90.05,68.47,27.1,74.6,70.263,C,3.0,Yes,Yes,None,Medium,5
S1368,Omar,Brown,student368@university.edu,Female,21,Business,93.85,74.16,46.61,63.33,72.21,18.1,85.46,57.567,E,6.0,No,Yes,None,Medium,7
S1369,Ahmed,Brown,student369@university.edu,Male,24,CS,87.72,90.11,82.22,87.38,79.35,70.8,77.99,78.378,C,2.2,No,Yes,High School,Low,6
S1370,Omar,Smith,student370@university.edu,Male,22,Engineering,98.12,58.56,56.33,85.53,84.1,94.4,65.47,63.536,D,4.6,No,Yes,None,Medium,4
S1371,Maria,Brown,student371@university.edu,Female,20,CS,73.09,76.68,80.75,82.77,76.9,49.5,48.69,70.107,C,6.9,Yes,No,Master's,Low,3
S1372,Maria,Jones,student372@university.edu,Female,24,Engineering,78.61,60.25,62.33,72.7,51.49,30.8,77.75,60.211,D,1.8,Yes,Yes,High School,Low,5
S1373,Liam,Williams,student373@university.edu,Female,23,Engineering,90.58,93.64,88.87,59.46,75.62,95.4,70.95,76.515,C,5.9,No,No,PhD,Medium,10
S1374,Ahmed,Williams,student374@university.edu,Male,23,Engineering,55.29,68.26,54.85,54.59,94.56,85.9,82.24,62.714,D,7.6,Yes,Yes,PhD,Medium,8
S1375,John,Brown,student375@university.edu,Female,23,CS,75.9,50.55,40.15,59.25,58.13,83.5,55.7,43.777,F,5.7,No,Yes,Bachelor's,Medium,8
S1376,Omar,Brown,student376@university.edu,Female,21,Business,66.96,52.2,59.22,62.54,90.39,6.0,60.22,52.962,E,4.8,Yes,Yes,High School,High,8
S1377,Liam,Brown,student377@university.edu,Female,23,Business,65.37,73.34,73.73,73.78,82.19,99.4,78.03,73.03,C,4.7,Yes,Yes,Bachelor's,Medium,2
S1378,John,Williams,student378@university.edu,Female,23,Business,87.54,57.06,87.56,50.12,78.89,1.6,89.61,67.618,D,9.1,No,Yes,PhD,Low,10
S1379,Omar,Smith,student379@university.edu,Female,23,Mathematics,67.69,48.39,97.0,87.64,75.97,41.2,86.42,73.562,C,4.4,Yes,Yes,High School,Low,1
S1380,Sara,Jones,student380@university.edu,Male,21,CS,81.83,46.7,40.91,79.87,63.84,5.5,59.12,53.904,E,7.3,No,Yes,Master's,Low,7
S1381,Ali,Jones,student381@university.edu,Female,24,CS,56.35,72.88,41.54,68.42,81.66,1.8,84.18,54.302,E,3.1,No,Yes,None,Low,1
S1382,Ahmed,Davis,student382@university.edu,Female,18,CS,89.11,71.31,80.48,98.49,70.5,72.5,45.17,72.614,C,8.1,No,Yes,None,High,4
S1383,Ahmed,Davis,student383@university.edu,Female,24,Mathematics,56.34,65.86,77.04,88.33,65.85,50.2,79.72,72.748,C,3.8,No,Yes,Master's,High,10
S1384,Ahmed,Brown,student384@university.edu,Female,21,Engineering,98.79,52.02,95.74,58.9,78.13,73.8,64.14,66.746,D,4.7,Yes,Yes,Bachelor's,Low,5
S1385,Ali,Smith,student385@university.edu,Male,24,CS,94.78,89.84,50.79,95.4,77.41,83.1,40.34,62.824,D,8.1,Yes,Yes,Master's,Medium,10
S1386,Ali,Brown,student386@university.edu,Male,21,CS,64.84,52.99,69.8,95.34,93.62,69.5,88.14,67.018,D,1.6,No,Yes,Bachelor's,Low,2
S1387,Maria,Smith,student387@university.edu,Female,24,Business,97.72,72.85,98.73,76.6,88.7,39.9,77.47,77.508,C,4.8,No,Yes,None,Low,4
S1388,John,Brown,student388@university.edu,Male,22,Mathematics,84.47,90.31,40.9,58.54,69.4,84.5,67.68,58.078,E,1.3,No,Yes,PhD,Medium,2
S1389,Sara,Williams,student389@university.edu,Male,21,Engineering,54.69,63.72,83.29,74.37,59.95,90.9,60.93,69.25,D,1.9,No,No,None,Low,3
S1390,Omar,Davis,student390@university.edu,Male,22,Engineering,89.97,60.82,87.24,62.59,70.15,66.3,56.25,68.575,D,2.6,No,Yes,Bachelor's,Medium,3
S1391,Liam,Brown,student391@university.edu,Female,23,CS,86.79,76.64,58.94,84.63,66.9,81.7,48.32,64.908,D,7.5,No,Yes,PhD,Low,8
S1392,Ahmed,Williams,student392@university.edu,Female,19,Mathematics,76.53,49.85,73.38,83.06,50.69,54.0,63.19,64.421,D,9.2,Yes,Yes,None,Low,6
S1393,Ali,Smith,student393@university.edu,Male,21,CS,54.34,98.23,70.67,50.42,60.02,59.4,79.82,66.283,D,5.0,Yes,Yes,Bachelor's,Medium,5
S1394,Emma,Jones,student394@university.edu,Female,23,Mathematics,65.14,81.04,90.12,60.61,59.22,26.0,45.8,70.81,C,4.0,No,Yes,High School,Medium,8
S1395,Ahmed,Jones,student395@university.edu,Male,24,CS,54.3,62.23,75.49,84.19,57.74,26.1,56.82,62.846,D,2.9,No,Yes,High School,Medium,1
S1396,John,Williams,student396@university.edu,Female,24,Engineering,83.22,69.97,45.86,67.87,56.03,95.8,86.57,65.499,D,6.3,No,Yes,Master's,Low,9
S1397,Sara,Johnson,student397@university.edu,Male,21,Mathematics,64.82,93.07,40.25,88.88,64.09,24.6,73.34,58.857,E,2.0,Yes,Yes,High School,Medium,1
S1398,Ali,Davis,student398@university.edu,Female,22,Business,82.4,62.66,57.51,80.07,84.72,23.2,51.73,56.044,E,2.3,No,Yes,None,Low,9
S1399,Omar,Williams,student399@university.edu,Male,20,Mathematics,55.7,45.71,55.58,94.63,97.54,79.7,58.77,62.042,D,2.3,Yes,Yes,PhD,Medium,9
S1400,Maria,Johnson,student400@university.edu,Male,19,Business,75.24,58.37,45.44,95.57,88.88,20.8,69.77,61.575,D,4.5,No,Yes,High School,Low,1
S1401,Ahmed,Smith,student401@university.edu,Male,23,Business,94.7,90.62,59.82,50.73,89.76,50.2,96.85,68.538,D,7.6,No,No,None,Low,4
S1402,Omar,Smith,student402@university.edu,Female,19,Engineering,75.4,94.37,95.31,85.41,75.7,5.3,47.76,75.049,C,4.5,No,Yes,Bachelor's,High,8
S1403,Maria,Jones,student403@university.edu,Male,19,Engineering,96.36,40.04,53.97,77.47,51.93,17.9,76.44,56.903,E,5.6,No,Yes,None,High,8
S1404,Ahmed,Brown,student404@university.edu,Male,23,Business,85.36,78.15,64.74,75.24,94.67,98.6,69.94,72.665,C,5.2,No,Yes,High School,Low,8
S1405,Sara,Johnson,student405@university.edu,Male,21,CS,77.64,85.51,80.07,98.81,94.34,93.6,68.5,82.136,B,6.6,Yes,Yes,High School,Medium,8
S1406,Ahmed,Brown,student406@university.edu,Male,20,CS,70.95,91.78,40.27,78.88,56.19,5.4,56.93,57.723,E,1.9,Yes,Yes,High School,Medium,4
S1407,Omar,Johnson,student407@university.edu,Female,20,Mathematics,86.08,80.99,58.15,65.39,68.71,1.8,82.83,57.464,E,4.3,Yes,Yes,None,Medium,9
S1408,Omar,Smith,student408@university.edu,Male,23,Engineering,65.36,50.66,68.27,83.03,97.25,69.7,48.71,66.102,D,3.2,No,Yes,None,Low,5
S1409,Liam,Smith,student409@university.edu,Female,23,Mathematics,55.1,45.54,52.75,52.39,99.0,65.4,87.83,59.044,E,6.4,No,Yes,PhD,Low,7
S1410,Maria,Smith,student410@university.edu,Female,18,Business,56.8,94.22,59.91,60.21,67.67,37.8,71.16,69.931,D,9.0,No,No,None,High,10
S1411,Ali,Williams,student411@university.edu,Male,19,Business,65.67,69.99,65.88,80.68,65.42,69.0,76.62,72.269,C,7.2,Yes,Yes,High School,Low,5
S1412,Liam,Brown,student412@university.edu,Female,23,Engineering,51.79,50.75,94.15,95.54,86.57,9.6,81.3,77.641,C,8.4,No,Yes,Bachelor's,Low,6
S1413,Ahmed,Johnson,student413@university.edu,Male,19,CS,53.01,78.0,82.1,78.58,91.85,79.5,80.54,81.882,B,7.9,No,Yes,Bachelor's,Low,10
S1414,Sara,Davis,student414@university.edu,Female,19,CS,54.75,72.71,67.53,97.46,66.45,53.3,96.32,78.393,C,9.7,No,Yes,Master's,Medium,2
S1415,Sara,Williams,student415@university.edu,Male,19,Business,58.07,55.95,65.31,62.26,73.81,95.8,76.14,62.428,D,2.1,No,Yes,Bachelor's,Medium,7
S1416,Ahmed,Williams,student416@university.edu,Female,20,CS,87.04,59.01,46.38,70.18,66.89,41.7,42.69,51.341,E,4.4,No,Yes,PhD,Medium,5
S1417,Ahmed,Williams,student417@university.edu,Female,22,CS,56.06,71.85,54.61,77.95,95.84,8.3,60.53,62.817,D,6.6,Yes,Yes,Bachelor's,Medium,6
S1418,Omar,Brown,student418@university.edu,Female,18,Business,59.81,93.85,47.29,63.39,98.23,41.9,63.68,65.058,D,2.9,Yes,Yes,PhD,High,7
S1419,Omar,Jones,student419@university.edu,Female,19,CS,52.67,42.76,63.17,89.99,63.29,41.7,42.22,53.149,E,2.8,No,Yes,Master's,Low,10
S1420,Ali,Johnson,student420@university.edu,Male,22,Engineering,96.97,77.33,94.65,79.93,65.35,24.4,61.56,72.779,C,6.0,Yes,Yes,PhD,Medium,8
S1421,Emma,Davis,student421@university.edu,Male,23,Mathematics,51.33,78.82,42.56,84.2,67.8,61.3,69.4,57.565,E,2.4,No,Yes,PhD,Medium,2
S1422,Omar,Davis,student422@university.edu,Female,23,Business,86.35,82.07,59.58,54.82,77.14,68.8,78.53,70.171,C,8.4,Yes,Yes,High School,High,4
S1423,Liam,Brown,student423@university.edu,Male,24,CS,53.61,95.23,97.75,72.66,74.8,75.0,47.74,81.754,B,7.0,No,Yes,PhD,High,2
S1424,Ahmed,Jones,student424@university.edu,Male,20,CS,86.01,61.23,60.05,84.95,65.27,51.2,83.98,68.163,D,4.9,Yes,Yes,PhD,Medium,6
S1425,Maria,Johnson,student425@university.edu,Male,19,Engineering,74.97,68.03,59.57,62.79,66.99,58.8,49.27,57.704,E,3.3,No,Yes,PhD,Medium,4
S1426,John,Johnson,student426@university.edu,Female,19,Engineering,87.66,87.05,48.02,92.35,78.6,77.1,63.12,67.203,D,5.3,Yes,Yes,None,Medium,5
S1427,Omar,Jones,student427@university.edu,Male,24,Business,61.19,40.69,68.64,95.94,86.01,7.1,64.16,59.557,E,3.1,Yes,Yes,None,Low,6
S1428,Ali,Jones,student428@university.edu,Female,20,Mathematics,89.95,40.83,44.86,50.36,83.25,31.2,77.6,52.364,E,5.8,Yes,Yes,Master's,Low,10
S1429,Emma,Johnson,student429@university.edu,Female,24,Engineering,70.54,43.28,98.0,69.33,66.29,59.0,43.11,65.401,D,6.4,No,Yes,High School,High,3
S1430,Emma,Jones,student430@university.edu,Female,19,Mathematics,72.94,73.34,45.0,57.87,83.14,67.1,57.52,63.829,D,7.6,Yes,Yes,None,High,1
S1431,Sara,Johnson,student431@university.edu,Female,22,Engineering,50.66,86.02,90.88,52.89,55.03,51.1,56.28,72.708,C,9.9,Yes,No,Master's,Medium,7
S1432,Ali,Jones,student432@university.edu,Female,22,Engineering,51.57,79.78,56.34,63.27,54.43,10.2,45.22,48.646,F,3.1,Yes,Yes,High School,Low,3
S1433,Sara,Davis,student433@university.edu,Female,23,CS,59.43,72.04,42.24,87.1,50.82,86.9,41.48,48.857,F,2.8,Yes,No,Bachelor's,High,4
S1434,Emma,Smith,student434@university.edu,Male,19,Mathematics,75.83,66.31,97.33,62.94,84.62,38.4,75.93,68.883,D,9.0,Yes,Yes,High School,Medium,5
S1435,Sara,Brown,student435@university.edu,Male,20,Business,79.35,91.85,53.87,74.38,99.45,42.9,85.88,69.399,D,5.1,Yes,Yes,Bachelor's,High,9
S1436,Maria,Brown,student436@university.edu,Female,24,Business,99.43,55.49,92.68,90.15,80.4,47.9,67.02,73.172,C,6.4,No,Yes,High School,Low,7
S1437,Sara,Smith,student437@university.edu,Female,18,Business,73.5,49.33,62.44,61.32,93.3,2.1,42.49,60.763,D,9.3,Yes,Yes,Master's,Medium,5
S1438,Ahmed,Brown,student438@university.edu,Female,24,Mathematics,93.26,71.25,64.4,59.58,61.31,36.7,72.22,54.668,E,1.2,No,Yes,Master's,Medium,6
S1439,Ali,Johnson,student439@university.edu,Male,23,Engineering,97.68,77.02,66.77,64.2,80.22,80.1,59.28,65.849,D,2.5,Yes,Yes,High School,Medium,7
S1440,Liam,Jones,student440@university.edu,Male,18,CS,69.91,54.34,63.3,53.44,65.2,42.0,83.27,53.358,E,3.7,No,Yes,High School,Medium,1
S1441,Emma,Johnson,student441@university.edu,Female,22,Engineering,50.84,68.46,51.54,70.73,74.08,84.1,74.23,70.369,C,9.3,Yes,Yes,None,Medium,3
S1442,Maria,Brown,student442@university.edu,Male,22,CS,96.96,54.58,87.06,55.25,87.2,23.6,43.85,59.103,E,3.5,Yes,Yes,Bachelor's,Medium,5
S1443,Omar,Davis,student443@university.edu,Male,21,Business,89.65,50.07,56.12,56.29,83.33,66.1,70.53,60.595,D,9.9,No,Yes,Master's,High,4
S1444,Emma,Williams,student444@university.edu,Male,21,Engineering,75.64,74.96,84.99,76.52,69.3,14.7,41.94,67.023,D,9.2,Yes,Yes,PhD,High,6
S1445,Maria,Williams,student445@university.edu,Male,18,Mathematics,62.52,57.34,87.04,60.67,73.96,74.1,55.31,65.3,D,7.5,Yes,Yes,Bachelor's,High,9
S1446,Omar,Smith,student446@university.edu,Male,24,Mathematics,52.75,88.26,57.7,50.86,52.42,76.3,84.17,59.501,E,6.8,No,No,PhD,Low,6
S1447,Emma,Smith,student447@university.edu,Male,21,Engineering,71.52,93.89,69.84,99.77,57.04,0.1,61.36,67.626,D,6.4,Yes,Yes,PhD,High,10
S1448,Omar,Smith,student448@university.edu,Female,22,Mathematics,67.26,59.39,86.98,56.25,87.12,93.8,75.87,76.546,C,6.4,No,Yes,High School,Medium,10
S1449,Emma,Jones,student449@university.edu,Male,19,Engineering,76.11,92.79,65.85,98.95,54.48,73.9,74.82,73.15,C,5.2,No,Yes,High School,Medium,5
S1450,Sara,Jones,student450@university.edu,Male,23,Business,52.33,85.64,84.05,70.6,58.67,47.4,47.96,65.647,D,1.7,No,Yes,Master's,High,7
S1451,Omar,Williams,student451@university.edu,Male,19,Engineering,93.59,40.86,62.32,51.65,70.76,61.5,81.02,62.104,D,2.5,No,Yes,None,Medium,7
S1452,Liam,Johnson,student452@university.edu,Female,19,Mathematics,89.94,81.99,74.61,80.86,90.91,19.3,50.06,66.81,D,2.2,Yes,Yes,High School,High,9
S1453,Maria,Jones,student453@university.edu,Female,22,CS,71.24,87.77,70.82,94.64,76.42,20.4,53.63,69.762,D,1.0,Yes,No,Bachelor's,Medium,8
S1454,Emma,Davis,student454@university.edu,Female,21,Engineering,82.09,99.4,95.57,53.82,65.63,68.4,50.05,72.861,C,9.0,Yes,Yes,None,Medium,7
S1455,Omar,Davis,student455@university.edu,Male,20,CS,94.41,47.26,66.14,97.78,64.18,46.4,81.42,63.191,D,7.5,Yes,Yes,High School,Low,10
S1456,Ahmed,Davis,student456@university.edu,Male,20,CS,57.3,78.32,62.88,70.16,51.0,88.1,41.95,64.8,D,10.0,Yes,Yes,PhD,Low,4
S1457,Sara,Johnson,student457@university.edu,Male,20,Engineering,51.15,45.4,97.65,74.47,83.47,43.0,82.49,70.642,C,1.6,No,Yes,Bachelor's,Medium,9
S1458,Maria,Davis,student458@university.edu,Female,23,Engineering,72.9,63.02,84.06,85.39,90.04,34.9,50.15,67.823,D,4.8,Yes,Yes,PhD,Low,1
S1459,Emma,Brown,student459@university.edu,Male,18,CS,72.67,57.87,50.73,75.97,80.9,1.4,60.27,53.262,E,3.8,No,Yes,Bachelor's,Medium,3
S1460,Ali,Johnson,student460@university.edu,Female,21,Business,75.94,94.44,54.67,60.21,92.19,59.2,89.23,65.967,D,1.8,No,Yes,None,Medium,2
S1461,Maria,Davis,student461@university.edu,Male,21,Mathematics,62.84,72.76,41.18,84.79,99.05,63.4,96.52,73.053,C,8.8,No,Yes,Master's,Low,10
S1462,Sara,Davis,student462@university.edu,Male,23,CS,58.69,65.29,56.24,60.13,95.46,54.4,96.59,70.941,C,7.8,Yes,Yes,PhD,High,3
S1463,Emma,Williams,student463@university.edu,Female,20,CS,62.44,63.35,78.7,65.53,57.02,95.6,76.66,70.332,C,7.9,No,Yes,Bachelor's,Low,1
S1464,Emma,Brown,student464@university.edu,Female,24,Business,76.34,54.37,63.81,68.0,53.07,97.5,75.21,62.296,D,6.2,Yes,Yes,PhD,High,3
S1465,Emma,Smith,student465@university.edu,Male,23,Engineering,82.53,88.62,75.6,96.65,82.35,78.4,40.49,65.628,D,1.2,No,Yes,Bachelor's,Medium,1
S1466,Liam,Davis,student466@university.edu,Male,23,Business,77.54,62.79,65.94,78.65,54.91,38.1,87.67,71.843,C,7.8,Yes,Yes,None,High,9
S1467,Omar,Smith,student467@university.edu,Female,24,CS,61.03,79.0,57.48,59.08,81.52,51.5,82.74,60.067,D,3.3,Yes,Yes,None,High,6
S1468,Emma,Davis,student468@university.edu,Male,21,Mathematics,53.66,68.3,91.71,67.88,55.34,57.7,82.51,72.928,C,7.1,No,Yes,PhD,Medium,1
S1469,Emma,Smith,student469@university.edu,Male,19,CS,76.9,92.42,97.0,84.74,58.49,88.8,65.49,82.677,B,2.3,No,Yes,Master's,High,5
S1470,Sara,Davis,student470@university.edu,Female,20,CS,73.38,53.92,80.8,97.84,69.05,35.7,63.22,72.766,C,9.1,No,Yes,High School,Medium,10
S1471,Emma,Johnson,student471@university.edu,Female,22,Business,98.35,62.03,90.48,60.57,74.29,47.3,79.11,72.04,C,7.6,No,Yes,None,Low,8
S1472,Liam,Smith,student472@university.edu,Male,19,Business,84.54,63.82,54.57,99.51,78.47,52.5,49.71,66.205,D,3.1,No,Yes,None,Medium,3
S1473,Ali,Smith,student473@university.edu,Female,24,Business,66.97,43.11,66.06,86.0,82.75,63.1,99.7,75.068,C,9.7,Yes,Yes,None,High,1
S1474,Emma,Smith,student474@university.edu,Male,24,CS,64.5,76.22,84.77,73.28,75.0,48.7,85.59,72.271,C,1.0,No,Yes,Master's,Medium,6
S1475,Omar,Davis,student475@university.edu,Male,20,Business,60.01,93.2,99.77,93.72,89.74,34.7,93.98,83.463,B,7.8,Yes,Yes,None,Low,10
S1476,Maria,Davis,student476@university.edu,Male,19,CS,55.32,61.51,79.46,76.94,76.31,27.5,83.11,65.781,D,8.0,No,Yes,PhD,Medium,6
S1477,Maria,Brown,student477@university.edu,Male,21,Engineering,72.55,80.2,76.94,62.05,52.74,58.2,51.24,76.835,C,9.9,No,Yes,PhD,Medium,6
S1478,Maria,Williams,student478@university.edu,Male,22,CS,50.34,73.27,56.39,92.3,97.8,92.4,48.89,67.854,D,2.6,Yes,Yes,PhD,Medium,7
S1479,Ali,Davis,student479@university.edu,Female,20,Business,75.11,66.38,63.37,56.86,82.28,26.2,79.22,66.095,D,8.5,Yes,Yes,Master's,Low,4
S1480,Ahmed,Smith,student480@university.edu,Male,20,Mathematics,97.07,65.33,70.22,75.32,92.91,20.3,72.69,59.598,E,3.5,No,Yes,High School,Medium,5
S1481,Emma,Brown,student481@university.edu,Male,19,CS,70.19,48.05,87.05,56.49,79.2,19.8,94.83,67.46,D,8.1,No,Yes,PhD,High,4
S1482,John,Davis,student482@university.edu,Female,20,Mathematics,90.1,56.52,87.2,57.96,77.67,73.8,68.15,68.459,D,7.2,Yes,Yes,High School,Low,4
S1483,John,Smith,student483@university.edu,Female,23,Engineering,86.71,67.04,87.03,98.58,56.13,22.9,58.44,68.101,D,1.6,Yes,Yes,Bachelor's,Medium,7
S1484,John,Smith,student484@university.edu,Male,20,CS,80.8,42.05,46.39,92.58,79.41,55.2,71.98,60.527,D,9.1,Yes,No,None,Low,7
S1485,Liam,Davis,student485@university.edu,Female,24,Mathematics,83.4,89.76,86.36,72.72,55.04,28.2,62.18,64.621,D,4.3,No,Yes,Bachelor's,Medium,3
S1486,Sara,Smith,student486@university.edu,Female,21,Mathematics,89.11,57.87,51.0,54.03,92.37,62.4,70.05,58.941,E,6.2,No,Yes,None,Low,6
S1487,Maria,Davis,student487@university.edu,Male,22,Mathematics,50.72,45.84,85.92,66.53,82.48,54.5,55.46,59.236,E,4.2,No,Yes,None,Low,10
S1488,Liam,Brown,student488@university.edu,Female,20,Engineering,56.92,40.71,97.34,68.41,50.02,26.1,78.88,63.267,D,2.8,No,Yes,High School,Medium,7
S1489,Maria,Jones,student489@university.edu,Female,20,Engineering,95.87,71.92,53.35,88.73,55.11,58.4,94.78,68.142,D,3.1,Yes,Yes,High School,Medium,9
S1490,Ahmed,Johnson,student490@university.edu,Female,23,CS,61.31,45.23,99.94,76.65,90.43,53.0,71.28,73.794,C,6.8,No,Yes,Bachelor's,High,10
S1491,Sara,Johnson,student491@university.edu,Female,18,CS,98.17,79.7,55.89,77.14,95.09,58.9,88.85,65.296,D,7.0,No,Yes,Bachelor's,Low,8
S1492,Maria,Davis,student492@university.edu,Female,19,Mathematics,79.68,92.38,75.26,81.52,76.23,48.8,95.85,72.319,C,3.7,No,Yes,PhD,Low,7
S1493,Liam,Smith,student493@university.edu,Female,21,Business,66.12,80.92,80.67,86.53,64.68,89.5,71.33,82.35,B,7.9,Yes,Yes,None,Low,6
S1494,Maria,Williams,student494@university.edu,Female,23,Mathematics,88.12,92.36,75.59,95.11,66.17,17.7,87.76,76.059,C,6.7,Yes,Yes,High School,Medium,6
S1495,Ali,Brown,student495@university.edu,Male,19,Business,64.54,82.13,42.51,89.22,50.33,53.5,77.73,71.254,C,7.6,Yes,Yes,High School,Low,6
S1496,Maria,Johnson,student496@university.edu,Female,23,Business,69.14,76.28,77.34,97.93,86.12,91.1,89.37,80.453,B,9.2,Yes,Yes,None,Medium,8
S1497,Sara,Brown,student497@university.edu,Male,20,Engineering,94.74,84.62,77.67,61.63,94.77,3.7,88.08,65.08,D,4.3,Yes,Yes,Bachelor's,Medium,8
S1498,Maria,Jones,student498@university.edu,Male,18,Business,92.66,97.24,67.65,73.14,81.98,7.4,61.83,68.22,D,6.7,No,Yes,High School,High,1
S1499,Ahmed,Brown,student499@university.edu,Female,24,CS,72.05,62.81,83.84,98.65,76.58,39.6,86.46,71.618,C,2.5,No,Yes,None,Low,7
S1500,Liam,Johnson,student500@university.edu,Male,18,Mathematics,68.82,74.35,48.17,96.26,54.87,71.0,55.57,59.892,E,7.0,No,Yes,Bachelor's,Medium,10
S1501,John,Williams,student501@university.edu,Male,21,Business,64.71,88.62,79.29,76.16,97.7,59.5,54.26,78.449,C,6.9,Yes,Yes,Bachelor's,Low,4
S1502,Sara,Smith,student502@university.edu,Male,23,Engineering,67.92,45.23,57.03,98.0,83.91,84.2,87.34,71.923,C,4.6,Yes,Yes,None,Low,7
S1503,Emma,Williams,student503@university.edu,Male,18,Business,76.14,72.35,49.38,91.32,72.08,98.0,87.54,66.87,D,2.5,No,Yes,Bachelor's,Medium,9
S1504,Ahmed,Davis,student504@university.edu,Male,18,Mathematics,57.25,45.31,41.89,77.71,64.46,53.7,48.66,56.764,E,5.3,No,Yes,PhD,Low,4
S1505,Omar,Jones,student505@university.edu,Male,18,Engineering,50.41,80.73,64.87,91.29,83.55,85.7,73.0,75.448,C,8.5,Yes,Yes,Bachelor's,High,7
S1506,Ali,Brown,student506@university.edu,Male,22,Business,55.1,92.96,92.98,64.37,54.21,41.0,89.77,71.364,C,1.3,Yes,Yes,Bachelor's,Low,8
S1507,John,Jones,student507@university.edu,Female,18,CS,85.83,58.28,88.87,64.64,90.52,47.3,67.04,74.202,C,7.2,No,Yes,None,Medium,7
S1508,Liam,Jones,student508@university.edu,Male,23,Business,78.61,95.86,70.96,90.55,76.9,36.2,95.84,73.074,C,1.7,Yes,Yes,None,Medium,8
S1509,Ali,Davis,student509@university.edu,Male,23,CS,99.07,79.87,53.03,65.11,99.35,48.4,56.28,69.361,D,8.4,No,No,High School,Medium,10
S1510,John,Jones,student510@university.edu,Male,24,CS,50.81,69.47,40.02,86.4,90.48,99.7,91.98,75.189,C,9.6,Yes,Yes,None,Medium,3
S1511,Ahmed,Johnson,student511@university.edu,Male,18,Business,71.64,68.65,75.23,72.31,78.22,39.0,87.08,71.391,C,5.7,No,No,High School,High,2
S1512,Emma,Smith,student512@university.edu,Female,24,CS,81.55,96.69,58.2,75.52,57.97,44.3,91.98,67.932,D,4.1,Yes,Yes,Master's,Medium,2
S1513,Emma,Jones,student513@university.edu,Female,19,Business,98.4,93.96,80.3,83.88,72.75,83.2,72.02,77.166,C,5.2,No,Yes,PhD,High,1
S1514,Maria,Brown,student514@university.edu,Female,18,Engineering,80.52,74.15,47.88,74.59,84.8,67.6,70.46,58.773,E,4.1,Yes,Yes,None,Low,6
S1515,Ahmed,Jones,student515@university.edu,Male,23,Mathematics,85.98,49.76,62.8,93.53,66.83,40.4,99.01,64.752,D,7.4,No,Yes,High School,Medium,8
S1516,Liam,Brown,student516@university.edu,Male,24,Business,66.24,63.37,74.39,75.14,73.77,72.8,51.0,68.369,D,5.0,No,Yes,PhD,Medium,1
S1517,John,Johnson,student517@university.edu,Male,20,CS,61.08,92.41,42.89,93.64,83.65,43.3,77.37,65.038,D,7.9,No,Yes,Bachelor's,Low,8
S1518,John,Williams,student518@university.edu,Male,18,CS,81.39,68.13,95.23,52.03,74.08,95.5,47.98,70.034,C,7.4,No,Yes,Bachelor's,High,9
S1519,Maria,Williams,student519@university.edu,Male,21,Business,53.34,83.7,96.88,74.77,85.24,32.7,54.82,73.059,C,9.0,Yes,Yes,PhD,Medium,1
S1520,Ahmed,Davis,student520@university.edu,Male,21,Engineering,69.78,93.97,85.8,60.29,71.08,14.8,66.26,76.553,C,9.7,No,Yes,Master's,High,2
S1521,Omar,Smith,student521@university.edu,Female,22,Engineering,87.27,87.11,64.21,93.9,89.79,81.1,52.71,74.669,C,4.9,Yes,Yes,Master's,Low,9
S1522,John,Williams,student522@university.edu,Female,19,Business,85.36,99.39,87.67,80.38,51.41,48.3,40.75,76.671,C,8.9,Yes,No,Master's,Medium,2
S1523,Maria,Smith,student523@university.edu,Male,24,Mathematics,99.81,68.77,47.01,84.48,99.49,63.3,43.74,56.965,E,2.2,No,Yes,Master's,Low,6
S1524,Liam,Brown,student524@university.edu,Male,22,Business,93.38,77.88,56.85,64.75,55.02,40.9,40.98,55.94,E,1.6,No,Yes,None,High,6
S1525,John,Smith,student525@university.edu,Female,21,Engineering,83.61,95.12,54.41,58.48,91.81,20.8,71.6,58.218,E,2.5,Yes,Yes,Bachelor's,Low,3
S1526,Omar,Brown,student526@university.edu,Female,20,Engineering,69.83,61.25,78.48,87.6,60.16,10.8,49.84,65.094,D,6.2,No,Yes,Bachelor's,Low,10
S1527,Sara,Johnson,student527@university.edu,Male,23,Engineering,51.85,89.27,46.84,83.32,97.27,27.2,86.5,62.916,D,1.0,Yes,Yes,None,Medium,4
S1528,Omar,Jones,student528@university.edu,Female,23,Business,69.78,59.05,71.87,89.55,91.08,63.5,90.81,66.969,D,2.3,No,Yes,High School,Low,3
S1529,John,Brown,student529@university.edu,Female,19,Mathematics,79.69,67.87,64.76,74.46,91.26,75.8,93.89,68.779,D,3.6,No,Yes,None,Low,9
S1530,Emma,Brown,student530@university.edu,Female,23,Mathematics,65.3,75.9,94.29,92.95,58.35,97.6,53.49,74.415,C,2.5,No,Yes,PhD,High,7
S1531,Ahmed,Smith,student531@university.edu,Male,24,CS,54.32,88.72,52.29,95.28,73.32,71.5,75.66,74.094,C,7.6,No,Yes,None,High,5
S1532,Omar,Johnson,student532@university.edu,Female,23,Mathematics,87.89,48.65,89.04,70.49,55.95,86.0,77.25,71.721,C,8.0,No,Yes,Bachelor's,Medium,2
S1533,Maria,Brown,student533@university.edu,Female,24,CS,91.83,95.72,43.46,99.42,92.6,58.2,53.47,73.43,C,8.2,No,Yes,PhD,Low,10
S1534,Maria,Brown,student534@university.edu,Female,18,Engineering,87.21,48.04,89.34,57.0,77.91,98.0,41.18,66.662,D,6.8,No,Yes,None,Medium,9
S1535,Liam,Johnson,student535@university.edu,Female,22,Business,88.5,94.74,66.41,74.91,95.45,18.6,47.83,73.524,C,8.7,Yes,Yes,High School,Medium,7
S1536,Sara,Smith,student536@university.edu,Female,23,CS,57.87,84.68,89.5,72.54,66.21,99.9,64.87,79.829,C,8.0,Yes,Yes,High School,Medium,2
S1537,John,Williams,student537@university.edu,Male,21,CS,78.58,43.41,57.98,58.45,57.31,70.2,65.58,55.317,E,4.6,No,Yes,None,High,6
S1538,Sara,Johnson,student538@university.edu,Female,23,Mathematics,91.98,76.22,74.86,74.88,76.97,57.7,63.65,67.909,D,1.2,No,Yes,Master's,Medium,2
S1539,Sara,Davis,student539@university.edu,Female,23,Engineering,63.28,49.32,99.38,96.92,57.92,14.5,41.26,64.323,D,1.9,Yes,Yes,Bachelor's,Low,6
S1540,John,Smith,student540@university.edu,Female,24,Mathematics,95.5,81.35,51.89,65.07,88.96,50.1,88.7,66.401,D,9.9,Yes,Yes,None,Low,6
S1541,Emma,Williams,student541@university.edu,Male,24,Engineering,61.88,47.99,79.45,94.23,80.16,36.7,74.79,78.078,C,5.6,No,Yes,Bachelor's,Low,7
S1542,Maria,Smith,student542@university.edu,Female,22,Business,72.07,88.3,61.42,55.44,83.69,73.8,70.81,72.177,C,6.6,Yes,Yes,High School,Medium,9
S1543,John,Jones,student543@university.edu,Male,18,CS,59.65,67.51,83.09,86.95,86.2,84.1,75.66,76.085,C,7.2,Yes,Yes,Bachelor's,Medium,10
S1544,John,Smith,student544@university.edu,Female,24,CS,82.49,78.38,92.8,73.65,99.29,71.3,72.31,80.23,B,3.4,Yes,Yes,PhD,Low,10
S1545,John,Jones,student545@university.edu,Female,18,Engineering,60.09,52.15,76.7,94.82,56.93,18.9,56.33,65.335,D,3.6,Yes,No,Bachelor's,Medium,2
S1546,Ali,Smith,student546@university.edu,Male,18,Business,58.95,55.26,49.49,83.96,54.16,97.4,90.06,65.174,D,4.3,Yes,Yes,High School,High,2
S1547,Liam,Smith,student547@university.edu,Female,21,Business,86.59,82.27,48.43,61.55,77.38,13.9,89.28,56.318,E,4.4,No,No,Bachelor's,Low,1
S1548,Ahmed,Smith,student548@university.edu,Female,22,CS,55.31,70.33,80.48,52.34,92.57,6.5,99.57,71.667,C,6.8,Yes,Yes,High School,High,6
S1549,Sara,Jones,student549@university.edu,Female,21,Business,91.54,49.84,53.48,63.97,63.87,10.1,83.34,54.808,E,5.5,No,Yes,PhD,Medium,3
S1550,Emma,Davis,student550@university.edu,Female,18,CS,68.54,61.75,67.04,74.37,67.33,89.1,75.94,72.114,C,7.7,Yes,Yes,High School,Medium,4
S1551,Emma,Jones,student551@university.edu,Male,22,Engineering,51.49,88.91,64.19,56.57,62.11,67.5,68.55,64.156,D,9.4,Yes,No,PhD,Medium,7
S1552,Maria,Johnson,student552@university.edu,Female,22,Mathematics,52.23,77.63,81.51,56.45,53.87,59.5,63.36,59.424,E,1.4,No,No,High School,Medium,9
S1553,Maria,Brown,student553@university.edu,Female,24,CS,76.63,98.19,73.03,52.4,84.88,71.7,76.16,71.874,C,3.1,Yes,No,Master's,Medium,8
S1554,Ahmed,Jones,student554@university.edu,Female,20,Business,57.26,91.3,67.54,93.9,62.4,65.7,65.43,71.032,C,4.5,No,Yes,Bachelor's,Medium,2
S1555,Omar,Johnson,student555@university.edu,Male,23,Business,51.13,96.92,96.32,80.62,95.46,47.2,86.19,85.271,B,5.0,Yes,Yes,Master's,High,6
S1556,Maria,Smith,student556@university.edu,Male,24,CS,58.91,96.91,42.24,74.32,51.19,65.6,95.01,60.545,D,1.2,No,Yes,Bachelor's,Low,2
S1557,Liam,Smith,student557@university.edu,Male,22,Business,99.07,77.92,56.49,54.52,68.21,61.7,88.24,70.416,C,9.3,No,Yes,High School,High,3
S1558,Omar,Davis,student558@university.edu,Male,21,Business,59.99,74.74,69.62,58.21,60.71,29.4,51.95,55.835,E,5.5,Yes,Yes,Master's,High,3
S1559,Maria,Davis,student559@university.edu,Male,18,Engineering,70.18,55.68,75.32,76.11,80.82,22.5,47.84,62.667,D,9.1,Yes,Yes,None,High,10
S1560,John,Davis,student560@university.edu,Male,21,Engineering,74.57,41.13,65.81,98.1,73.93,25.5,54.53,61.387,D,9.5,No,Yes,Bachelor's,High,1
S1561,Sara,Jones,student561@university.edu,Female,19,Business,87.52,85.7,43.23,71.43,52.75,46.5,91.71,57.874,E,5.6,No,Yes,None,Medium,8
S1562,John,Jones,student562@university.edu,Male,19,Mathematics,61.51,42.27,66.99,82.49,54.67,82.8,55.43,60.398,D,8.1,No,Yes,Bachelor's,Medium,8
S1563,Ali,Johnson,student563@university.edu,Male,19,Mathematics,77.3,62.66,83.09,89.45,72.16,49.0,68.94,73.909,C,5.3,Yes,Yes,High School,Medium,7
S1564,Maria,Jones,student564@university.edu,Female,23,CS,55.56,82.26,42.15,64.63,75.5,86.8,89.15,69.095,D,2.2,No,Yes,PhD,High,6
S1565,Emma,Johnson,student565@university.edu,Female,24,CS,82.29,58.35,61.61,99.93,58.75,81.6,90.05,74.085,C,6.2,No,Yes,High School,High,1
S1566,Sara,Johnson,student566@university.edu,Female,23,Engineering,90.87,54.24,59.57,68.95,59.64,54.9,92.38,72.942,C,7.8,Yes,Yes,None,Low,3
S1567,Ahmed,Smith,student567@university.edu,Male,21,CS,81.51,48.55,75.62,92.64,65.82,19.4,74.39,67.998,D,7.3,Yes,Yes,Master's,Medium,3
S1568,Ali,Jones,student568@university.edu,Female,21,Mathematics,85.6,46.64,88.18,50.79,60.14,25.3,91.57,61.702,D,5.1,Yes,Yes,Bachelor's,Low,6
S1569,John,Brown,student569@university.edu,Female,19,Mathematics,70.76,90.86,48.62,96.96,82.01,58.8,96.53,69.608,D,5.8,Yes,Yes,None,Low,10
S1570,John,Davis,student570@university.edu,Female,24,Mathematics,87.55,95.95,44.54,60.21,85.48,34.4,64.27,56.906,E,1.3,No,Yes,Bachelor's,Medium,10
S1571,Sara,Smith,student571@university.edu,Male,18,CS,54.52,91.98,96.46,87.37,93.06,28.8,94.61,82.67,B,8.1,Yes,Yes,High School,Low,4
S1572,Omar,Davis,student572@university.edu,Male,19,CS,68.07,69.79,89.72,81.83,62.2,40.5,49.8,65.995,D,3.5,No,Yes,Master's,High,1
S1573,Ali,Brown,student573@university.edu,Male,22,Business,50.0,64.81,83.66,58.42,96.23,96.2,58.09,68.04,D,8.1,Yes,Yes,High School,Medium,1
S1574,John,Williams,student574@university.edu,Male,19,Mathematics,72.0,55.8,98.15,52.88,93.74,41.4,66.27,66.897,D,4.2,No,Yes,Master's,Medium,4
S1575,Ali,Smith,student575@university.edu,Female,18,CS,59.56,95.51,77.69,58.31,94.87,29.6,89.34,75.529,C,8.7,Yes,Yes,None,High,6
S1576,Ahmed,Smith,student576@university.edu,Female,21,Engineering,77.2,44.15,40.23,89.32,90.8,28.7,62.68,53.598,E,3.2,No,Yes,PhD,Low,10
S1577,Liam,Davis,student577@university.edu,Female,24,CS,86.46,41.13,40.82,53.72,96.8,93.6,97.21,63.435,D,10.0,Yes,Yes,Master's,Medium,5
S1578,Maria,Johnson,student578@university.edu,Male,19,Engineering,93.26,45.1,73.8,60.97,97.66,28.2,49.3,55.071,E,1.4,No,Yes,Master's,Low,3
S1579,Ahmed,Johnson,student579@university.edu,Male,21,Business,78.7,53.51,59.35,67.07,61.96,76.8,91.95,65.778,D,8.4,No,Yes,PhD,Medium,7
S1580,Ahmed,Davis,student580@university.edu,Male,19,Business,76.58,59.3,66.44,56.38,78.22,29.4,67.82,56.332,E,6.7,No,Yes,Bachelor's,Medium,8
S1581,Maria,Davis,student581@university.edu,Male,19,Engineering,78.87,68.56,82.61,51.27,64.75,43.1,77.52,66.35,D,4.6,Yes,Yes,High School,Medium,8
S1582,Maria,Johnson,student582@university.edu,Male,19,Mathematics,89.51,99.17,71.08,99.01,74.51,24.1,85.69,76.377,C,8.3,No,Yes,PhD,Medium,1
S1583,Liam,Jones,student583@university.edu,Female,20,Business,88.74,79.59,83.46,86.43,88.05,89.1,41.47,81.237,B,9.9,No,Yes,PhD,Low,5
S1584,Omar,Williams,student584@university.edu,Male,22,Engineering,69.53,78.99,78.24,74.08,74.14,41.4,79.49,77.362,C,8.9,Yes,Yes,None,Medium,9
S1585,Sara,Brown,student585@university.edu,Male,18,Business,74.0,96.87,58.26,94.26,89.38,47.0,95.9,74.323,C,1.9,Yes,Yes,None,Medium,2
S1586,Ali,Smith,student586@university.edu,Female,21,Mathematics,83.32,91.24,99.85,76.71,98.15,19.8,96.46,82.434,B,8.2,Yes,Yes,Master's,Low,3
S1587,John,Johnson,student587@university.edu,Female,21,Business,72.03,59.59,73.18,79.59,97.94,79.3,72.34,78.14,C,7.1,No,Yes,None,High,9
S1588,Liam,Williams,student588@university.edu,Female,20,CS,53.63,43.31,95.84,84.54,89.34,68.6,94.78,74.793,C,3.4,Yes,No,Master's,Medium,3
S1589,John,Smith,student589@university.edu,Female,18,CS,91.47,54.43,56.14,89.6,93.01,38.9,85.56,70.516,C,8.2,No,Yes,High School,High,10
S1590,Omar,Davis,student590@university.edu,Male,21,Mathematics,68.85,55.56,99.02,59.42,92.68,39.7,70.94,72.408,C,3.9,No,Yes,High School,Low,3
S1591,Sara,Williams,student591@university.edu,Male,18,Engineering,79.77,92.54,83.33,68.36,54.33,35.0,50.61,65.602,D,8.6,No,Yes,None,Low,8
S1592,Sara,Davis,student592@university.edu,Male,22,Business,83.41,97.29,96.04,96.41,86.57,51.4,70.68,84.299,B,7.6,Yes,Yes,PhD,Low,10
S1593,John,Smith,student593@university.edu,Female,21,Mathematics,88.5,74.83,81.94,72.23,75.4,18.7,69.64,64.431,D,3.6,No,Yes,High School,Medium,1
S1594,Ahmed,Williams,student594@university.edu,Female,21,CS,90.21,44.78,91.7,55.34,95.76,79.1,74.66,68.912,D,6.4,Yes,Yes,None,Medium,1
S1595,Sara,Davis,student595@university.edu,Male,22,Mathematics,57.75,86.41,88.13,74.97,79.87,91.1,64.83,81.247,B,7.6,No,Yes,High School,High,1
S1596,Liam,Davis,student596@university.edu,Female,19,Engineering,83.37,52.88,99.46,85.95,89.87,30.1,41.18,65.745,D,4.9,No,Yes,High School,Low,7
S1597,Emma,Williams,student597@university.edu,Male,23,CS,97.3,84.4,86.84,77.0,63.41,61.9,96.88,73.186,C,2.9,Yes,Yes,None,High,2
S1598,Liam,Jones,student598@university.edu,Male,22,Engineering,50.92,58.04,98.33,98.5,72.35,44.5,43.32,70.958,C,3.9,No,Yes,None,Low,3
S1599,Emma,Johnson,student599@university.edu,Female,20,CS,94.14,47.23,47.37,93.26,84.78,99.2,88.41,69.755,D,8.4,No,Yes,High School,Medium,7
S1600,John,Johnson,student600@university.edu,Male,21,Mathematics,93.12,64.26,77.37,75.23,80.0,25.7,90.96,70.885,C,7.4,Yes,Yes,High School,Low,3
S1601,Emma,Smith,student601@university.edu,Male,23,Engineering,75.72,50.59,90.26,97.87,54.0,8.9,49.05,65.458,D,4.4,Yes,Yes,PhD,Low,5
S1602,Omar,Davis,student602@university.edu,Female,21,CS,69.32,87.35,93.03,73.54,90.27,63.4,56.46,84.512,B,9.1,No,Yes,None,Medium,3
S1603,Ahmed,Brown,student603@university.edu,Male,22,Business,92.53,70.54,86.95,96.35,59.71,97.7,90.0,77.314,C,2.4,Yes,Yes,None,Low,8
S1604,Liam,Smith,student604@university.edu,Female,20,Business,73.18,90.71,42.28,89.75,85.97,15.8,63.94,65.525,D,3.3,Yes,Yes,None,Medium,9
S1605,Ali,Brown,student605@university.edu,Male,19,Engineering,76.86,93.39,78.69,98.02,67.14,95.4,43.1,72.582,C,1.3,Yes,Yes,PhD,Medium,1
S1606,Ahmed,Davis,student606@university.edu,Female,22,Mathematics,72.49,74.55,70.9,59.59,72.05,94.0,99.64,71.121,C,2.9,No,Yes,None,Low,6
S1607,Liam,Jones,student607@university.edu,Female,19,CS,68.3,87.71,75.54,67.71,92.26,64.2,66.06,73.763,C,8.7,No,Yes,None,High,3
S1608,Liam,Jones,student608@university.edu,Female,23,Engineering,74.34,48.66,78.02,54.03,78.96,91.1,93.64,61.161,D,4.1,Yes,Yes,None,Low,6
S1609,Ali,Brown,student609@university.edu,Female,22,Engineering,76.08,55.86,74.42,74.22,83.53,95.6,75.72,65.127,D,4.9,No,Yes,High School,Medium,9
S1610,Ali,Davis,student610@university.edu,Male,23,Engineering,89.33,78.76,64.76,80.06,93.38,37.7,96.78,72.065,C,9.9,Yes,Yes,Bachelor's,Low,4
S1611,Maria,Smith,student611@university.edu,Male,24,CS,62.52,79.85,62.2,95.78,98.74,81.9,78.56,76.39,C,6.8,No,Yes,None,Low,1
S1612,Ahmed,Smith,student612@university.edu,Female,22,Mathematics,55.81,69.24,95.32,53.39,90.22,36.2,82.0,73.033,C,4.4,No,Yes,Master's,Low,3
S1613,Omar,Davis,student613@university.edu,Female,18,Business,99.07,45.69,83.86,81.97,70.62,21.6,57.09,66.266,D,6.8,No,Yes,PhD,Medium,6
S1614,Sara,Davis,student614@university.edu,Male,21,Engineering,82.08,99.73,81.64,88.45,88.42,16.0,54.51,77.155,C,5.1,No,Yes,High School,Medium,6
S1615,John,Williams,student615@university.edu,Male,19,Business,86.79,82.45,88.78,77.35,61.02,47.7,53.11,74.439,C,9.6,No,Yes,None,Medium,5
S1616,Sara,Jones,student616@university.edu,Male,21,Engineering,70.55,82.43,98.55,55.58,63.02,2.3,44.34,65.497,D,4.5,Yes,Yes,Bachelor's,Medium,1
S1617,Ali,Williams,student617@university.edu,Male,22,Business,80.19,56.37,46.79,92.94,98.32,11.3,85.32,57.529,E,1.6,No,Yes,None,Medium,5
S1618,Ali,Brown,student618@university.edu,Male,21,Engineering,55.23,88.45,80.86,62.84,97.61,7.0,57.24,71.633,C,8.4,Yes,Yes,None,High,1
S1619,Maria,Smith,student619@university.edu,Female,24,CS,64.77,46.07,98.31,63.69,74.67,4.4,79.78,68.173,D,6.4,No,Yes,PhD,Medium,8
S1620,Emma,Davis,student620@university.edu,Male,19,Mathematics,87.52,77.41,52.82,62.21,58.86,57.9,89.65,64.724,D,8.6,No,Yes,High School,Medium,6
S1621,Omar,Williams,student621@university.edu,Male,18,CS,54.17,45.23,99.2,63.74,78.41,80.2,92.89,72.744,C,3.6,Yes,Yes,None,High,7
S1622,Omar,Smith,student622@university.edu,Female,23,Mathematics,50.02,97.99,66.4,99.91,57.57,98.5,61.63,73.525,C,3.2,Yes,Yes,Master's,High,9
S1623,Emma,Jones,student623@university.edu,Female,22,Business,66.31,66.81,59.43,81.62,80.54,37.5,97.27,65.798,D,7.7,No,Yes,Master's,Medium,8
S1624,John,Williams,student624@university.edu,Male,21,CS,60.49,75.94,95.48,80.51,52.64,28.5,72.87,72.767,C,2.5,Yes,Yes,High School,Low,3
S1625,Emma,Williams,student625@university.edu,Female,20,Engineering,75.92,54.81,64.55,79.17,98.06,44.5,40.35,62.511,D,9.0,Yes,Yes,Bachelor's,Low,6
S1626,Ahmed,Jones,student626@university.edu,Male,24,Business,70.81,78.0,67.83,76.2,68.19,52.6,91.16,68.867,D,5.5,No,Yes,Bachelor's,Medium,10
S1627,Emma,Smith,student627@university.edu,Male,22,Mathematics,58.48,47.69,48.96,77.03,82.28,89.8,79.09,63.469,D,6.6,No,Yes,None,Medium,7
S1628,Omar,Smith,student628@university.edu,Male,21,Engineering,72.51,58.37,99.78,77.94,83.01,31.9,63.73,71.074,C,2.8,Yes,Yes,PhD,High,2
S1629,Ali,Johnson,student629@university.edu,Male,21,Engineering,77.85,73.35,49.62,87.13,68.44,65.1,99.58,65.8,D,5.7,Yes,Yes,High School,High,6
S1630,Maria,Davis,student630@university.edu,Male,18,Mathematics,94.49,79.31,74.95,89.03,91.03,2.7,53.23,68.762,D,8.7,Yes,Yes,Master's,Medium,10
S1631,Ali,Davis,student631@university.edu,Female,23,Business,72.95,46.01,65.12,70.47,58.92,57.7,85.93,53.498,E,1.2,Yes,Yes,None,High,1
S1632,John,Jones,student632@university.edu,Female,22,Mathematics,83.89,51.01,47.44,78.26,88.68,73.5,79.95,65.147,D,5.7,No,Yes,None,High,7
S1633,John,Jones,student633@university.edu,Female,19,Business,62.86,41.05,44.59,99.92,87.79,49.1,78.04,64.138,D,9.4,No,Yes,None,Medium,7
S1634,Ali,Smith,student634@university.edu,Female,22,Mathematics,51.4,67.72,54.85,62.67,71.42,4.8,64.28,50.311,E,1.7,No,Yes,None,Medium,9
S1635,Sara,Brown,student635@university.edu,Male,18,Mathematics,64.15,87.15,60.23,84.13,61.93,62.0,90.74,67.489,D,2.3,Yes,Yes,Bachelor's,High,10
S1636,Omar,Jones,student636@university.edu,Female,22,Engineering,56.09,57.54,83.91,97.55,59.25,66.6,47.99,66.654,D,6.3,Yes,Yes,High School,Medium,8
S1637,Sara,Johnson,student637@university.edu,Female,21,Engineering,80.46,62.68,72.65,66.89,77.66,34.1,73.82,65.191,D,1.5,No,Yes,PhD,Medium,9
S1638,Ali,Davis,student638@university.edu,Female,18,Mathematics,75.35,59.67,63.32,63.06,74.37,67.1,93.1,66.304,D,6.1,No,Yes,Bachelor's,Low,1
S1639,Emma,Brown,student639@university.edu,Female,24,Mathematics,64.81,88.83,66.58,56.74,77.71,25.9,44.71,62.833,D,8.1,No,Yes,PhD,Medium,9
S1640,Sara,Williams,student640@university.edu,Male,23,CS,88.77,94.43,68.28,78.73,64.73,90.1,59.37,71.615,C,7.7,Yes,Yes,Master's,Low,6
S1641,Liam,Jones,student641@university.edu,Male,24,Business,97.45,84.08,55.07,51.94,72.43,97.2,47.34,56.099,E,2.3,Yes,Yes,PhD,Low,5
S1642,John,Jones,student642@university.edu,Female,20,Business,52.55,61.0,86.33,80.17,88.39,36.0,73.78,74.378,C,9.1,Yes,Yes,PhD,Low,3
S1643,Sara,Jones,student643@university.edu,Male,20,Mathematics,61.35,40.12,68.09,92.56,59.76,63.1,56.36,64.048,D,5.9,Yes,Yes,Master's,Medium,10
S1644,Ali,Johnson,student644@university.edu,Female,24,Mathematics,62.97,99.72,59.29,95.3,90.31,57.5,48.9,63.871,D,2.9,Yes,Yes,PhD,Medium,10
S1645,Maria,Smith,student645@university.edu,Female,21,Engineering,63.47,51.11,57.92,58.81,61.37,33.6,66.72,54.701,E,8.1,Yes,Yes,None,Low,9
S1646,Omar,Johnson,student646@university.edu,Male,20,Business,73.44,80.75,93.35,69.25,68.93,28.2,90.22,77.563,C,9.3,No,Yes,High School,High,7
S1647,Omar,Smith,student647@university.edu,Male,19,CS,94.5,72.56,79.31,75.66,91.87,48.7,41.96,62.052,D,3.7,No,Yes,High School,Medium,1
S1648,Emma,Brown,student648@university.edu,Male,23,Engineering,63.05,45.56,51.73,57.42,61.15,83.5,98.46,58.76,E,4.4,Yes,Yes,Master's,Low,6
S1649,John,Jones,student649@university.edu,Male,24,Business,86.98,67.87,80.53,80.08,96.51,25.6,84.07,72.014,C,6.6,No,Yes,Bachelor's,High,4
S1650,Ahmed,Jones,student650@university.edu,Female,19,Business,56.96,80.67,57.99,72.21,60.5,78.6,47.07,60.971,D,1.2,Yes,Yes,None,Medium,10
S1651,Omar,Brown,student651@university.edu,Male,19,Engineering,89.36,83.52,77.14,50.24,66.48,1.7,41.31,56.057,E,3.9,Yes,No,Bachelor's,Medium,10
S1652,Emma,Jones,student652@university.edu,Female,18,Mathematics,85.34,55.01,53.8,92.14,99.92,68.7,45.98,64.578,D,9.1,No,Yes,High School,Low,4
S1653,Sara,Williams,student653@university.edu,Male,24,CS,57.12,44.08,63.79,57.28,73.63,21.5,58.93,54.803,E,1.6,No,Yes,PhD,Low,10
S1654,Emma,Johnson,student654@university.edu,Male,18,Mathematics,66.44,49.43,68.71,61.97,68.03,74.9,54.05,55.937,E,1.9,No,Yes,High School,Low,3
S1655,Emma,Jones,student655@university.edu,Female,22,Business,96.93,69.79,63.74,79.44,67.56,84.8,95.35,65.926,D,2.9,No,Yes,None,Low,4
S1656,Ahmed,Davis,student656@university.edu,Male,21,Engineering,60.38,55.76,40.57,80.62,55.11,17.5,91.29,57.155,E,2.2,Yes,No,PhD,Medium,6
S1657,Emma,Johnson,student657@university.edu,Female,24,Engineering,88.32,91.3,72.24,69.53,84.09,18.2,91.53,70.565,C,4.6,Yes,Yes,High School,Medium,10
S1658,Ahmed,Davis,student658@university.edu,Male,19,Mathematics,97.83,58.9,84.61,50.11,94.05,18.6,48.84,62.887,D,9.9,No,Yes,High School,High,6
S1659,Emma,Johnson,student659@university.edu,Male,22,Business,86.75,87.29,45.29,75.99,99.13,70.6,45.84,64.951,D,2.9,No,Yes,High School,Low,4
S1660,Ahmed,Johnson,student660@university.edu,Male,22,Engineering,89.9,98.7,78.57,89.36,86.37,60.1,56.82,75.972,C,1.4,No,Yes,Bachelor's,Low,8
S1661,Liam,Smith,student661@university.edu,Female,18,Business,87.68,63.39,100.0,81.64,65.64,40.4,96.13,77.034,C,5.9,No,Yes,Bachelor's,Medium,1
S1662,Ahmed,Davis,student662@university.edu,Male,18,Business,60.9,42.84,76.4,51.85,61.58,65.5,60.54,57.454,E,1.7,Yes,Yes,None,Medium,10
S1663,Ali,Williams,student663@university.edu,Male,23,Engineering,54.46,91.12,83.0,78.97,63.31,7.1,74.22,64.421,D,1.6,No,Yes,PhD,Low,6
S1664,Liam,Davis,student664@university.edu,Male,20,Business,84.43,42.16,76.92,63.16,60.98,24.3,65.02,57.845,E,8.9,No,Yes,High School,Low,6
S1665,Sara,Jones,student665@university.edu,Female,19,Mathematics,83.24,82.0,96.36,65.68,79.17,46.1,94.32,81.628,B,7.0,No,Yes,PhD,Low,8
S1666,Sara,Jones,student666@university.edu,Female,20,Mathematics,50.89,77.13,76.14,86.37,67.27,2.1,52.35,64.851,D,7.6,No,Yes,Bachelor's,Low,3
S1667,Sara,Jones,student667@university.edu,Male,24,Engineering,82.67,89.86,42.49,50.69,81.88,96.1,62.93,64.227,D,5.0,Yes,Yes,None,Medium,8
S1668,Omar,Smith,student668@university.edu,Male,24,Business,68.16,75.76,63.45,80.9,77.59,72.8,89.15,72.816,C,6.2,No,Yes,PhD,Medium,5
S1669,John,Smith,student669@university.edu,Female,19,Business,55.81,73.71,96.63,93.51,83.12,49.5,46.3,68.744,D,4.7,No,Yes,Bachelor's,Low,4
S1670,John,Brown,student670@university.edu,Female,18,Business,93.04,62.87,70.63,79.92,85.19,56.5,87.41,68.151,D,7.0,No,No,High School,High,9
S1671,Ahmed,Williams,student671@university.edu,Male,23,Engineering,60.77,99.48,70.92,95.15,63.48,32.2,96.53,69.364,D,2.0,No,Yes,High School,Low,3
S1672,Maria,Jones,student672@university.edu,Male,20,Mathematics,94.29,99.07,73.23,50.71,88.95,46.2,83.09,68.496,D,4.4,No,Yes,PhD,Medium,3
S1673,Liam,Smith,student673@university.edu,Female,19,Mathematics,58.43,96.3,47.98,76.76,56.14,65.0,79.96,70.265,C,6.6,No,Yes,High School,Medium,7
S1674,Omar,Brown,student674@university.edu,Female,22,Engineering,99.88,89.76,58.2,76.33,64.33,37.4,93.86,72.435,C,8.0,Yes,Yes,High School,Medium,7
S1675,John,Davis,student675@university.edu,Male,19,Mathematics,96.94,98.55,70.67,84.8,93.6,19.2,57.31,65.095,D,2.1,Yes,Yes,PhD,Low,5
S1676,Ali,Brown,student676@university.edu,Female,24,Engineering,53.28,72.28,55.92,79.3,86.55,13.6,62.18,60.078,D,2.1,No,Yes,High School,Low,3
S1677,Liam,Smith,student677@university.edu,Male,18,CS,87.15,99.38,78.74,51.86,67.1,0.8,79.92,64.474,D,7.1,Yes,Yes,Bachelor's,Low,1
S1678,Ali,Smith,student678@university.edu,Female,23,CS,57.78,80.33,60.71,56.22,87.88,98.3,69.25,66.785,D,1.9,No,Yes,PhD,High,10
S1679,Emma,Davis,student679@university.edu,Female,19,Engineering,91.71,59.5,62.65,80.31,84.53,10.8,47.65,62.211,D,3.9,No,Yes,High School,High,6
S1680,Sara,Davis,student680@university.edu,Male,21,Engineering,93.91,43.83,52.47,91.41,74.57,50.3,44.23,58.058,E,7.3,No,Yes,Master's,High,4
S1681,Omar,Williams,student681@university.edu,Male,19,Business,97.53,43.16,88.28,55.74,81.13,40.6,46.12,64.568,D,8.6,No,Yes,Bachelor's,Low,10
S1682,Maria,Johnson,student682@university.edu,Male,24,Mathematics,88.15,44.16,49.11,79.26,93.11,4.4,68.65,53.144,E,3.8,Yes,Yes,High School,Medium,9
S1683,Emma,Jones,student683@university.edu,Male,19,Business,90.07,75.89,82.39,58.74,74.89,32.2,42.4,64.065,D,4.3,No,No,Master's,Medium,5
S1684,Sara,Jones,student684@university.edu,Male,24,Mathematics,95.06,72.14,79.64,82.28,80.44,41.7,46.08,63.452,D,2.5,No,Yes,High School,Low,9
S1685,Emma,Davis,student685@university.edu,Male,20,CS,75.36,40.96,59.07,92.82,91.75,61.0,96.45,60.432,D,1.9,No,Yes,Master's,Medium,7
S1686,Maria,Jones,student686@university.edu,Male,19,Mathematics,62.73,64.68,60.53,90.82,73.94,33.1,81.37,66.962,D,8.6,No,Yes,Master's,Medium,7
S1687,Liam,Davis,student687@university.edu,Female,19,CS,51.61,78.19,49.02,64.08,88.5,47.4,61.8,59.305,E,6.9,Yes,Yes,None,Low,2
S1688,Ali,Johnson,student688@university.edu,Female,23,Business,83.51,69.65,73.85,81.23,53.39,52.0,55.44,70.193,C,9.3,Yes,Yes,High School,Low,8
S1689,John,Smith,student689@university.edu,Male,22,Mathematics,83.9,71.82,47.99,60.54,78.9,8.5,62.32,58.431,E,2.9,Yes,Yes,High School,Medium,9
S1690,John,Johnson,student690@university.edu,Female,24,Mathematics,78.71,42.06,81.18,78.74,70.7,3.5,51.21,58.499,E,5.8,Yes,Yes,None,Low,10
S1691,Emma,Davis,student691@university.edu,Male,21,Business,50.93,51.96,72.38,94.43,82.94,32.3,83.24,63.698,D,4.7,No,Yes,None,Low,3
S1692,Ahmed,Jones,student692@university.edu,Male,19,Business,62.83,52.13,44.81,51.95,56.83,33.9,86.94,56.503,E,8.2,No,Yes,Bachelor's,Medium,8
S1693,Maria,Smith,student693@university.edu,Male,20,CS,67.0,99.11,89.02,67.86,89.64,85.8,66.34,84.066,B,9.6,No,Yes,High School,Low,3
S1694,Maria,Brown,student694@university.edu,Male,22,Mathematics,70.34,58.56,73.65,53.4,56.4,15.8,47.63,51.142,E,5.1,No,Yes,None,High,10
S1695,Maria,Johnson,student695@university.edu,Female,22,Mathematics,91.52,66.29,68.6,70.29,84.07,78.5,41.82,63.184,D,2.7,Yes,Yes,None,Low,4
S1696,John,Johnson,student696@university.edu,Female,19,Engineering,97.35,59.94,84.3,65.09,61.31,20.8,95.57,73.369,C,9.8,No,Yes,Bachelor's,Low,6
S1697,Liam,Williams,student697@university.edu,Female,22,Engineering,82.47,74.96,54.0,85.82,78.99,82.1,50.12,69.071,D,6.6,No,Yes,Master's,Medium,10
S1698,Ali,Brown,student698@university.edu,Male,18,Mathematics,65.22,40.43,43.71,60.53,55.92,54.3,76.27,53.661,E,7.3,No,Yes,Bachelor's,Medium,4
S1699,Ali,Jones,student699@university.edu,Male,19,Engineering,82.22,57.35,87.51,95.93,97.37,40.7,99.77,80.782,B,8.4,No,Yes,None,Medium,2
S1700,Emma,Davis,student700@university.edu,Male,18,Mathematics,57.68,40.83,51.32,72.42,97.3,80.3,67.67,60.373,D,3.6,No,Yes,Bachelor's,Medium,8
S1701,Sara,Williams,student701@university.edu,Male,23,Mathematics,65.7,79.63,40.54,88.15,90.84,31.6,54.94,60.881,D,5.9,Yes,Yes,Master's,High,5
S1702,Maria,Johnson,student702@university.edu,Male,21,Mathematics,53.76,81.59,62.56,70.77,72.7,0.5,95.74,67.408,D,4.4,Yes,No,Master's,High,5
S1703,Maria,Smith,student703@university.edu,Male,18,Engineering,63.93,93.62,79.78,66.57,81.41,53.8,72.27,77.415,C,8.1,Yes,Yes,Master's,Medium,3
S1704,John,Williams,student704@university.edu,Male,19,Engineering,99.07,44.47,62.6,92.53,81.59,73.2,49.41,66.505,D,8.9,No,Yes,None,Low,3
S1705,Sara,Brown,student705@university.edu,Female,24,Engineering,60.59,40.7,84.15,53.38,77.34,29.0,85.73,57.382,E,2.2,No,No,Master's,Low,1
S1706,Maria,Davis,student706@university.edu,Male,23,Business,55.69,40.86,40.64,84.35,69.43,18.2,64.16,55.769,E,9.3,No,Yes,Bachelor's,Medium,2
S1707,Maria,Brown,student707@university.edu,Male,20,Business,63.09,99.96,93.49,57.33,64.26,70.2,41.97,77.452,C,4.2,Yes,Yes,PhD,Medium,8
S1708,Omar,Davis,student708@university.edu,Male,24,CS,75.89,51.03,73.0,68.94,93.4,71.8,56.6,71.506,C,9.3,No,Yes,PhD,Low,2
S1709,John,Williams,student709@university.edu,Female,24,CS,83.1,63.38,80.78,88.88,58.83,75.1,42.1,64.057,D,3.8,Yes,Yes,None,Low,2
S1710,Ahmed,Brown,student710@university.edu,Female,18,Engineering,58.08,64.92,52.74,85.89,54.04,61.0,83.87,61.478,D,3.9,No,Yes,Master's,Medium,6
S1711,John,Brown,student711@university.edu,Male,21,CS,74.74,68.78,87.72,78.57,82.56,45.3,59.25,74.285,C,7.1,Yes,Yes,PhD,Medium,1
S1712,Ahmed,Brown,student712@university.edu,Female,23,Business,86.85,79.06,51.12,71.53,66.2,18.5,80.42,64.161,D,6.2,No,Yes,High School,Medium,8
S1713,Emma,Williams,student713@university.edu,Female,22,Mathematics,54.82,87.22,56.87,88.49,59.57,66.1,48.75,64.393,D,6.3,No,Yes,High School,Low,6
S1714,Ahmed,Jones,student714@university.edu,Female,19,Engineering,74.55,58.23,54.16,92.02,61.77,57.6,40.58,63.032,D,8.6,Yes,Yes,Master's,Medium,3
S1715,Ahmed,Smith,student715@university.edu,Male,20,CS,55.55,48.83,88.4,89.59,65.78,14.9,76.86,68.092,D,6.6,No,Yes,Master's,High,6
S1716,John,Johnson,student716@university.edu,Male,23,Business,96.38,81.87,75.49,66.42,69.8,86.8,56.28,74.391,C,9.6,Yes,Yes,None,High,8
S1717,Sara,Davis,student717@university.edu,Female,24,CS,75.82,76.09,65.15,88.6,66.01,59.1,73.25,72.488,C,9.7,Yes,Yes,None,Medium,9
S1718,Maria,Brown,student718@university.edu,Female,21,CS,63.11,77.84,61.78,57.47,94.91,53.9,67.89,65.807,D,4.5,No,Yes,Master's,High,1
S1719,Liam,Brown,student719@university.edu,Female,20,CS,88.18,79.08,95.1,60.59,97.97,43.9,68.09,71.673,C,1.3,No,Yes,Bachelor's,Medium,6
S1720,Omar,Brown,student720@university.edu,Male,21,Business,75.94,69.67,85.95,80.28,78.1,11.1,51.62,69.253,D,5.2,No,Yes,Bachelor's,High,8
S1721,Sara,Williams,student721@university.edu,Male,19,Mathematics,53.51,92.8,85.73,64.25,59.91,22.4,74.43,68.327,D,1.8,No,Yes,Master's,High,8
S1722,Omar,Jones,student722@university.edu,Female,24,Engineering,61.34,79.59,73.31,68.17,97.08,64.7,51.34,70.518,C,2.7,No,Yes,Master's,Low,5
S1723,Ahmed,Brown,student723@university.edu,Male,21,Engineering,93.65,71.12,91.64,51.74,59.48,16.1,65.03,68.703,D,6.4,Yes,Yes,None,High,8
S1724,Emma,Smith,student724@university.edu,Male,19,Engineering,66.59,89.94,67.73,60.23,56.46,45.8,69.39,64.987,D,5.8,No,Yes,High School,High,4
S1725,Ahmed,Brown,student725@university.edu,Female,19,Engineering,96.27,68.23,89.32,55.5,99.15,67.0,40.58,73.608,C,8.3,Yes,Yes,Master's,Low,9
S1726,Ahmed,Williams,student726@university.edu,Male,20,Business,80.36,47.64,72.21,89.65,89.92,27.5,46.4,69.719,D,9.3,No,Yes,Master's,Low,6
S1727,Liam,Jones,student727@university.edu,Female,23,Business,83.83,86.2,84.9,57.43,66.64,57.9,86.72,65.652,D,3.3,No,Yes,PhD,Medium,6
S1728,Ahmed,Brown,student728@university.edu,Male,19,CS,95.25,66.59,67.04,81.47,52.47,16.8,89.12,65.771,D,8.0,No,No,None,Medium,2
S1729,Maria,Jones,student729@university.edu,Female,23,CS,94.48,87.28,79.56,69.06,70.44,67.9,98.55,78.926,C,8.7,No,Yes,Bachelor's,Medium,6
S1730,Ahmed,Johnson,student730@university.edu,Male,21,CS,90.23,87.9,46.57,92.68,71.33,7.7,72.06,58.363,E,1.5,No,Yes,None,Medium,3
S1731,Maria,Williams,student731@university.edu,Male,23,Mathematics,76.76,57.85,74.76,52.57,92.18,65.5,66.47,70.062,C,6.8,No,Yes,PhD,Low,5
S1732,John,Brown,student732@university.edu,Female,20,Mathematics,64.5,46.98,59.38,62.4,83.75,4.8,82.21,57.984,E,6.5,No,No,None,Low,4
S1733,Maria,Brown,student733@university.edu,Male,20,Mathematics,81.64,93.38,41.47,75.24,89.06,79.0,73.31,76.851,C,9.3,Yes,Yes,None,Low,5
S1734,Maria,Johnson,student734@university.edu,Male,22,Mathematics,67.47,70.38,50.8,79.12,73.04,46.2,57.83,58.29,E,4.1,Yes,No,Master's,Medium,5
S1735,Emma,Jones,student735@university.edu,Female,23,Mathematics,98.64,52.27,69.88,70.88,88.03,53.2,79.34,64.002,D,5.1,No,Yes,None,Medium,5
S1736,Sara,Brown,student736@university.edu,Male,23,CS,74.21,99.99,43.95,77.43,95.52,71.3,75.82,69.909,D,4.9,Yes,Yes,High School,Medium,3
S1737,Sara,Johnson,student737@university.edu,Male,18,Business,72.56,72.25,91.81,86.19,53.16,41.3,97.07,75.037,C,3.1,No,Yes,Master's,Low,7
S1738,Maria,Davis,student738@university.edu,Female,20,Mathematics,77.21,53.73,84.75,62.21,57.7,11.2,95.18,62.447,D,2.5,Yes,Yes,Master's,High,8
S1739,Emma,Smith,student739@university.edu,Male,19,Business,56.42,86.9,87.87,66.58,62.27,18.6,60.58,70.867,C,8.2,No,Yes,PhD,High,4
S1740,Omar,Jones,student740@university.edu,Female,18,Mathematics,73.73,60.19,54.52,57.83,54.13,5.6,77.97,57.353,E,7.0,Yes,Yes,High School,Low,10
S1741,Ahmed,Johnson,student741@university.edu,Male,24,Mathematics,86.26,88.28,53.18,75.82,95.69,17.2,52.52,61.965,D,4.4,No,No,High School,High,8
S1742,Maria,Brown,student742@university.edu,Male,20,Business,58.3,58.46,60.89,67.1,70.57,72.5,76.74,68.55,D,9.1,Yes,No,Bachelor's,High,5
S1743,Maria,Johnson,student743@university.edu,Male,23,CS,73.77,72.13,82.09,84.58,55.01,64.7,52.16,66.305,D,8.1,Yes,Yes,Bachelor's,Medium,5
S1744,Emma,Johnson,student744@university.edu,Male,21,Mathematics,77.17,52.62,54.65,54.53,95.82,90.0,88.54,63.328,D,4.7,Yes,Yes,Bachelor's,Medium,6
S1745,Ahmed,Jones,student745@university.edu,Male,21,Business,98.86,90.98,91.26,97.85,91.22,42.6,41.08,76.789,C,3.6,Yes,Yes,Bachelor's,Medium,6
S1746,John,Jones,student746@university.edu,Male,18,CS,53.77,65.7,84.09,64.35,61.2,30.8,79.2,67.27,D,9.4,Yes,Yes,Master's,Medium,2
S1747,Emma,Johnson,student747@university.edu,Female,23,Engineering,54.71,64.22,74.68,99.05,87.69,81.9,62.12,72.133,C,3.9,No,Yes,PhD,Medium,2
S1748,Maria,Williams,student748@university.edu,Male,21,Engineering,91.06,94.36,99.46,96.5,87.42,29.8,89.19,85.716,B,6.6,No,No,Master's,Medium,8
S1749,Omar,Jones,student749@university.edu,Male,23,Mathematics,98.26,44.49,87.09,77.55,55.34,39.5,82.97,67.099,D,5.0,No,Yes,None,Low,1
S1750,Liam,Davis,student750@university.edu,Male,24,Business,81.32,55.32,79.27,58.3,95.32,59.5,71.24,67.106,D,1.5,No,Yes,None,Medium,8
S1751,John,Williams,student751@university.edu,Female,19,Mathematics,87.28,94.8,57.58,72.8,89.25,19.7,71.48,68.13,D,2.0,No,Yes,None,High,9
S1752,Liam,Brown,student752@university.edu,Male,20,Business,61.26,50.21,76.98,91.17,92.58,41.7,85.95,71.044,C,4.2,Yes,Yes,None,Low,8
S1753,Sara,Smith,student753@university.edu,Male,21,Business,97.45,63.67,70.07,75.02,55.94,65.9,77.34,69.915,D,5.8,No,Yes,PhD,Low,5
S1754,Ahmed,Brown,student754@university.edu,Female,20,CS,82.7,60.78,54.06,50.01,66.92,15.5,54.57,55.483,E,7.1,Yes,Yes,Bachelor's,Medium,2
S1755,John,Brown,student755@university.edu,Male,23,Mathematics,65.69,80.05,49.68,61.64,66.64,35.3,79.36,59.721,E,1.8,No,Yes,Master's,High,10
S1756,Ali,Brown,student756@university.edu,Female,21,CS,88.55,70.01,77.47,50.24,82.74,93.0,68.94,65.854,D,3.1,Yes,Yes,Bachelor's,High,2
S1757,Sara,Brown,student757@university.edu,Male,19,Business,69.41,91.88,99.62,90.07,67.8,95.9,71.31,87.891,B,7.5,No,Yes,Bachelor's,High,10
S1758,Ahmed,Smith,student758@university.edu,Female,20,Business,58.89,72.24,42.6,68.38,79.48,92.9,86.29,67.66,D,7.1,No,Yes,None,Medium,3
S1759,Ahmed,Williams,student759@university.edu,Female,22,CS,62.28,49.98,56.67,71.41,52.5,55.9,40.3,50.538,E,2.8,Yes,Yes,Master's,Medium,8
S1760,John,Williams,student760@university.edu,Female,23,Engineering,55.86,45.47,91.16,91.33,71.05,46.3,70.71,67.981,D,5.8,No,Yes,None,Medium,3
S1761,Maria,Davis,student761@university.edu,Male,19,Engineering,85.2,76.92,66.69,69.3,57.25,52.5,81.4,62.292,D,2.4,Yes,Yes,PhD,Low,4
S1762,Liam,Johnson,student762@university.edu,Male,20,Business,90.35,85.66,89.49,53.49,67.39,86.7,74.59,73.203,C,2.3,Yes,Yes,PhD,Medium,4
S1763,Omar,Williams,student763@university.edu,Male,21,Business,61.84,73.26,61.15,88.57,99.91,35.3,55.01,65.476,D,4.0,Yes,Yes,Master's,Medium,2
S1764,Liam,Johnson,student764@university.edu,Female,19,Business,66.4,95.35,67.63,89.64,90.14,69.5,60.4,72.615,C,2.7,Yes,Yes,None,Medium,9
S1765,Omar,Williams,student765@university.edu,Male,20,Mathematics,86.84,77.07,92.6,92.81,63.58,95.0,43.0,78.625,C,4.1,No,Yes,None,High,5
S1766,John,Jones,student766@university.edu,Male,19,CS,61.9,43.59,42.97,58.3,54.56,88.5,72.9,57.663,E,6.8,No,Yes,None,Medium,10
S1767,Liam,Davis,student767@university.edu,Male,21,Mathematics,79.94,50.12,86.25,82.16,63.25,66.8,59.53,65.647,D,3.2,Yes,No,PhD,Low,8
S1768,Emma,Jones,student768@university.edu,Male,18,Engineering,90.93,50.47,66.44,99.8,68.18,97.1,88.36,77.155,C,5.0,No,Yes,None,High,1
S1769,Ahmed,Smith,student769@university.edu,Male,19,CS,89.83,99.55,87.48,93.34,80.83,97.0,53.98,75.192,C,6.9,Yes,Yes,Bachelor's,Low,2
S1770,Ahmed,Johnson,student770@university.edu,Female,23,CS,79.34,57.4,99.58,58.8,58.42,23.9,61.29,68.812,D,8.8,Yes,Yes,High School,High,6
S1771,Omar,Brown,student771@university.edu,Female,21,CS,83.92,57.27,86.74,93.0,85.64,51.5,80.1,73.342,C,2.2,Yes,Yes,Master's,Medium,4
S1772,John,Jones,student772@university.edu,Male,20,Business,97.71,78.14,69.61,56.96,82.54,81.6,72.85,71.998,C,2.7,Yes,Yes,High School,High,3
S1773,Sara,Jones,student773@university.edu,Male,18,CS,84.69,80.7,59.15,64.44,76.6,1.0,91.32,61.365,D,6.5,No,Yes,High School,Medium,4
S1774,Maria,Smith,student774@university.edu,Male,23,Mathematics,95.02,40.87,84.42,94.88,64.98,59.9,85.6,65.015,D,5.3,Yes,No,None,Medium,6
S1775,Liam,Johnson,student775@university.edu,Male,21,Engineering,84.53,80.83,81.5,81.84,52.51,67.9,68.69,71.205,C,1.4,Yes,Yes,Master's,Medium,2
S1776,Omar,Johnson,student776@university.edu,Male,22,CS,88.92,84.3,98.91,56.19,52.06,22.4,51.12,73.392,C,9.7,Yes,Yes,Bachelor's,Medium,1
S1777,Sara,Smith,student777@university.edu,Male,22,Business,66.15,71.17,71.99,76.77,64.07,80.9,62.67,75.463,C,9.9,No,Yes,None,Low,3
S1778,John,Johnson,student778@university.edu,Female,18,CS,82.13,75.03,76.87,98.7,72.4,81.0,94.62,71.49,C,1.0,No,Yes,Bachelor's,Low,10
S1779,Ali,Williams,student779@university.edu,Female,19,Business,90.76,56.48,59.69,50.05,58.33,35.0,65.05,55.05,E,6.1,Yes,No,None,Medium,3
S1780,Maria,Jones,student780@university.edu,Female,20,Engineering,74.07,49.62,48.44,61.75,74.24,72.5,77.41,56.069,E,1.5,Yes,Yes,Bachelor's,High,10
S1781,Liam,Jones,student781@university.edu,Male,20,Business,68.55,92.58,62.92,54.88,68.9,54.1,59.41,59.482,E,3.2,Yes,Yes,Bachelor's,High,10
S1782,Omar,Williams,student782@university.edu,Male,21,Engineering,54.89,55.41,75.03,79.4,91.95,46.0,72.97,72.792,C,8.9,No,Yes,Master's,Medium,10
S1783,Ahmed,Smith,student783@university.edu,Female,19,CS,53.44,58.58,63.98,62.76,91.11,53.2,65.14,64.701,D,9.9,No,Yes,High School,Medium,9
S1784,Ali,Johnson,student784@university.edu,Male,23,Business,69.37,98.32,79.37,81.01,77.53,75.3,42.15,76.445,C,4.3,Yes,Yes,PhD,High,10
S1785,Emma,Jones,student785@university.edu,Female,18,Mathematics,92.45,49.11,96.42,80.94,63.51,69.8,73.26,73.212,C,6.4,No,Yes,None,Medium,6
S1786,Emma,Williams,student786@university.edu,Female,22,CS,50.26,41.35,71.18,99.07,95.07,49.9,62.12,64.27,D,6.7,No,Yes,Master's,Low,1
S1787,Sara,Brown,student787@university.edu,Female,20,Mathematics,66.81,78.45,86.04,60.74,58.34,81.9,61.42,74.576,C,5.2,Yes,No,Bachelor's,Medium,2
S1788,Sara,Jones,student788@university.edu,Male,19,Engineering,64.8,64.24,81.98,88.96,73.64,96.5,82.08,67.27,D,2.3,No,Yes,Bachelor's,High,7
S1789,Liam,Williams,student789@university.edu,Female,21,Business,62.67,63.76,69.76,83.04,65.56,32.6,72.58,70.157,C,8.7,Yes,Yes,Bachelor's,High,6
S1790,Liam,Brown,student790@university.edu,Male,20,CS,61.56,96.27,61.54,96.83,97.54,88.0,50.98,76.469,C,4.0,No,Yes,Master's,Low,5
S1791,Ahmed,Johnson,student791@university.edu,Male,20,Business,90.42,86.89,76.61,66.89,72.6,95.5,80.83,70.205,C,2.9,No,Yes,Master's,Medium,8
S1792,Maria,Williams,student792@university.edu,Female,20,Mathematics,98.76,44.78,68.41,98.64,85.96,80.5,46.06,61.336,D,1.3,Yes,Yes,None,High,10
S1793,Omar,Brown,student793@university.edu,Male,19,CS,79.0,93.58,61.0,68.31,67.37,43.7,57.52,61.785,D,1.2,No,No,High School,High,10
S1794,Sara,Davis,student794@university.edu,Male,22,CS,61.95,85.76,91.49,68.57,77.07,60.6,87.67,78.904,C,5.3,No,Yes,Master's,Medium,7
S1795,Maria,Davis,student795@university.edu,Male,23,CS,88.2,99.02,60.67,95.42,57.5,15.6,56.15,61.495,D,1.3,No,Yes,High School,Medium,1
S1796,Maria,Williams,student796@university.edu,Female,20,Engineering,96.22,76.21,40.63,60.07,96.42,93.7,99.42,61.135,D,1.5,Yes,Yes,Master's,Medium,3
S1797,Emma,Jones,student797@university.edu,Female,21,Business,65.88,81.15,81.25,56.03,63.04,42.2,86.66,74.98,C,5.8,No,Yes,Bachelor's,Medium,9
S1798,Omar,Davis,student798@university.edu,Female,23,Mathematics,75.48,76.58,67.49,60.99,72.03,32.1,64.48,59.312,E,1.7,Yes,Yes,None,Low,8
S1799,Maria,Davis,student799@university.edu,Male,23,CS,89.81,79.49,92.98,57.24,95.19,87.1,77.47,80.332,B,7.3,Yes,Yes,High School,Medium,4
S1800,Emma,Johnson,student800@university.edu,Female,18,Engineering,61.73,71.44,90.2,81.56,67.02,38.3,73.6,71.491,C,2.0,Yes,Yes,PhD,Low,5
S1801,Liam,Smith,student801@university.edu,Female,21,Mathematics,67.63,85.03,98.3,76.35,62.93,65.4,67.37,76.503,C,5.4,Yes,Yes,PhD,Low,2
S1802,Omar,Williams,student802@university.edu,Female,18,Mathematics,55.79,73.16,92.18,89.67,73.66,83.9,71.68,83.144,B,6.2,No,Yes,Bachelor's,Low,3
S1803,Maria,Jones,student803@university.edu,Female,22,Engineering,97.66,69.78,91.54,72.41,84.09,41.0,55.02,76.278,C,7.7,No,Yes,High School,Low,1
S1804,John,Williams,student804@university.edu,Male,18,Engineering,76.28,64.87,49.89,53.63,90.72,82.7,45.22,60.833,D,5.6,Yes,Yes,Bachelor's,Medium,4
S1805,Emma,Johnson,student805@university.edu,Male,18,Mathematics,85.1,73.33,74.27,93.31,68.35,17.3,64.06,68.459,D,5.6,No,Yes,High School,High,8
S1806,Liam,Davis,student806@university.edu,Female,20,Mathematics,76.14,65.21,90.11,53.57,94.76,89.4,98.43,74.106,C,4.0,No,Yes,Bachelor's,Medium,9
S1807,Ahmed,Jones,student807@university.edu,Male,20,Engineering,84.85,93.64,69.22,83.65,79.15,76.8,58.7,70.709,C,7.9,No,Yes,None,Low,4
S1808,Liam,Williams,student808@university.edu,Female,18,Mathematics,98.63,61.27,68.28,84.01,63.08,90.1,81.93,72.198,C,7.3,No,Yes,Master's,Low,7
S1809,John,Johnson,student809@university.edu,Male,23,Engineering,81.93,74.0,53.83,51.08,83.98,58.0,57.45,56.19,E,9.5,No,Yes,PhD,High,9
S1810,John,Davis,student810@university.edu,Female,21,Business,97.69,83.86,44.24,51.25,53.76,29.2,79.16,55.17,E,6.2,No,Yes,None,High,9
S1811,Ali,Smith,student811@university.edu,Male,21,Engineering,82.7,49.46,62.4,57.27,69.38,20.9,98.93,59.438,E,2.5,No,Yes,None,Medium,4
S1812,Ahmed,Smith,student812@university.edu,Female,24,Business,50.6,90.08,60.46,69.77,56.95,93.9,59.63,73.044,C,8.4,Yes,No,Bachelor's,Medium,6
S1813,Liam,Davis,student813@university.edu,Male,19,Business,72.83,95.73,77.58,77.98,90.27,32.4,63.48,72.518,C,4.3,No,Yes,None,Low,6
S1814,Liam,Smith,student814@university.edu,Male,19,CS,58.92,78.7,47.99,93.72,54.18,22.0,76.53,64.617,D,9.1,No,Yes,None,Low,7
S1815,Omar,Williams,student815@university.edu,Female,20,Mathematics,50.31,60.72,84.7,68.49,91.48,61.5,92.94,73.865,C,9.2,No,Yes,None,Medium,3
S1816,Maria,Brown,student816@university.edu,Female,19,Mathematics,87.51,86.14,95.93,61.66,69.69,58.2,80.03,82.736,B,7.7,Yes,Yes,Bachelor's,Medium,5
S1817,Sara,Williams,student817@university.edu,Male,24,CS,76.07,58.06,50.39,85.43,93.16,35.4,57.62,58.816,E,7.6,No,Yes,Bachelor's,Low,1
S1818,Ahmed,Johnson,student818@university.edu,Female,20,Engineering,99.02,84.05,92.32,93.19,92.49,17.4,68.04,78.638,C,4.6,No,Yes,Master's,Medium,4
S1819,Emma,Johnson,student819@university.edu,Female,21,Mathematics,83.87,82.92,63.04,52.04,94.34,43.8,48.72,63.149,D,8.4,No,Yes,None,High,10
S1820,Ahmed,Jones,student820@university.edu,Male,20,Mathematics,51.86,53.01,53.75,50.15,96.04,24.1,41.59,55.68,E,7.8,No,No,Bachelor's,Low,2
S1821,Sara,Williams,student821@university.edu,Female,19,Engineering,79.26,64.23,71.54,79.68,74.98,55.3,69.73,70.815,C,7.1,Yes,Yes,High School,Medium,9
S1822,John,Smith,student822@university.edu,Male,21,CS,88.5,55.3,97.6,63.65,80.78,45.7,79.02,76.659,C,5.1,No,Yes,None,Low,3
S1823,Ali,Williams,student823@university.edu,Male,22,CS,92.1,66.38,88.98,72.74,58.32,35.2,74.89,71.859,C,7.1,Yes,Yes,None,Medium,4
S1824,Liam,Brown,student824@university.edu,Male,18,Mathematics,78.52,45.54,66.81,86.63,70.94,53.8,98.79,59.766,E,2.0,No,Yes,High School,Medium,8
S1825,John,Davis,student825@university.edu,Female,19,CS,97.18,51.84,43.99,67.58,96.74,70.6,63.56,60.615,D,5.4,No,Yes,Master's,Low,4
S1826,Sara,Williams,student826@university.edu,Male,24,Business,57.91,72.74,89.42,93.82,87.44,79.9,84.79,83.479,B,4.8,Yes,Yes,Master's,Low,1
S1827,John,Brown,student827@university.edu,Male,18,Mathematics,63.36,98.75,82.21,71.96,99.79,50.6,75.58,84.994,B,4.5,No,No,PhD,Medium,3
S1828,Ali,Brown,student828@university.edu,Female,23,Business,50.18,89.78,42.07,70.41,60.54,25.6,68.57,55.341,E,1.5,Yes,Yes,Master's,Low,8
S1829,Ali,Jones,student829@university.edu,Female,19,CS,92.91,75.39,64.39,85.79,78.22,81.2,78.23,68.842,D,4.3,No,Yes,Bachelor's,Medium,1
S1830,Emma,Jones,student830@university.edu,Female,23,CS,72.57,78.99,41.69,94.85,96.49,75.8,58.43,62.289,D,3.9,Yes,No,Master's,Medium,4
S1831,Emma,Smith,student831@university.edu,Female,20,Engineering,76.74,54.94,68.82,87.55,79.65,25.6,78.4,59.137,E,1.8,Yes,Yes,PhD,Low,1
S1832,Ahmed,Johnson,student832@university.edu,Female,22,Mathematics,63.71,53.26,79.36,98.6,70.66,4.5,98.39,67.561,D,5.3,No,Yes,Master's,Low,4
S1833,Ali,Williams,student833@university.edu,Male,21,Mathematics,59.01,79.16,55.4,65.26,67.13,51.2,53.96,55.55,E,1.5,Yes,Yes,Master's,Low,9
S1834,Omar,Smith,student834@university.edu,Female,23,CS,99.67,76.61,74.79,51.66,62.02,2.5,98.87,71.436,C,9.2,No,Yes,High School,Medium,2
S1835,Ali,Williams,student835@university.edu,Female,23,Business,56.25,81.72,83.21,88.4,81.38,22.8,61.3,73.3,C,7.4,Yes,Yes,Bachelor's,Medium,9
S1836,Ahmed,Jones,student836@university.edu,Female,19,Mathematics,87.01,44.92,88.19,79.11,59.37,96.5,79.3,75.131,C,4.2,No,Yes,None,Medium,7
S1837,Sara,Davis,student837@university.edu,Male,20,Business,86.03,81.1,82.51,73.49,54.33,55.7,58.3,74.687,C,5.0,Yes,Yes,None,Medium,6
S1838,Ali,Jones,student838@university.edu,Female,24,CS,62.78,74.23,87.34,94.35,58.9,86.4,88.55,80.575,B,4.7,No,No,PhD,High,1
S1839,Ali,Davis,student839@university.edu,Female,18,CS,73.82,88.3,56.09,51.29,85.9,34.4,66.92,60.086,D,1.8,Yes,Yes,High School,Low,1
S1840,John,Jones,student840@university.edu,Male,24,Business,73.98,43.19,56.34,92.34,92.72,19.8,64.75,59.071,E,7.8,Yes,Yes,Bachelor's,Medium,9
S1841,Omar,Jones,student841@university.edu,Male,24,CS,58.88,79.88,73.38,97.3,73.3,93.6,69.81,67.928,D,3.9,Yes,Yes,High School,Medium,9
S1842,Emma,Brown,student842@university.edu,Male,19,Mathematics,87.79,82.92,92.12,95.17,95.22,52.9,54.7,85.064,B,9.5,No,Yes,PhD,Medium,9
S1843,John,Davis,student843@university.edu,Female,22,Business,95.88,44.97,47.72,88.82,69.18,12.3,48.26,49.816,F,5.7,No,Yes,Bachelor's,Medium,9
S1844,Ali,Johnson,student844@university.edu,Male,22,Mathematics,63.42,85.9,47.64,86.87,62.19,19.6,54.92,58.548,E,6.3,No,Yes,Bachelor's,Low,10
S1845,Omar,Smith,student845@university.edu,Male,20,Engineering,50.05,96.39,52.3,77.38,91.21,54.5,68.33,63.503,D,4.9,No,Yes,PhD,Low,2
S1846,Ahmed,Williams,student846@university.edu,Male,19,CS,66.47,50.43,48.18,58.7,75.94,29.1,93.11,58.789,E,6.3,No,Yes,PhD,Medium,6
S1847,Ali,Smith,student847@university.edu,Male,21,Business,86.57,57.09,41.25,66.21,62.14,78.5,95.05,59.146,E,3.6,Yes,No,PhD,Low,1
S1848,Ali,Williams,student848@university.edu,Male,21,Mathematics,98.32,85.57,97.09,69.85,96.24,71.4,60.17,80.028,B,6.3,No,Yes,Bachelor's,Medium,2
S1849,Liam,Brown,student849@university.edu,Female,18,Business,80.42,93.15,85.45,69.6,83.18,97.6,63.6,79.507,C,7.0,Yes,Yes,PhD,Medium,10
S1850,Emma,Davis,student850@university.edu,Female,20,Engineering,87.13,81.1,49.99,79.5,88.44,7.2,76.51,63.294,D,1.9,Yes,Yes,Master's,Low,3
S1851,John,Williams,student851@university.edu,Male,23,CS,59.28,66.06,42.51,70.45,57.25,57.9,42.21,54.949,E,3.3,Yes,No,PhD,Medium,10
S1852,Ahmed,Jones,student852@university.edu,Female,19,Mathematics,59.41,68.31,52.32,56.65,83.21,36.6,74.98,61.252,D,4.0,No,Yes,PhD,Medium,4
S1853,Ahmed,Williams,student853@university.edu,Female,23,CS,86.7,77.39,50.57,57.9,83.53,5.0,92.74,54.19,E,3.4,Yes,Yes,PhD,Low,2
S1854,Ali,Jones,student854@university.edu,Female,21,Business,58.63,99.18,91.05,82.48,84.08,5.4,73.15,74.038,C,8.5,No,No,Bachelor's,Low,8
S1855,Emma,Brown,student855@university.edu,Female,20,CS,97.73,76.95,97.45,61.28,53.89,11.9,78.77,71.082,C,7.6,No,Yes,High School,High,10
S1856,Ahmed,Johnson,student856@university.edu,Male,21,Business,68.72,66.44,59.16,81.44,80.27,95.9,96.03,70.1,C,5.2,Yes,Yes,None,High,9
S1857,Liam,Davis,student857@university.edu,Female,24,Engineering,77.89,64.35,76.82,62.93,53.02,68.2,73.85,68.539,D,8.8,No,Yes,High School,Medium,8
S1858,Sara,Brown,student858@university.edu,Female,21,Business,85.02,41.67,93.7,78.23,89.58,48.7,76.51,65.091,D,1.4,Yes,Yes,Master's,High,10
S1859,Sara,Smith,student859@university.edu,Male,21,Business,55.88,47.48,75.73,75.44,79.71,48.4,71.55,68.531,D,4.5,Yes,Yes,Bachelor's,Low,1
S1860,Ali,Smith,student860@university.edu,Male,18,Engineering,98.74,41.65,51.19,90.75,53.33,31.2,88.47,56.154,E,5.0,Yes,Yes,None,Low,5
S1861,Emma,Smith,student861@university.edu,Male,22,Business,96.59,82.3,82.72,65.9,87.32,56.9,87.53,77.754,C,5.7,No,Yes,Master's,Low,3
S1862,Ahmed,Johnson,student862@university.edu,Male,22,Business,58.98,56.67,78.26,79.57,59.94,77.5,67.07,72.461,C,3.2,Yes,Yes,None,High,2
S1863,Sara,Jones,student863@university.edu,Female,18,Business,89.7,91.2,66.28,55.03,67.65,97.4,88.78,70.353,C,3.7,No,Yes,Master's,High,6
S1864,Emma,Davis,student864@university.edu,Male,19,Mathematics,77.36,91.43,76.66,93.96,64.58,13.8,66.19,64.103,D,1.4,No,Yes,None,Low,6
S1865,Maria,Smith,student865@university.edu,Female,19,Engineering,59.81,91.03,46.42,73.7,87.81,54.6,92.72,68.366,D,1.9,Yes,Yes,Bachelor's,Low,7
S1866,Sara,Davis,student866@university.edu,Female,20,Engineering,58.18,84.62,79.89,66.54,70.08,9.2,68.51,68.497,D,9.1,No,Yes,Bachelor's,Medium,10
S1867,Emma,Davis,student867@university.edu,Male,18,CS,89.01,93.1,83.06,63.27,53.45,18.0,61.36,71.197,C,7.5,Yes,Yes,None,Medium,4
S1868,Omar,Davis,student868@university.edu,Female,18,Engineering,68.71,59.96,84.96,91.36,69.87,87.0,90.97,77.892,C,5.0,No,Yes,PhD,Low,8
S1869,Maria,Brown,student869@university.edu,Female,21,Engineering,59.33,65.54,41.47,55.74,84.32,15.3,57.92,52.907,E,8.3,No,No,None,High,2
S1870,Emma,Johnson,student870@university.edu,Female,18,CS,85.71,57.75,97.49,56.74,68.33,56.0,64.46,69.279,D,3.0,Yes,Yes,PhD,Low,6
S1871,Ali,Jones,student871@university.edu,Female,21,CS,79.56,58.5,46.23,82.51,78.0,39.5,75.17,56.282,E,5.0,Yes,Yes,PhD,Medium,10
S1872,Sara,Jones,student872@university.edu,Male,19,CS,57.71,43.17,45.88,89.3,90.34,46.0,67.23,62.044,D,10.0,Yes,Yes,Master's,Low,4
S1873,Emma,Johnson,student873@university.edu,Female,23,CS,80.09,93.96,66.75,80.57,92.6,33.0,64.43,70.079,C,1.0,Yes,No,Master's,Medium,7
S1874,Omar,Smith,student874@university.edu,Female,22,CS,93.73,64.85,78.08,96.71,75.8,77.8,56.25,75.44,C,3.2,Yes,Yes,Bachelor's,Low,10
S1875,Omar,Brown,student875@university.edu,Female,20,CS,74.37,61.89,61.46,97.94,68.07,47.8,67.61,68.879,D,9.0,No,Yes,Master's,Low,2
S1876,Omar,Johnson,student876@university.edu,Female,19,Engineering,86.54,68.91,47.61,85.17,76.52,60.3,42.74,62.648,D,6.7,No,Yes,High School,Low,3
S1877,Ali,Davis,student877@university.edu,Male,21,CS,97.26,51.65,79.8,60.96,55.24,31.4,69.22,59.348,E,6.2,No,Yes,Master's,High,8
S1878,Sara,Johnson,student878@university.edu,Male,20,Engineering,57.93,82.51,46.28,50.96,95.05,99.3,49.03,64.03,D,7.7,No,Yes,PhD,Low,6
S1879,Liam,Williams,student879@university.edu,Female,19,Mathematics,60.78,88.31,94.08,95.63,94.41,27.4,93.61,74.109,C,2.9,No,Yes,Bachelor's,High,9
S1880,Omar,Johnson,student880@university.edu,Female,22,Engineering,54.84,40.8,85.5,91.12,75.88,59.3,99.85,69.347,D,4.2,Yes,Yes,PhD,Low,2
S1881,Sara,Jones,student881@university.edu,Female,23,CS,59.4,86.11,80.52,95.13,56.3,4.6,63.7,70.272,C,4.9,No,Yes,Master's,Low,5
S1882,Ahmed,Brown,student882@university.edu,Female,19,Engineering,65.21,88.15,77.78,71.2,74.15,14.8,66.52,64.234,D,2.2,Yes,Yes,High School,High,8
S1883,Liam,Jones,student883@university.edu,Male,18,CS,67.44,60.72,83.06,51.15,54.82,7.5,99.64,68.969,D,7.0,No,Yes,None,Low,1
S1884,Ali,Jones,student884@university.edu,Female,23,Mathematics,90.09,95.74,70.79,75.32,98.4,27.6,99.57,75.52,C,3.4,Yes,Yes,Bachelor's,High,4
S1885,Sara,Davis,student885@university.edu,Female,18,Business,62.14,59.35,95.16,96.17,79.17,53.9,64.28,73.585,C,8.1,No,No,Master's,Low,6
S1886,Ahmed,Jones,student886@university.edu,Male,18,CS,84.73,61.25,77.63,69.32,96.02,15.1,81.85,67.32,D,4.5,No,Yes,PhD,High,4
S1887,Liam,Davis,student887@university.edu,Female,20,Mathematics,76.56,72.01,69.58,95.45,64.03,59.3,57.13,75.675,C,8.3,Yes,Yes,Bachelor's,Medium,6
S1888,Ali,Smith,student888@university.edu,Male,23,Engineering,58.37,62.47,83.11,81.28,88.98,11.0,45.54,63.552,D,7.9,Yes,Yes,PhD,Low,10
S1889,Ali,Williams,student889@university.edu,Female,22,Mathematics,75.43,87.61,96.47,57.03,59.72,97.0,42.18,73.422,C,4.7,Yes,Yes,High School,High,8
S1890,Omar,Smith,student890@university.edu,Female,22,Engineering,79.79,82.62,74.11,99.89,79.77,10.0,60.52,74.784,C,9.8,No,Yes,Master's,Low,1
S1891,Sara,Jones,student891@university.edu,Male,22,Mathematics,85.99,75.64,71.64,58.78,90.93,9.2,78.54,65.052,D,8.0,No,Yes,PhD,Medium,6
S1892,Omar,Brown,student892@university.edu,Female,22,Engineering,51.3,49.21,73.63,51.74,52.73,35.2,71.9,63.709,D,9.6,Yes,Yes,Master's,Low,2
S1893,Maria,Johnson,student893@university.edu,Male,19,CS,52.15,68.86,59.16,78.45,63.0,98.4,48.52,66.935,D,9.7,No,Yes,PhD,Medium,2
S1894,Maria,Davis,student894@university.edu,Female,24,Mathematics,95.73,76.93,73.72,52.86,82.52,67.1,76.54,64.255,D,4.8,No,Yes,PhD,Low,4
S1895,Ahmed,Johnson,student895@university.edu,Male,23,Engineering,93.37,46.51,52.05,97.93,80.68,12.9,92.27,55.439,E,9.2,No,Yes,PhD,Low,10
S1896,Emma,Brown,student896@university.edu,Male,21,Business,50.03,70.14,48.94,74.34,65.87,46.5,78.69,59.065,E,2.8,Yes,Yes,Master's,High,9
S1897,Maria,Jones,student897@university.edu,Female,20,Business,82.43,82.7,53.17,80.95,79.63,26.0,70.42,64.431,D,3.7,Yes,Yes,Bachelor's,Medium,1
S1898,John,Davis,student898@university.edu,Male,22,Business,52.09,67.67,64.97,54.65,83.02,36.5,67.23,57.664,E,2.5,No,Yes,PhD,Low,10
S1899,Maria,Jones,student899@university.edu,Male,22,CS,84.61,45.93,50.4,57.61,57.57,46.7,44.5,48.562,F,2.8,No,Yes,None,Medium,6
S1900,Maria,Williams,student900@university.edu,Female,24,Business,91.08,87.09,60.99,54.37,54.17,29.7,54.77,55.252,E,5.2,No,Yes,None,Medium,4
S1901,Sara,Brown,student901@university.edu,Female,24,Business,56.86,92.4,87.22,86.26,72.9,31.8,45.27,66.457,D,6.6,No,Yes,Bachelor's,Medium,2
S1902,Maria,Jones,student902@university.edu,Female,20,Mathematics,90.06,45.05,71.46,69.13,63.22,45.6,67.05,56.988,E,2.4,Yes,Yes,Master's,Low,8
S1903,Maria,Brown,student903@university.edu,Female,20,Engineering,66.38,59.31,97.99,69.15,88.95,99.1,57.05,80.65,B,6.4,No,No,None,High,7
S1904,Sara,Jones,student904@university.edu,Female,22,Mathematics,86.94,81.2,41.66,71.93,75.23,90.6,57.97,61.278,D,2.6,Yes,Yes,PhD,Medium,1
S1905,Maria,Johnson,student905@university.edu,Male,23,Mathematics,99.44,90.39,69.38,70.68,64.65,43.0,82.8,71.482,C,2.3,Yes,No,Bachelor's,Low,3
S1906,Ahmed,Smith,student906@university.edu,Female,18,Business,54.19,61.35,48.91,53.58,60.38,55.8,88.57,60.448,D,5.5,No,Yes,High School,High,8
S1907,Ali,Brown,student907@university.edu,Female,21,CS,55.56,44.9,59.03,56.55,76.5,79.2,67.44,65.756,D,9.4,Yes,Yes,High School,Medium,8
S1908,Omar,Davis,student908@university.edu,Male,19,Engineering,77.56,73.8,93.05,95.18,57.15,42.7,43.65,78.655,C,7.1,No,Yes,High School,Low,6
S1909,Omar,Johnson,student909@university.edu,Male,24,Engineering,75.14,77.96,74.92,59.06,63.61,51.9,72.15,66.321,D,6.5,No,Yes,High School,Medium,3
S1910,Omar,Smith,student910@university.edu,Male,19,Business,79.13,93.17,82.27,93.74,76.38,60.4,40.81,77.083,C,10.0,Yes,Yes,PhD,Medium,5
S1911,Sara,Davis,student911@university.edu,Male,20,Mathematics,74.38,80.12,74.07,95.36,66.6,57.1,69.99,75.372,C,6.3,Yes,Yes,High School,High,8
S1912,Ali,Johnson,student912@university.edu,Male,21,Engineering,72.19,77.64,66.06,51.7,75.01,47.3,53.23,64.338,D,3.0,No,Yes,Bachelor's,Low,9
S1913,Liam,Brown,student913@university.edu,Female,23,Mathematics,88.53,90.15,88.73,60.67,85.17,64.4,73.35,79.514,C,8.9,No,Yes,Master's,Low,2
S1914,Ahmed,Davis,student914@university.edu,Female,18,CS,95.36,63.22,80.46,82.13,55.81,91.2,78.66,78.217,C,8.3,Yes,Yes,Master's,Low,8
S1915,Emma,Davis,student915@university.edu,Male,21,Engineering,95.33,56.53,85.71,53.09,69.01,64.9,78.94,61.774,D,3.8,No,Yes,High School,High,6
S1916,Emma,Smith,student916@university.edu,Male,20,Engineering,68.39,45.01,56.22,57.56,59.15,66.0,76.81,53.235,E,2.8,No,Yes,Bachelor's,Low,10
S1917,Omar,Smith,student917@university.edu,Male,18,Mathematics,81.79,81.96,55.73,69.07,74.54,15.8,78.86,66.458,D,9.9,No,Yes,None,High,5
S1918,Omar,Jones,student918@university.edu,Female,20,Business,74.25,41.03,72.67,74.4,95.26,43.8,84.95,62.356,D,3.0,No,Yes,Bachelor's,Medium,10
S1919,Ahmed,Davis,student919@university.edu,Male,18,CS,60.96,62.33,56.61,78.31,63.89,24.1,56.37,53.987,E,2.7,Yes,Yes,Bachelor's,Low,8
S1920,Liam,Brown,student920@university.edu,Male,20,Mathematics,69.29,95.8,46.48,60.43,93.22,66.5,97.94,72.512,C,6.0,No,Yes,Bachelor's,Medium,10
S1921,Ali,Johnson,student921@university.edu,Female,18,Mathematics,66.27,43.36,87.36,64.04,90.1,13.7,81.5,68.544,D,7.5,No,Yes,PhD,Medium,2
S1922,Omar,Smith,student922@university.edu,Female,23,CS,96.89,92.94,76.31,68.71,82.41,7.0,52.89,66.045,D,9.0,Yes,Yes,Bachelor's,High,2
S1923,Emma,Williams,student923@university.edu,Female,20,CS,92.61,47.48,90.15,57.82,81.83,9.2,80.64,71.597,C,6.3,No,Yes,PhD,Medium,8
S1924,Ali,Davis,student924@university.edu,Female,18,Mathematics,93.14,97.07,87.07,79.24,85.56,5.3,72.92,80.442,B,6.8,Yes,Yes,Bachelor's,Low,6
S1925,Emma,Williams,student925@university.edu,Male,21,Business,56.04,55.73,54.11,72.19,95.03,36.2,66.84,52.164,E,2.9,No,Yes,Master's,Medium,8
S1926,Sara,Jones,student926@university.edu,Male,22,CS,98.67,48.69,47.21,56.91,76.82,78.6,43.46,48.773,F,6.1,No,Yes,Bachelor's,Low,9
S1927,Sara,Davis,student927@university.edu,Male,20,Business,83.18,63.64,49.12,73.86,92.46,30.7,85.98,62.088,D,2.1,No,Yes,None,Low,2
S1928,Ahmed,Jones,student928@university.edu,Male,21,CS,71.8,95.34,53.79,64.53,78.18,30.9,82.33,60.459,D,2.9,No,No,PhD,Low,2
S1929,Ali,Brown,student929@university.edu,Male,22,Mathematics,55.8,51.63,76.29,79.81,74.9,14.5,90.18,67.326,D,1.7,No,Yes,None,Low,4
S1930,Sara,Williams,student930@university.edu,Male,24,Business,55.34,96.12,95.53,65.2,80.62,66.3,82.75,88.18,B,8.0,No,Yes,Master's,Medium,3
S1931,Maria,Smith,student931@university.edu,Male,20,Mathematics,80.87,56.27,59.43,60.51,84.53,22.7,80.46,50.459,E,5.0,Yes,Yes,None,Medium,1
S1932,Liam,Brown,student932@university.edu,Female,18,Engineering,50.81,76.68,70.9,98.34,85.39,7.4,88.58,74.586,C,9.9,No,Yes,Master's,Low,2
S1933,Liam,Williams,student933@university.edu,Male,19,Engineering,63.22,84.01,90.77,97.44,99.24,15.1,68.33,73.442,C,2.2,No,Yes,High School,High,7
S1934,Ahmed,Johnson,student934@university.edu,Male,20,Mathematics,73.44,87.26,55.2,99.48,86.81,72.4,40.96,65.062,D,9.4,Yes,Yes,Master's,Low,8
S1935,Maria,Jones,student935@university.edu,Female,23,Mathematics,85.88,80.02,49.89,69.12,77.92,84.0,60.98,61.026,D,1.0,No,Yes,None,Low,4
S1936,Ali,Brown,student936@university.edu,Female,18,CS,64.1,89.1,53.27,85.49,64.86,34.4,57.94,61.13,D,4.7,Yes,Yes,None,Low,1
S1937,Maria,Johnson,student937@university.edu,Female,19,Business,95.19,72.86,46.57,91.77,69.01,64.1,83.11,61.931,D,4.4,No,Yes,Master's,Medium,3
S1938,Ahmed,Jones,student938@university.edu,Female,23,Business,71.9,54.87,91.48,90.34,65.48,88.0,71.5,68.397,D,4.0,No,Yes,PhD,Medium,9
S1939,Liam,Johnson,student939@university.edu,Female,19,Engineering,98.2,53.03,63.15,98.69,84.21,31.2,98.27,62.884,D,5.4,No,Yes,PhD,High,3
S1940,Sara,Smith,student940@university.edu,Female,24,CS,50.26,83.8,93.62,79.19,95.91,30.6,62.74,78.274,C,8.4,No,Yes,High School,Medium,4
S1941,Maria,Davis,student941@university.edu,Male,22,CS,99.38,58.29,82.69,50.28,79.71,94.4,91.68,72.012,C,3.5,No,Yes,PhD,Low,10
S1942,Maria,Davis,student942@university.edu,Female,18,CS,89.57,94.16,46.25,67.48,96.75,11.3,41.75,61.562,D,6.3,Yes,Yes,None,Low,7
S1943,John,Jones,student943@university.edu,Male,23,Engineering,94.73,59.84,58.18,50.22,84.42,41.7,51.53,65.485,D,5.9,No,Yes,None,High,9
S1944,Ahmed,Johnson,student944@university.edu,Male,21,Business,66.47,92.75,74.31,67.65,52.82,52.3,44.47,65.456,D,4.5,Yes,Yes,High School,Medium,10
S1945,Ahmed,Davis,student945@university.edu,Male,24,Mathematics,65.71,82.58,92.6,95.98,73.22,31.5,61.38,81.973,B,8.8,Yes,Yes,PhD,Medium,8
S1946,Ali,Jones,student946@university.edu,Male,22,Engineering,77.74,62.06,50.05,84.59,57.01,34.7,68.13,56.625,E,1.9,No,Yes,High School,Medium,3
S1947,Emma,Brown,student947@university.edu,Male,21,Business,66.36,75.6,72.23,51.21,99.27,75.4,58.74,63.886,D,1.2,No,Yes,Bachelor's,Medium,3
S1948,John,Jones,student948@university.edu,Female,21,Engineering,99.43,66.15,65.61,91.86,53.13,18.7,46.05,54.306,E,3.7,No,Yes,Bachelor's,Medium,6
S1949,John,Smith,student949@university.edu,Female,24,Business,75.86,71.3,76.13,77.0,50.66,24.9,79.2,62.869,D,4.8,Yes,Yes,None,High,5
S1950,Ali,Smith,student950@university.edu,Female,19,CS,58.37,76.37,62.44,66.73,80.76,96.9,65.69,70.514,C,7.8,No,Yes,PhD,Low,10
S1951,Maria,Jones,student951@university.edu,Male,20,CS,52.02,48.59,74.23,54.01,64.09,44.7,89.61,63.034,D,3.0,No,Yes,Bachelor's,Medium,5
S1952,Omar,Johnson,student952@university.edu,Male,20,Business,89.29,51.75,69.11,99.56,56.02,40.3,49.4,60.142,D,1.7,No,Yes,PhD,High,5
S1953,Emma,Smith,student953@university.edu,Female,23,Business,68.59,72.2,59.15,53.57,85.82,29.9,78.76,59.965,E,5.3,No,Yes,PhD,High,4
S1954,John,Smith,student954@university.edu,Female,22,Engineering,62.49,80.82,77.55,61.58,79.47,63.5,50.91,73.995,C,9.3,No,Yes,High School,Low,5
S1955,Ahmed,Brown,student955@university.edu,Female,19,Business,55.87,55.45,63.87,99.81,71.35,28.0,87.64,67.919,D,7.4,Yes,Yes,PhD,Low,9
S1956,Maria,Smith,student956@university.edu,Male,22,Business,52.1,59.76,60.05,59.07,76.14,62.7,83.22,70.641,C,9.5,No,Yes,High School,Medium,2
S1957,Ahmed,Davis,student957@university.edu,Female,23,Business,64.01,81.69,46.29,88.07,53.44,50.2,40.55,58.982,E,5.8,Yes,Yes,High School,Medium,9
S1958,Omar,Williams,student958@university.edu,Male,22,CS,58.46,80.68,79.5,63.14,51.37,8.2,48.32,64.357,D,5.5,Yes,Yes,High School,High,5
S1959,Liam,Brown,student959@university.edu,Male,22,CS,95.17,58.41,48.9,92.47,66.42,66.1,98.7,64.737,D,1.9,No,Yes,None,Medium,10
S1960,Ahmed,Brown,student960@university.edu,Male,19,Mathematics,81.83,55.43,48.98,69.59,98.25,11.3,43.58,54.169,E,8.4,No,Yes,None,Medium,10
S1961,Ahmed,Johnson,student961@university.edu,Female,21,Mathematics,98.4,90.02,86.28,91.92,60.53,86.4,74.24,78.19,C,5.5,Yes,Yes,Master's,Medium,10
S1962,Liam,Brown,student962@university.edu,Male,22,Mathematics,73.31,83.15,80.75,56.78,88.49,89.3,51.09,67.155,D,3.2,Yes,Yes,None,Medium,10
S1963,Sara,Smith,student963@university.edu,Male,23,Mathematics,66.89,70.2,64.71,98.06,89.18,1.4,50.48,72.066,C,6.1,No,No,Master's,Medium,8
S1964,Emma,Williams,student964@university.edu,Female,22,Business,72.84,92.07,69.01,52.4,55.3,25.9,82.02,62.247,D,2.0,No,Yes,Master's,Medium,5
S1965,Liam,Brown,student965@university.edu,Male,20,CS,81.69,51.84,44.43,78.52,67.28,6.8,70.08,56.866,E,7.4,Yes,Yes,PhD,Low,3
S1966,John,Johnson,student966@university.edu,Male,22,Engineering,84.34,41.99,47.01,53.68,53.4,88.3,60.12,48.453,F,3.5,No,Yes,Bachelor's,Low,9
S1967,John,Davis,student967@university.edu,Male,21,Engineering,78.95,80.94,95.21,52.17,76.37,65.7,64.45,73.076,C,5.5,No,Yes,Master's,Medium,4
S1968,Ali,Williams,student968@university.edu,Male,19,Engineering,66.53,91.07,86.05,52.01,80.71,94.5,81.14,75.674,C,2.9,Yes,Yes,None,High,4
S1969,Emma,Brown,student969@university.edu,Female,20,Engineering,63.62,64.13,66.17,54.75,89.31,21.4,50.05,59.804,E,1.5,Yes,Yes,Master's,Low,3
S1970,John,Davis,student970@university.edu,Male,24,Engineering,89.91,44.02,89.33,69.86,51.64,27.5,61.24,62.297,D,4.3,Yes,Yes,PhD,Medium,4
S1971,Maria,Jones,student971@university.edu,Female,18,Business,55.76,79.36,43.57,57.37,89.21,50.8,57.91,55.692,E,5.4,No,Yes,Master's,High,4
S1972,Liam,Johnson,student972@university.edu,Male,24,Business,87.25,71.02,81.53,80.16,89.96,32.0,78.29,71.504,C,3.4,Yes,Yes,Master's,High,2
S1973,Ali,Johnson,student973@university.edu,Female,20,Engineering,63.28,97.97,81.52,90.28,66.62,35.8,61.88,79.759,C,9.7,No,Yes,PhD,Low,5
S1974,Liam,Davis,student974@university.edu,Male,20,Mathematics,74.75,57.09,73.55,60.79,82.19,89.7,83.88,64.611,D,3.2,No,Yes,Master's,Low,4
S1975,Maria,Johnson,student975@university.edu,Female,23,Mathematics,66.09,83.28,78.36,67.32,67.45,69.4,98.38,78.893,C,5.9,Yes,Yes,High School,Low,8
S1976,Ahmed,Williams,student976@university.edu,Female,18,Mathematics,84.23,75.43,43.29,94.13,67.01,27.6,63.93,59.27,E,3.8,Yes,Yes,PhD,Medium,8
S1977,Liam,Brown,student977@university.edu,Female,19,Mathematics,78.65,41.52,41.43,53.82,82.88,48.6,44.69,50.881,E,8.3,No,Yes,Master's,Low,4
S1978,Sara,Brown,student978@university.edu,Male,18,CS,85.97,77.82,98.27,60.79,58.22,19.1,57.36,74.177,C,7.8,No,Yes,None,High,4
S1979,John,Smith,student979@university.edu,Male,23,Engineering,69.29,63.33,54.89,54.22,66.03,58.8,81.16,66.598,D,7.1,Yes,Yes,High School,Low,1
S1980,Maria,Smith,student980@university.edu,Male,24,Engineering,65.01,83.1,55.23,66.34,88.44,64.9,40.11,55.484,E,1.8,Yes,Yes,Master's,Medium,6
S1981,Ahmed,Smith,student981@university.edu,Female,24,Mathematics,81.2,82.78,44.05,79.57,64.89,77.9,67.18,59.034,E,4.2,Yes,No,Bachelor's,Low,4
S1982,Emma,Williams,student982@university.edu,Female,23,Mathematics,81.9,70.02,43.37,52.76,94.4,97.3,88.28,64.838,D,1.1,No,Yes,PhD,High,8
S1983,Liam,Davis,student983@university.edu,Male,21,CS,83.75,77.73,48.21,86.83,77.81,36.1,85.1,61.7,D,1.0,Yes,No,None,High,1
S1984,Emma,Brown,student984@university.edu,Female,21,Business,99.77,94.06,51.05,72.29,78.58,35.1,94.46,64.581,D,3.3,No,No,Bachelor's,Medium,7
S1985,Emma,Williams,student985@university.edu,Female,24,Mathematics,66.79,55.63,55.02,76.23,89.33,62.1,63.97,67.19,D,8.6,Yes,Yes,Master's,Low,2
S1986,Sara,Williams,student986@university.edu,Female,24,Business,72.95,49.36,66.22,95.17,97.71,69.8,77.72,68.443,D,3.4,No,Yes,None,High,3
S1987,John,Johnson,student987@university.edu,Female,21,Business,85.1,80.92,58.28,98.18,84.03,3.6,62.28,61.809,D,1.4,Yes,Yes,Master's,Low,3
S1988,John,Davis,student988@university.edu,Female,23,CS,80.37,41.34,56.82,72.96,67.28,88.9,93.31,64.415,D,4.3,No,Yes,PhD,Low,3
S1989,John,Brown,student989@university.edu,Female,24,Mathematics,85.98,75.04,81.7,69.92,85.91,88.3,50.33,78.582,C,7.3,No,No,None,Medium,4
S1990,Omar,Williams,student990@university.edu,Male,21,Mathematics,69.58,89.2,60.07,73.45,78.83,25.0,80.04,67.855,D,7.9,Yes,Yes,None,Medium,3
S1991,Omar,Davis,student991@university.edu,Female,20,CS,54.9,77.1,49.03,74.18,63.93,30.3,47.23,58.656,E,9.9,Yes,No,PhD,Low,3
S1992,Ali,Johnson,student992@university.edu,Female,24,Engineering,70.73,82.12,83.76,66.54,89.94,83.1,55.99,80.101,B,9.3,Yes,Yes,High School,Low,1
S1993,Ahmed,Davis,student993@university.edu,Male,21,Mathematics,84.99,82.74,83.69,86.95,91.15,89.5,72.71,80.448,B,1.4,No,Yes,High School,Medium,8
S1994,Ali,Smith,student994@university.edu,Female,22,Mathematics,73.74,95.32,98.59,94.11,51.64,2.4,52.4,70.172,C,4.9,Yes,Yes,None,Medium,8
S1995,Liam,Smith,student995@university.edu,Female,19,Engineering,57.55,85.82,80.42,54.96,52.13,14.9,52.48,59.607,E,3.3,Yes,Yes,Bachelor's,Low,9
S1996,Ali,Jones,student996@university.edu,Female,18,Business,67.16,85.58,75.88,67.31,99.72,81.7,50.5,74.794,C,9.7,Yes,Yes,Master's,Low,1
S1997,Ahmed,Davis,student997@university.edu,Male,22,Business,56.18,59.1,85.17,87.4,70.3,93.3,41.81,74.021,C,7.7,No,Yes,Master's,Low,10
S1998,Liam,Jones,student998@university.edu,Female,23,Engineering,89.14,69.03,51.86,66.46,97.67,16.0,78.33,64.599,D,5.8,Yes,No,None,Medium,9
S1999,Omar,Johnson,student999@university.edu,Male,18,Engineering,57.77,69.11,88.04,51.68,55.57,62.2,84.04,74.848,C,5.7,No,Yes,None,Medium,7
S2000,Omar,Jones,student1000@university.edu,Male,21,Mathematics,63.06,82.5,90.04,65.94,84.18,43.4,74.85,69.691,D,3.5,Yes,Yes,Master's,Low,2
S2001,John,Brown,student1001@university.edu,Male,24,Engineering,58.02,70.7,94.17,96.5,94.01,6.0,88.51,76.299,C,3.7,Yes,Yes,Master's,Low,4
S2002,Ahmed,Brown,student1002@university.edu,Male,21,Business,60.95,70.17,65.33,60.67,80.25,57.9,76.3,67.765,D,2.7,Yes,Yes,PhD,Medium,5
S2003,Sara,Davis,student1003@university.edu,Female,21,Engineering,90.09,76.66,84.12,94.68,58.76,99.2,89.29,78.605,C,2.0,Yes,Yes,None,Medium,10
S2004,Ahmed,Davis,student1004@university.edu,Female,22,CS,78.03,55.77,41.24,74.82,67.89,65.6,65.97,56.385,E,7.2,No,Yes,Master's,High,1
S2005,Sara,Jones,student1005@university.edu,Male,18,Business,57.01,40.45,44.85,69.16,95.25,11.4,89.18,60.087,D,4.4,Yes,No,PhD,High,6
S2006,Sara,Williams,student1006@university.edu,Female,20,Mathematics,66.93,64.19,40.31,80.64,63.39,3.9,81.69,50.157,E,2.1,No,Yes,Master's,High,10
S2007,John,Davis,student1007@university.edu,Female,24,CS,90.16,44.79,46.68,58.05,83.73,63.7,92.06,57.999,E,5.3,Yes,Yes,PhD,Medium,3
S2008,Liam,Davis,student1008@university.edu,Female,20,Business,51.98,69.66,75.93,90.32,52.0,35.5,84.31,67.524,D,1.1,No,No,High School,Low,4
S2009,Omar,Brown,student1009@university.edu,Male,22,Mathematics,76.95,84.98,63.63,89.16,87.58,23.5,80.64,67.033,D,4.1,No,Yes,Master's,Medium,10
S2010,Omar,Brown,student1010@university.edu,Female,18,Mathematics,81.56,64.71,61.06,67.13,51.22,73.9,99.48,59.193,E,3.0,No,Yes,High School,Medium,3
S2011,Emma,Davis,student1011@university.edu,Male,20,Mathematics,51.44,50.45,43.02,82.68,67.24,51.4,56.79,46.767,F,3.6,Yes,Yes,PhD,Medium,9
S2012,Maria,Smith,student1012@university.edu,Female,19,Engineering,57.58,80.54,50.63,63.85,58.28,57.5,86.37,61.118,D,5.9,No,Yes,High School,Medium,10
S2013,John,Williams,student1013@university.edu,Male,19,CS,61.89,55.15,45.1,50.61,83.98,55.7,86.71,62.764,D,8.8,No,Yes,Master's,Low,4
S2014,Liam,Smith,student1014@university.edu,Female,18,CS,50.18,73.05,70.6,91.9,70.52,61.2,86.03,76.577,C,5.5,No,Yes,Master's,High,2
S2015,Ali,Johnson,student1015@university.edu,Male,22,Business,83.97,77.48,76.35,84.89,95.32,20.5,79.71,76.612,C,8.7,Yes,Yes,Bachelor's,Medium,9
S2016,Ali,Brown,student1016@university.edu,Male,18,Business,64.87,66.07,54.06,64.31,51.89,43.8,98.87,65.447,D,5.3,No,Yes,High School,Medium,6
S2017,Emma,Davis,student1017@university.edu,Male,23,Engineering,67.49,54.11,57.11,72.71,75.17,43.8,94.9,64.727,D,9.0,No,Yes,Master's,High,10
S2018,Ali,Johnson,student1018@university.edu,Male,23,Engineering,63.04,91.55,95.22,87.17,69.46,97.7,85.98,86.983,B,9.6,No,Yes,Master's,Low,5
S2019,Liam,Davis,student1019@university.edu,Male,18,CS,81.94,75.41,66.88,99.03,65.11,82.5,63.5,74.774,C,7.3,No,Yes,Master's,Low,2
S2020,Ahmed,Williams,student1020@university.edu,Male,20,Engineering,71.18,76.39,74.32,61.1,86.71,23.7,44.0,61.036,D,3.9,Yes,Yes,None,Medium,10
S2021,Liam,Brown,student1021@university.edu,Female,21,Engineering,94.91,59.13,92.77,75.03,56.56,33.5,64.3,64.05,D,6.8,No,Yes,Bachelor's,Medium,6
S2022,Liam,Johnson,student1022@university.edu,Male,24,CS,61.28,60.45,59.18,96.21,57.61,2.9,79.6,65.274,D,9.4,Yes,Yes,Bachelor's,Medium,9
S2023,Liam,Davis,student1023@university.edu,Male,19,CS,89.31,71.38,50.17,68.15,96.39,60.4,63.0,66.515,D,8.0,No,Yes,None,Low,9
S2024,John,Davis,student1024@university.edu,Female,24,Business,70.62,89.34,52.69,56.93,70.47,77.5,85.01,65.393,D,6.3,Yes,Yes,Master's,Medium,1
S2025,Ali,Jones,student1025@university.edu,Male,18,Business,54.27,41.73,47.48,53.21,94.8,82.0,51.22,55.606,E,3.3,Yes,Yes,None,Medium,8
S2026,Liam,Davis,student1026@university.edu,Male,21,Business,89.43,72.16,79.56,69.91,92.83,47.0,87.41,75.929,C,6.4,No,Yes,Bachelor's,Low,2
S2027,Sara,Brown,student1027@university.edu,Male,19,Business,91.82,96.44,42.93,51.16,92.78,11.2,79.19,63.649,D,9.4,Yes,Yes,Bachelor's,High,2
S2028,Liam,Williams,student1028@university.edu,Female,24,CS,68.37,65.69,72.97,74.57,69.73,99.6,59.67,72.268,C,8.3,No,Yes,Master's,Medium,4
S2029,Liam,Williams,student1029@university.edu,Male,19,Business,89.64,59.99,72.26,91.0,86.21,75.4,42.36,69.658,D,4.1,No,Yes,PhD,Low,5
S2030,Maria,Jones,student1030@university.edu,Male,20,Business,67.27,70.24,56.25,86.13,55.62,62.9,73.91,63.912,D,2.1,Yes,Yes,None,Low,2
S2031,Omar,Brown,student1031@university.edu,Male,24,Business,88.09,83.3,86.58,65.47,63.36,40.5,56.84,67.608,D,4.6,No,Yes,None,Low,7
S2032,Liam,Johnson,student1032@university.edu,Male,20,Business,78.29,96.01,69.37,62.53,76.99,63.4,50.95,63.937,D,1.3,Yes,Yes,High School,Medium,6
S2033,Omar,Brown,student1033@university.edu,Male,22,Mathematics,83.98,56.2,57.69,94.6,90.87,98.2,79.84,70.686,C,7.2,No,Yes,Bachelor's,Low,6
S2034,Maria,Brown,student1034@university.edu,Male,20,CS,88.88,45.8,83.59,98.33,60.07,13.8,40.26,61.802,D,6.1,Yes,Yes,Master's,Medium,10
S2035,Ali,Williams,student1035@university.edu,Female,23,Business,89.3,45.53,73.79,50.58,87.17,29.4,77.58,66.831,D,9.6,No,Yes,Master's,Low,8
S2036,Omar,Johnson,student1036@university.edu,Male,18,Business,82.99,52.01,66.32,69.44,76.31,79.9,63.49,66.462,D,5.0,No,Yes,None,High,5
S2037,Ahmed,Smith,student1037@university.edu,Male,19,Mathematics,87.88,83.12,41.74,82.3,51.84,36.2,82.78,66.513,D,6.3,No,Yes,Bachelor's,High,5
S2038,Emma,Davis,student1038@university.edu,Male,21,Engineering,60.61,77.6,62.96,77.88,84.69,31.5,83.67,65.311,D,5.1,No,Yes,PhD,Low,2
S2039,Sara,Smith,student1039@university.edu,Female,23,Business,52.78,73.4,91.03,69.1,63.45,43.2,73.78,74.109,C,6.3,No,Yes,High School,Medium,8
S2040,Ali,Johnson,student1040@university.edu,Male,23,Engineering,58.09,92.3,60.6,77.74,90.45,24.2,70.38,72.493,C,9.7,No,Yes,Bachelor's,Medium,1
S2041,Maria,Jones,student1041@university.edu,Male,22,Engineering,96.62,53.74,72.79,87.25,52.13,63.3,53.23,67.488,D,4.4,Yes,Yes,High School,Medium,4
S2042,Maria,Smith,student1042@university.edu,Female,22,CS,98.69,97.56,44.79,98.54,55.66,30.1,49.23,56.846,E,1.9,Yes,Yes,PhD,Medium,4
S2043,Sara,Jones,student1043@university.edu,Male,22,CS,73.14,41.13,43.72,80.03,66.35,15.3,73.05,55.541,E,8.1,No,Yes,High School,Low,6
S2044,Ali,Brown,student1044@university.edu,Male,19,Mathematics,60.42,58.6,47.28,76.05,56.58,88.6,41.68,58.025,E,8.1,No,Yes,High School,Low,8
S2045,Ali,Smith,student1045@university.edu,Female,18,Business,65.98,82.04,69.09,83.19,96.64,11.8,83.45,69.321,D,6.0,Yes,Yes,PhD,Low,1
S2046,Ali,Brown,student1046@university.edu,Male,22,CS,79.2,94.79,94.48,92.42,55.06,99.9,43.91,70.587,C,3.2,No,Yes,None,Medium,3
S2047,Ahmed,Jones,student1047@university.edu,Female,20,CS,78.4,88.85,43.5,75.11,87.48,90.1,77.07,63.505,D,2.2,Yes,Yes,Bachelor's,High,1
S2048,Ahmed,Smith,student1048@university.edu,Female,18,Business,69.29,84.6,56.54,73.92,75.6,34.7,79.53,65.14,D,7.3,No,Yes,Bachelor's,High,2
S2049,Emma,Jones,student1049@university.edu,Female,19,Engineering,71.94,68.84,80.05,73.98,99.17,11.1,53.85,63.606,D,9.6,Yes,Yes,None,High,8
S2050,Ali,Johnson,student1050@university.edu,Female,23,CS,68.73,52.22,54.64,87.29,86.05,72.1,58.56,62.053,D,7.4,Yes,Yes,None,Medium,8
S2051,Liam,Jones,student1051@university.edu,Female,23,Engineering,80.88,74.1,89.91,54.76,55.46,24.3,57.68,67.637,D,9.1,No,No,None,High,1
S2052,Emma,Davis,student1052@university.edu,Male,22,Engineering,92.37,93.66,77.88,59.05,95.33,20.6,87.42,64.532,D,3.0,No,Yes,None,Medium,6
S2053,Liam,Davis,student1053@university.edu,Male,22,Engineering,68.53,66.96,61.88,66.64,76.51,39.2,63.47,57.945,E,9.3,No,Yes,PhD,Medium,2
S2054,Liam,Johnson,student1054@university.edu,Male,20,CS,76.22,62.09,60.32,58.24,91.91,39.4,77.41,63.954,D,6.8,Yes,Yes,Bachelor's,Low,4
S2055,Liam,Brown,student1055@university.edu,Female,24,Mathematics,54.11,82.2,69.08,84.39,77.58,87.4,63.35,81.293,B,8.1,Yes,Yes,None,Medium,2
S2056,John,Davis,student1056@university.edu,Female,21,CS,51.98,82.1,86.25,96.3,62.57,30.0,63.42,78.058,C,8.6,No,Yes,PhD,Medium,7
S2057,Maria,Jones,student1057@university.edu,Female,22,Mathematics,57.49,50.63,75.88,59.48,92.1,39.4,84.54,63.322,D,4.1,No,Yes,High School,Low,4
S2058,Maria,Brown,student1058@university.edu,Male,19,CS,98.91,48.77,61.86,90.7,79.41,18.9,70.35,60.864,D,8.3,No,Yes,PhD,Medium,3
S2059,Emma,Johnson,student1059@university.edu,Female,20,CS,79.67,84.17,89.92,58.52,61.51,0.7,60.8,61.437,D,2.9,No,Yes,High School,Low,8
S2060,Maria,Davis,student1060@university.edu,Female,23,CS,91.47,77.83,94.99,68.25,95.69,54.1,63.51,69.938,D,2.1,Yes,Yes,None,High,9
S2061,John,Williams,student1061@university.edu,Female,24,Mathematics,70.55,96.29,86.54,58.28,62.74,1.6,97.5,71.602,C,3.6,Yes,No,None,Medium,3
S2062,Maria,Davis,student1062@university.edu,Male,21,Business,79.91,78.99,50.17,56.3,66.24,36.4,74.42,56.09,E,1.9,No,Yes,None,Low,9
S2063,Emma,Jones,student1063@university.edu,Female,19,Mathematics,93.2,75.55,62.19,95.77,82.77,70.0,51.84,67.391,D,5.4,No,Yes,High School,Low,10
S2064,Sara,Davis,student1064@university.edu,Male,24,Engineering,89.59,63.01,72.39,85.33,90.49,20.8,70.22,65.083,D,3.6,No,No,Master's,Medium,10
S2065,Omar,Davis,student1065@university.edu,Male,21,Engineering,50.01,63.11,58.45,83.87,73.25,94.4,41.11,65.662,D,8.1,Yes,Yes,PhD,Low,9
S2066,Emma,Williams,student1066@university.edu,Male,21,Mathematics,68.18,53.4,79.33,78.75,59.96,2.4,48.46,57.94,E,5.1,No,Yes,Bachelor's,Medium,2
S2067,Liam,Williams,student1067@university.edu,Female,24,CS,82.78,49.36,50.07,56.95,59.53,41.6,61.73,56.714,E,9.8,No,Yes,Master's,Medium,3
S2068,Omar,Brown,student1068@university.edu,Female,21,Business,50.74,94.93,41.8,62.0,55.57,0.8,88.91,69.532,D,9.8,No,Yes,None,Low,5
S2069,John,Davis,student1069@university.edu,Female,23,CS,85.65,56.71,60.38,89.49,64.42,42.5,89.45,60.723,D,4.6,Yes,Yes,High School,High,8
S2070,Sara,Jones,student1070@university.edu,Female,22,Mathematics,80.15,62.28,51.71,86.71,80.84,56.4,87.88,69.633,D,4.1,Yes,Yes,High School,High,7
S2071,Omar,Jones,student1071@university.edu,Female,22,Business,78.52,82.47,78.87,83.9,51.78,57.8,52.0,72.437,C,7.0,Yes,Yes,PhD,Low,2
S2072,Omar,Brown,student1072@university.edu,Male,22,Mathematics,93.15,92.75,56.41,51.8,65.23,46.2,91.43,70.914,C,9.4,No,Yes,Master's,High,2
S2073,Omar,Johnson,student1073@university.edu,Male,20,Mathematics,98.42,41.7,62.42,94.85,88.88,78.5,85.94,68.33,D,3.6,Yes,Yes,PhD,Low,7
S2074,Emma,Davis,student1074@university.edu,Male,18,CS,78.36,61.07,76.16,90.86,92.25,0.4,72.77,63.795,D,1.9,Yes,Yes,Bachelor's,Medium,9
S2075,Ahmed,Davis,student1075@university.edu,Female,22,CS,89.51,90.29,92.96,92.22,99.19,98.3,97.23,86.331,B,5.9,No,Yes,Master's,Low,7
S2076,Omar,Jones,student1076@university.edu,Male,24,Engineering,91.79,48.47,57.05,74.89,54.12,17.8,74.89,56.697,E,5.8,No,Yes,Bachelor's,Medium,10
S2077,John,Davis,student1077@university.edu,Female,23,Engineering,82.24,56.9,53.54,97.32,96.24,37.7,60.91,65.149,D,9.2,Yes,Yes,PhD,Low,8
S2078,Ali,Johnson,student1078@university.edu,Female,24,Business,67.92,86.16,66.39,72.45,50.43,89.1,88.76,74.446,C,4.3,Yes,Yes,None,Low,6
S2079,Maria,Johnson,student1079@university.edu,Male,22,Mathematics,59.86,63.04,84.76,82.16,90.69,49.6,77.07,73.337,C,8.2,No,Yes,PhD,Low,10
S2080,Maria,Smith,student1080@university.edu,Female,22,CS,60.03,74.06,98.37,69.82,57.68,18.3,93.49,72.919,C,2.6,Yes,Yes,None,Low,1
S2081,Omar,Jones,student1081@university.edu,Female,21,Engineering,62.63,56.68,51.18,53.26,68.15,63.6,85.79,58.652,E,9.2,No,Yes,Master's,Medium,3
S2082,John,Smith,student1082@university.edu,Female,20,Mathematics,91.37,57.36,83.07,74.06,77.38,92.0,68.44,70.447,C,4.2,No,Yes,None,Low,3
S2083,Omar,Williams,student1083@university.edu,Male,20,Business,92.83,53.48,94.55,87.73,51.7,72.3,62.05,65.434,D,4.2,No,Yes,None,Low,5
S2084,John,Smith,student1084@university.edu,Male,18,Engineering,88.74,78.35,62.43,80.71,98.84,36.0,57.41,65.244,D,7.6,Yes,Yes,Bachelor's,High,2
S2085,Emma,Smith,student1085@university.edu,Male,18,Business,67.06,93.21,60.56,88.25,85.46,79.8,79.15,69.942,D,1.9,No,Yes,Master's,High,1
S2086,Ali,Smith,student1086@university.edu,Male,22,Engineering,50.21,81.94,44.16,67.81,95.69,90.5,41.43,57.122,E,6.3,No,Yes,PhD,Medium,6
S2087,John,Smith,student1087@university.edu,Female,21,Business,93.6,90.21,62.16,56.19,79.18,74.7,70.4,70.384,C,8.1,Yes,Yes,None,Low,6
S2088,Ali,Williams,student1088@university.edu,Male,23,Mathematics,73.25,40.99,52.79,57.24,67.59,97.0,99.48,64.622,D,8.9,No,Yes,Master's,Low,4
S2089,Emma,Jones,student1089@university.edu,Female,18,Mathematics,98.12,50.22,42.35,71.09,74.73,37.0,68.76,50.521,E,3.4,Yes,Yes,High School,Medium,4
S2090,Maria,Johnson,student1090@university.edu,Male,18,Business,52.11,61.2,48.15,66.04,82.54,64.9,91.04,65.904,D,9.2,No,Yes,Master's,Low,8
S2091,Liam,Davis,student1091@university.edu,Female,20,Mathematics,59.98,57.86,74.3,90.58,68.8,91.8,46.44,63.747,D,6.2,No,Yes,PhD,Medium,10
S2092,Liam,Williams,student1092@university.edu,Female,18,Mathematics,90.29,89.14,43.54,54.51,50.69,4.6,98.41,59.007,E,1.2,No,Yes,High School,Medium,1
S2093,John,Davis,student1093@university.edu,Female,24,CS,61.13,50.36,55.9,82.32,55.33,32.9,67.39,59.499,E,6.1,No,Yes,Bachelor's,High,10
S2094,John,Johnson,student1094@university.edu,Male,22,Business,70.69,64.72,44.86,99.5,93.0,31.5,94.54,66.163,D,1.1,No,Yes,Bachelor's,Low,2
S2095,Maria,Williams,student1095@university.edu,Female,18,Business,75.76,62.27,56.45,57.99,76.09,51.7,50.81,59.035,E,3.9,No,No,PhD,High,8
S2096,Ahmed,Johnson,student1096@university.edu,Female,20,Engineering,91.19,42.86,48.73,63.97,64.56,31.8,68.61,50.086,E,1.8,Yes,Yes,Master's,Low,1
S2097,Maria,Smith,student1097@university.edu,Male,22,Business,54.19,63.19,77.95,52.99,59.3,16.0,99.79,67.9,D,8.3,No,Yes,PhD,Low,10
S2098,Liam,Jones,student1098@university.edu,Female,21,Business,63.63,42.15,75.55,76.48,98.85,5.1,43.17,58.664,E,6.8,No,Yes,High School,Low,5
S2099,Ahmed,Davis,student1099@university.edu,Female,20,Business,62.17,73.64,95.59,80.27,61.7,36.5,70.4,70.047,C,4.7,Yes,Yes,None,High,10
S2100,Liam,Davis,student1100@university.edu,Female,19,Engineering,77.88,86.71,84.93,88.55,96.16,42.9,46.11,75.645,C,9.5,No,No,Master's,Medium,5
S2101,Omar,Brown,student1101@university.edu,Male,19,Business,71.99,99.74,45.03,77.13,67.23,77.9,92.72,74.374,C,7.9,Yes,Yes,Bachelor's,Low,3
S2102,Omar,Jones,student1102@university.edu,Female,19,Mathematics,70.83,96.0,53.41,97.35,80.58,98.0,79.39,79.266,C,5.3,Yes,No,High School,Medium,2
S2103,Maria,Davis,student1103@university.edu,Female,19,Engineering,91.93,55.81,51.0,54.14,62.0,10.8,98.17,52.014,E,4.2,No,No,None,Low,2
S2104,Maria,Johnson,student1104@university.edu,Male,18,Business,95.75,67.66,51.81,99.74,68.46,76.5,71.53,69.017,D,3.7,No,Yes,PhD,High,8
S2105,Ali,Smith,student1105@university.edu,Male,23,Engineering,84.6,58.43,85.27,89.76,95.8,8.5,54.22,67.481,D,5.0,Yes,Yes,PhD,Low,9
S2106,John,Williams,student1106@university.edu,Male,19,Mathematics,75.89,94.15,68.0,51.95,54.67,54.5,86.43,71.046,C,5.9,Yes,Yes,Master's,Low,7
S2107,John,Johnson,student1107@university.edu,Male,19,Business,78.66,96.97,50.97,68.8,63.56,13.5,46.06,63.83,D,10.0,Yes,No,Master's,Low,1
S2108,Omar,Johnson,student1108@university.edu,Male,20,Engineering,78.96,40.05,91.57,68.94,61.57,24.2,71.19,59.594,E,4.4,Yes,Yes,Bachelor's,High,2
S2109,Maria,Brown,student1109@university.edu,Male,20,CS,91.52,40.25,92.29,74.4,96.17,57.0,44.4,73.362,C,9.2,No,Yes,Bachelor's,Medium,10
S2110,Ali,Brown,student1110@university.edu,Female,21,Business,83.69,72.05,56.94,62.06,60.54,69.4,94.75,66.205,D,6.9,Yes,No,Master's,Medium,7
S2111,Omar,Davis,student1111@university.edu,Female,24,Mathematics,71.22,45.26,64.75,51.59,55.02,18.8,45.13,46.891,F,3.3,No,Yes,Bachelor's,Low,2
S2112,Omar,Jones,student1112@university.edu,Male,24,Engineering,89.55,60.94,44.04,89.33,69.35,41.3,70.22,64.388,D,8.8,No,Yes,PhD,High,2
S2113,Ahmed,Williams,student1113@university.edu,Female,23,Business,94.87,73.69,72.08,81.74,87.24,62.1,48.21,63.496,D,5.8,Yes,Yes,PhD,Medium,2
S2114,Sara,Williams,student1114@university.edu,Male,20,Engineering,74.36,69.48,97.98,50.93,89.79,2.9,47.51,61.645,D,3.9,No,Yes,High School,Medium,2
S2115,Ahmed,Johnson,student1115@university.edu,Female,24,Engineering,86.86,77.83,83.42,95.15,93.7,32.5,92.21,77.601,C,4.1,No,Yes,Master's,Medium,6
S2116,Omar,Johnson,student1116@university.edu,Male,19,Business,58.72,58.88,72.25,56.82,67.21,64.2,56.54,65.785,D,10.0,No,Yes,Bachelor's,High,5
S2117,Liam,Brown,student1117@university.edu,Female,24,Business,60.2,79.68,57.92,73.23,88.34,11.5,49.55,62.263,D,8.9,Yes,Yes,PhD,Medium,6
S2118,Maria,Brown,student1118@university.edu,Male,22,CS,74.71,46.7,74.17,78.74,62.42,10.7,99.11,66.552,D,5.3,No,Yes,High School,Low,2
S2119,Emma,Brown,student1119@university.edu,Male,18,Business,59.39,79.77,46.59,69.24,61.45,11.1,47.95,52.877,E,7.1,Yes,No,Bachelor's,Low,8
S2120,Maria,Jones,student1120@university.edu,Male,24,Engineering,89.52,71.75,53.34,70.85,51.23,67.8,74.32,61.153,D,9.4,No,Yes,High School,Medium,5
S2121,Omar,Jones,student1121@university.edu,Male,22,Mathematics,72.8,46.6,61.16,92.09,67.96,61.6,50.38,59.412,E,4.4,Yes,Yes,High School,Medium,4
S2122,Ali,Brown,student1122@university.edu,Male,20,Business,85.75,61.38,79.28,97.28,66.64,47.9,62.99,64.11,D,5.2,No,Yes,Master's,Low,8
S2123,Sara,Johnson,student1123@university.edu,Male,21,Business,50.33,94.16,91.17,63.56,85.56,69.1,70.14,75.235,C,3.4,Yes,Yes,Master's,Low,6
S2124,Maria,Smith,student1124@university.edu,Female,18,Mathematics,77.95,61.23,65.54,78.79,81.35,94.6,82.99,66.91,D,1.3,No,Yes,PhD,Medium,8
S2125,John,Jones,student1125@university.edu,Female,20,Engineering,66.52,54.12,68.67,66.47,74.48,48.9,69.13,58.771,E,4.6,No,Yes,PhD,Medium,7
S2126,John,Smith,student1126@university.edu,Male,22,Engineering,62.24,49.4,65.67,54.77,61.58,68.8,51.56,57.206,E,5.6,Yes,Yes,PhD,Medium,6
S2127,Liam,Davis,student1127@university.edu,Male,20,Mathematics,58.76,75.56,89.88,93.3,95.53,80.9,43.25,74.868,C,8.1,No,No,Bachelor's,Medium,10
S2128,Ahmed,Williams,student1128@university.edu,Male,23,Engineering,98.17,94.27,73.06,74.77,79.25,0.9,99.43,75.031,C,6.8,Yes,Yes,None,Medium,10
S2129,Emma,Smith,student1129@university.edu,Female,21,Business,79.17,57.46,47.8,76.61,64.68,71.9,72.46,58.957,E,7.9,No,Yes,PhD,High,7
S2130,Maria,Davis,student1130@university.edu,Female,21,CS,74.84,53.18,88.11,53.52,60.01,39.7,58.62,63.563,D,6.3,No,Yes,PhD,High,6
S2131,Liam,Brown,student1131@university.edu,Male,19,Engineering,55.63,40.0,85.58,79.11,83.97,40.6,82.1,74.175,C,9.9,Yes,Yes,PhD,High,10
S2132,Emma,Smith,student1132@university.edu,Male,24,Business,62.44,62.33,76.77,62.87,98.47,25.2,81.2,66.317,D,6.8,No,Yes,None,Medium,4
S2133,John,Jones,student1133@university.edu,Female,19,Engineering,64.48,99.36,59.34,70.49,83.95,24.6,78.33,68.276,D,2.2,No,Yes,High School,Medium,4
S2134,Liam,Williams,student1134@university.edu,Male,24,Business,58.92,46.48,74.08,67.29,71.84,91.0,96.05,65.879,D,4.9,Yes,Yes,Master's,Medium,10
S2135,Liam,Smith,student1135@university.edu,Male,22,Engineering,86.14,79.49,43.26,68.17,53.5,54.9,80.76,62.234,D,4.6,Yes,Yes,Bachelor's,Low,1
S2136,Ali,Williams,student1136@university.edu,Male,23,Engineering,90.93,46.9,95.51,88.95,68.91,52.5,99.8,75.7,C,7.9,Yes,No,Master's,High,8
S2137,Sara,Jones,student1137@university.edu,Male,23,CS,81.3,94.17,52.13,73.08,92.83,51.9,77.85,70.872,C,6.1,No,Yes,Master's,Medium,5
S2138,John,Johnson,student1138@university.edu,Female,22,CS,61.28,47.35,69.96,55.79,65.87,7.8,44.47,51.24,E,3.1,No,Yes,PhD,High,7
S2139,Ahmed,Williams,student1139@university.edu,Female,21,Engineering,68.63,61.56,94.17,80.27,91.6,97.4,47.88,76.443,C,2.6,Yes,Yes,PhD,High,9
S2140,Maria,Williams,student1140@university.edu,Male,21,Mathematics,71.61,43.32,70.08,77.02,77.32,93.1,75.89,63.542,D,1.8,Yes,Yes,PhD,Low,1
S2141,Emma,Johnson,student1141@university.edu,Male,23,Business,55.91,46.98,80.28,77.54,93.56,35.1,79.26,68.55,D,9.8,Yes,Yes,None,High,10
S2142,Ali,Jones,student1142@university.edu,Male,24,Business,93.55,85.02,95.49,68.08,99.37,87.3,51.31,79.584,C,8.7,Yes,Yes,Bachelor's,High,5
S2143,Omar,Davis,student1143@university.edu,Female,23,Business,78.33,94.17,82.5,53.65,94.14,16.9,62.03,73.779,C,8.8,Yes,Yes,Bachelor's,Medium,4
S2144,Liam,Smith,student1144@university.edu,Female,19,CS,69.38,96.96,54.02,90.31,54.89,67.9,52.99,65.462,D,5.5,Yes,Yes,Master's,High,6
S2145,John,Davis,student1145@university.edu,Male,23,Mathematics,92.03,44.42,89.92,77.08,63.47,71.8,85.85,66.336,D,2.4,Yes,Yes,High School,Medium,9
S2146,Maria,Johnson,student1146@university.edu,Female,23,Mathematics,81.78,86.26,61.86,65.26,95.37,27.7,85.46,62.895,D,7.0,No,Yes,None,Medium,9
S2147,Omar,Brown,student1147@university.edu,Male,20,CS,65.78,59.74,61.9,91.03,96.17,41.9,73.67,67.746,D,7.3,No,Yes,Master's,Medium,7
S2148,Emma,Jones,student1148@university.edu,Female,21,Mathematics,59.83,77.67,75.53,51.49,96.44,18.1,60.86,62.747,D,4.3,No,Yes,PhD,Medium,5
S2149,Maria,Johnson,student1149@university.edu,Male,18,Mathematics,89.82,63.6,58.24,83.58,59.09,70.7,56.41,62.805,D,1.9,Yes,Yes,None,Low,1
S2150,Sara,Smith,student1150@university.edu,Female,20,Business,68.38,87.04,72.39,92.47,71.91,49.5,55.37,78.985,C,4.1,No,Yes,High School,Medium,8
S2151,Ali,Brown,student1151@university.edu,Male,18,Mathematics,64.02,84.73,60.07,83.3,68.6,98.5,51.84,68.718,D,8.2,No,No,Bachelor's,Low,8
S2152,Ahmed,Smith,student1152@university.edu,Male,18,Mathematics,91.36,45.82,60.23,94.54,64.28,20.5,99.04,64.706,D,9.8,Yes,No,None,High,9
S2153,Liam,Jones,student1153@university.edu,Male,20,Business,79.52,50.29,92.82,72.16,64.21,80.2,44.4,65.655,D,5.0,No,Yes,Bachelor's,High,1
S2154,Ahmed,Jones,student1154@university.edu,Female,22,Mathematics,64.06,80.55,45.93,85.18,91.01,14.6,86.63,62.99,D,6.5,Yes,Yes,Master's,Medium,10
S2155,Maria,Williams,student1155@university.edu,Male,20,Engineering,69.12,65.94,61.06,63.56,64.52,14.7,97.43,64.726,D,9.1,Yes,Yes,Bachelor's,Medium,10
S2156,Sara,Brown,student1156@university.edu,Female,18,Engineering,95.52,50.31,50.57,64.6,97.94,18.9,91.87,59.534,E,7.6,Yes,Yes,High School,Medium,4
S2157,Emma,Davis,student1157@university.edu,Male,22,Engineering,74.52,85.79,65.41,75.63,76.72,24.9,82.84,61.568,D,3.8,Yes,Yes,None,Low,4
S2158,Ahmed,Jones,student1158@university.edu,Male,24,Mathematics,87.76,67.47,56.05,79.11,65.87,44.7,65.38,60.145,D,5.0,Yes,Yes,High School,Medium,4
S2159,John,Brown,student1159@university.edu,Female,24,Business,72.7,86.37,89.65,60.01,56.29,5.4,41.5,67.956,D,5.0,No,Yes,PhD,Low,8
S2160,Maria,Smith,student1160@university.edu,Male,20,Mathematics,85.76,76.89,85.19,83.38,97.99,81.4,74.8,71.403,C,1.8,No,Yes,Bachelor's,High,9
S2161,Omar,Smith,student1161@university.edu,Male,20,Business,62.76,63.22,67.19,76.14,90.09,41.1,88.37,61.638,D,3.3,No,Yes,Master's,Low,3
S2162,Ahmed,Smith,student1162@university.edu,Female,18,CS,74.37,42.68,72.11,61.29,55.89,76.8,77.96,61.588,D,1.2,Yes,Yes,PhD,Medium,7
S2163,John,Smith,student1163@university.edu,Male,21,Engineering,94.25,46.12,75.29,66.41,99.92,84.4,96.65,69.107,D,4.5,Yes,Yes,PhD,High,6
S2164,John,Johnson,student1164@university.edu,Male,24,Mathematics,97.27,54.33,67.13,72.39,93.42,25.2,83.12,62.46,D,4.3,No,Yes,Bachelor's,Low,1
S2165,Maria,Johnson,student1165@university.edu,Female,20,Business,84.65,77.77,85.32,69.75,87.83,29.3,93.74,70.42,C,3.3,Yes,Yes,Bachelor's,Low,4
S2166,Ali,Johnson,student1166@university.edu,Male,18,Mathematics,67.21,42.98,57.27,71.3,68.4,22.2,70.02,53.074,E,4.2,No,Yes,PhD,High,3
S2167,John,Brown,student1167@university.edu,Male,20,Engineering,91.58,56.23,87.59,68.57,69.01,49.3,86.93,77.62,C,7.3,No,Yes,Bachelor's,High,4
S2168,Ahmed,Brown,student1168@university.edu,Male,22,Mathematics,65.42,48.91,64.35,62.36,84.51,49.7,58.34,59.568,E,8.2,No,Yes,PhD,Medium,8
S2169,Ali,Jones,student1169@university.edu,Female,19,Engineering,70.13,93.73,83.7,56.45,84.15,26.2,56.02,70.076,C,6.2,No,No,Bachelor's,High,1
S2170,Omar,Johnson,student1170@university.edu,Female,18,Business,91.57,65.87,53.61,63.59,78.16,88.0,62.3,63.196,D,9.6,No,No,None,Low,5
S2171,John,Brown,student1171@university.edu,Female,21,Business,94.8,81.74,96.01,97.12,67.69,60.3,46.99,79.01,C,5.0,No,Yes,None,Medium,1
S2172,Ahmed,Brown,student1172@university.edu,Male,22,CS,95.98,85.76,78.75,88.67,96.31,14.8,60.96,68.068,D,1.1,No,Yes,High School,Medium,10
S2173,Omar,Jones,student1173@university.edu,Male,24,Engineering,72.28,57.74,81.04,96.43,61.1,59.1,94.64,69.213,D,6.3,No,Yes,None,Medium,10
S2174,Sara,Jones,student1174@university.edu,Female,24,CS,88.16,81.58,42.63,92.36,78.28,80.7,58.7,57.719,E,1.7,No,Yes,Master's,Medium,8
S2175,John,Smith,student1175@university.edu,Female,22,Business,98.08,99.42,71.1,97.24,67.84,94.4,83.01,84.869,B,9.7,No,Yes,High School,High,5
S2176,Liam,Smith,student1176@university.edu,Female,23,Engineering,87.53,65.9,83.63,95.84,51.06,89.7,58.95,68.757,D,7.9,No,Yes,Master's,Medium,9
S2177,Sara,Davis,student1177@university.edu,Male,20,CS,57.34,66.71,64.45,80.13,87.24,8.4,48.52,63.157,D,7.8,No,Yes,Bachelor's,Medium,2
S2178,Maria,Williams,student1178@university.edu,Male,24,Engineering,62.26,66.27,73.02,96.98,79.52,8.0,86.36,63.808,D,1.4,Yes,Yes,Bachelor's,Low,5
S2179,Sara,Johnson,student1179@university.edu,Male,18,Engineering,98.6,77.23,76.09,60.39,95.56,21.6,88.89,65.966,D,1.2,Yes,Yes,None,Medium,2
S2180,Omar,Johnson,student1180@university.edu,Male,24,Business,86.98,68.16,45.3,95.2,72.32,71.7,79.66,65.721,D,5.1,Yes,Yes,None,Medium,2
S2181,Maria,Davis,student1181@university.edu,Female,23,Business,94.59,56.13,40.92,78.99,85.32,71.8,52.81,52.972,E,4.3,No,Yes,None,High,2
S2182,Liam,Johnson,student1182@university.edu,Male,21,Mathematics,54.85,85.39,42.97,92.01,83.92,89.8,75.07,70.965,C,4.6,No,Yes,None,Medium,9
S2183,Sara,Smith,student1183@university.edu,Female,18,Engineering,68.54,84.19,77.87,56.67,53.28,77.3,99.29,77.191,C,8.8,No,Yes,Master's,Medium,2
S2184,Emma,Brown,student1184@university.edu,Male,18,Engineering,80.01,46.96,71.5,96.23,85.12,83.4,80.06,72.214,C,6.2,No,Yes,Bachelor's,Medium,8
S2185,Emma,Johnson,student1185@university.edu,Male,23,Engineering,64.17,83.05,65.6,90.67,71.48,18.4,99.11,67.202,D,5.4,No,Yes,High School,Low,5
S2186,Liam,Smith,student1186@university.edu,Female,19,Mathematics,87.56,55.06,54.91,78.48,76.71,44.3,59.42,60.184,D,9.9,No,Yes,None,High,6
S2187,Ahmed,Davis,student1187@university.edu,Female,18,Engineering,95.06,98.82,59.93,82.31,64.08,18.2,94.73,71.585,C,4.5,No,Yes,Master's,Low,6
S2188,Maria,Jones,student1188@university.edu,Female,23,Business,56.17,92.43,45.86,91.52,56.15,57.9,88.4,60.046,D,1.1,No,Yes,None,Low,8
S2189,John,Brown,student1189@university.edu,Female,20,Business,64.16,87.53,69.14,96.75,57.97,1.8,97.14,64.678,D,1.7,No,Yes,Master's,Low,6
S2190,Sara,Johnson,student1190@university.edu,Female,21,CS,60.06,85.21,43.37,69.86,99.36,16.1,99.15,62.441,D,3.4,No,Yes,High School,Medium,1
S2191,John,Brown,student1191@university.edu,Female,24,Engineering,52.48,58.12,45.95,51.29,81.62,89.1,85.21,64.98,D,7.1,No,Yes,Master's,Medium,2
S2192,Omar,Johnson,student1192@university.edu,Female,24,Business,99.16,55.64,47.48,99.0,98.54,31.1,85.01,68.128,D,8.9,No,Yes,Master's,Low,3
S2193,Ahmed,Brown,student1193@university.edu,Female,22,Mathematics,52.02,44.69,74.01,85.07,84.9,94.9,97.34,81.85,B,8.1,No,Yes,Master's,Low,4
S2194,Ahmed,Brown,student1194@university.edu,Male,22,CS,72.35,88.83,93.93,62.38,61.56,52.0,77.28,82.389,B,9.5,No,Yes,High School,Low,7
S2195,Omar,Brown,student1195@university.edu,Male,24,Business,55.2,47.82,59.92,50.62,51.72,56.6,49.18,52.165,E,1.1,No,Yes,None,Low,8
S2196,Omar,Brown,student1196@university.edu,Male,18,CS,90.61,64.32,62.62,78.39,76.93,58.1,67.83,62.403,D,3.7,Yes,Yes,High School,Low,3
S2197,Ahmed,Jones,student1197@university.edu,Male,18,Engineering,62.02,69.93,42.59,70.29,54.53,87.2,51.83,50.762,E,2.7,Yes,Yes,Bachelor's,Low,8
S2198,Omar,Davis,student1198@university.edu,Female,20,CS,78.12,77.95,65.06,96.07,89.27,97.8,79.41,77.165,C,9.3,Yes,Yes,None,High,6
S2199,Sara,Davis,student1199@university.edu,Male,20,Engineering,50.13,86.05,53.8,98.98,62.51,46.2,87.72,72.815,C,7.8,No,Yes,PhD,Low,1
S2200,Liam,Smith,student1200@university.edu,Female,24,Business,51.18,48.05,40.89,71.84,92.28,82.4,71.81,62.294,D,7.1,No,Yes,Bachelor's,Medium,6
S2201,Liam,Davis,student1201@university.edu,Male,22,Engineering,91.25,48.14,57.3,61.78,96.74,85.1,51.88,62.016,D,7.7,Yes,Yes,PhD,Low,7
S2202,Omar,Jones,student1202@university.edu,Female,20,Mathematics,71.83,72.34,98.67,65.33,66.58,76.9,68.11,76.351,C,4.6,No,Yes,High School,Medium,8
S2203,Maria,Brown,student1203@university.edu,Female,19,Engineering,99.53,95.86,85.51,93.34,66.55,55.5,92.91,84.833,B,6.2,No,Yes,PhD,Medium,2
S2204,Omar,Davis,student1204@university.edu,Female,19,Engineering,87.8,46.61,75.29,57.63,86.88,6.0,59.03,57.259,E,5.4,No,Yes,Bachelor's,Low,9
S2205,Sara,Johnson,student1205@university.edu,Male,20,Business,75.69,84.86,73.24,58.66,68.22,25.4,99.62,77.306,C,9.6,No,Yes,High School,Low,5
S2206,Omar,Davis,student1206@university.edu,Female,22,Mathematics,85.83,89.12,99.94,92.57,70.85,99.4,47.58,89.37,B,7.9,No,Yes,PhD,High,1
S2207,Ali,Smith,student1207@university.edu,Female,21,Mathematics,53.61,64.83,58.9,88.47,81.29,25.6,78.38,57.17,E,4.3,Yes,Yes,None,Medium,10
S2208,John,Davis,student1208@university.edu,Male,19,Mathematics,71.17,43.88,66.87,70.69,98.75,34.2,86.0,63.876,D,3.2,Yes,Yes,Master's,Medium,4
S2209,Sara,Johnson,student1209@university.edu,Male,21,CS,85.75,63.08,54.52,99.25,75.8,83.1,98.05,67.6,D,2.7,No,Yes,None,Medium,8
S2210,Omar,Brown,student1210@university.edu,Male,20,CS,84.89,76.71,60.16,90.75,96.34,96.9,92.96,73.603,C,2.6,Yes,Yes,None,High,10
S2211,Maria,Williams,student1211@university.edu,Female,19,Engineering,72.67,46.71,45.19,85.01,77.56,52.5,74.27,54.361,E,1.2,Yes,No,Bachelor's,High,3
S2212,Ahmed,Smith,student1212@university.edu,Male,19,CS,95.25,45.91,78.76,62.19,92.89,33.9,54.67,62.373,D,4.0,No,Yes,PhD,Low,1
S2213,Sara,Johnson,student1213@university.edu,Female,23,Mathematics,65.98,67.63,55.68,63.54,73.77,46.4,55.42,62.241,D,9.2,No,Yes,Bachelor's,Medium,7
S2214,Maria,Johnson,student1214@university.edu,Female,24,CS,93.74,64.44,82.98,65.25,70.36,83.3,54.73,62.904,D,4.9,No,Yes,PhD,Medium,10
S2215,John,Jones,student1215@university.edu,Female,19,CS,71.64,60.76,64.23,85.24,60.05,89.2,49.44,63.177,D,5.1,No,Yes,High School,Medium,7
S2216,Ahmed,Davis,student1216@university.edu,Male,21,CS,94.44,85.46,97.62,92.7,64.76,33.0,57.09,72.012,C,8.2,Yes,Yes,High School,Medium,1
S2217,Sara,Jones,student1217@university.edu,Female,23,CS,60.11,60.61,94.78,93.41,98.1,61.9,90.39,76.404,C,6.1,No,Yes,PhD,Medium,9
S2218,Ali,Brown,student1218@university.edu,Female,22,Mathematics,93.44,65.28,99.91,93.56,64.88,50.4,80.03,74.988,C,2.4,No,Yes,High School,Medium,5
S2219,Ali,Jones,student1219@university.edu,Male,22,Engineering,92.94,56.36,68.19,94.27,81.26,44.0,43.52,61.283,D,4.1,No,Yes,PhD,Low,6
S2220,Ali,Jones,student1220@university.edu,Female,23,Engineering,56.42,82.75,40.31,91.55,76.52,30.0,67.27,66.143,D,6.7,Yes,Yes,PhD,Low,4
S2221,John,Brown,student1221@university.edu,Male,23,Business,93.81,54.74,71.49,90.23,85.72,7.1,62.44,63.115,D,7.0,No,Yes,PhD,Low,9
S2222,Emma,Davis,student1222@university.edu,Male,19,Business,80.23,41.19,68.01,90.22,73.37,99.1,78.23,67.822,D,4.6,Yes,Yes,High School,Low,3
S2223,Sara,Jones,student1223@university.edu,Male,21,Engineering,54.34,88.01,41.9,63.14,97.88,96.8,72.17,67.133,D,9.3,No,Yes,Bachelor's,Medium,5
S2224,Sara,Brown,student1224@university.edu,Male,20,Mathematics,88.32,65.55,69.07,79.51,54.37,91.1,42.45,56.847,E,2.5,No,Yes,None,Medium,4
S2225,Emma,Jones,student1225@university.edu,Female,24,Engineering,57.67,45.16,75.02,94.3,54.88,98.9,89.43,65.886,D,1.1,Yes,No,PhD,Medium,9
S2226,Emma,Brown,student1226@university.edu,Female,22,CS,94.56,75.76,62.68,75.39,80.15,5.1,52.97,56.753,E,1.2,No,Yes,Master's,Medium,6
S2227,Emma,Johnson,student1227@university.edu,Female,18,Mathematics,93.9,43.78,82.36,88.13,78.17,36.7,60.83,59.365,E,1.9,Yes,Yes,Bachelor's,Medium,8
S2228,Ahmed,Williams,student1228@university.edu,Female,19,Business,92.99,73.48,59.63,82.97,90.83,37.2,75.28,65.649,D,1.1,No,Yes,None,Low,1
S2229,John,Davis,student1229@university.edu,Male,22,Mathematics,89.61,45.63,67.83,60.41,85.2,67.7,85.76,61.068,D,1.4,No,Yes,Master's,Low,10
S2230,John,Davis,student1230@university.edu,Female,21,Engineering,56.69,91.1,54.74,73.04,72.18,61.2,57.43,70.337,C,8.1,Yes,Yes,Bachelor's,Low,3
S2231,Sara,Smith,student1231@university.edu,Female,23,Business,54.62,73.09,89.33,93.0,72.83,37.4,64.19,71.383,C,6.6,No,Yes,None,Low,7
S2232,Liam,Brown,student1232@university.edu,Male,19,CS,62.67,49.07,73.18,99.04,68.1,90.3,45.21,69.757,D,8.1,Yes,Yes,PhD,Medium,4
S2233,Maria,Jones,student1233@university.edu,Female,23,CS,72.56,42.77,97.23,52.52,61.04,11.4,79.18,62.558,D,8.6,Yes,Yes,Bachelor's,Low,9
S2234,Maria,Davis,student1234@university.edu,Female,23,Engineering,61.09,71.2,46.86,65.58,63.78,12.7,66.49,54.822,E,4.9,Yes,Yes,None,Low,6
S2235,Emma,Williams,student1235@university.edu,Female,18,Business,73.11,89.73,42.84,56.29,69.77,59.0,53.93,60.961,D,6.5,No,Yes,Master's,Low,4
S2236,Maria,Smith,student1236@university.edu,Male,21,Engineering,55.44,58.7,81.77,76.93,92.58,52.7,50.85,65.213,D,4.4,Yes,Yes,High School,Low,9
S2237,John,Smith,student1237@university.edu,Female,22,Engineering,67.15,71.21,93.48,87.79,62.0,35.2,45.6,77.061,C,7.6,No,Yes,None,Medium,2
S2238,Maria,Williams,student1238@university.edu,Male,21,Business,76.17,51.59,60.24,95.1,77.88,57.9,84.36,61.185,D,1.8,No,Yes,Master's,Medium,5
S2239,Sara,Jones,student1239@university.edu,Female,18,Mathematics,97.07,40.03,61.68,74.84,80.06,74.0,87.67,68.122,D,6.5,No,Yes,Master's,Low,5
S2240,Liam,Davis,student1240@university.edu,Male,23,CS,66.36,92.17,90.31,86.2,96.62,70.7,92.11,84.168,B,4.3,Yes,Yes,Master's,Low,4
S2241,Omar,Davis,student1241@university.edu,Female,23,Engineering,69.98,45.65,57.79,74.84,63.62,84.2,54.11,54.924,E,7.1,No,Yes,Bachelor's,Medium,8
S2242,John,Jones,student1242@university.edu,Male,20,Business,61.01,66.59,97.04,97.01,94.8,70.4,52.45,76.679,C,2.8,Yes,Yes,High School,High,4
S2243,Liam,Williams,student1243@university.edu,Female,20,Engineering,83.71,63.09,79.83,75.59,79.66,91.6,89.55,74.925,C,5.2,No,Yes,High School,High,2
S2244,Ali,Jones,student1244@university.edu,Female,18,CS,90.13,44.9,84.93,56.19,98.69,10.1,94.62,69.127,D,9.7,No,Yes,High School,Low,3
S2245,Maria,Smith,student1245@university.edu,Female,23,CS,90.66,88.96,99.13,87.16,89.48,55.0,44.87,83.174,B,9.2,Yes,Yes,None,Medium,4
S2246,Sara,Brown,student1246@university.edu,Female,19,Mathematics,53.88,54.4,41.24,77.14,52.26,53.3,65.91,61.248,D,8.2,Yes,No,None,Medium,5
S2247,Maria,Johnson,student1247@university.edu,Female,18,Business,98.33,86.94,73.41,65.6,75.22,71.0,73.64,71.041,C,1.8,Yes,Yes,Master's,Low,9
S2248,Sara,Brown,student1248@university.edu,Male,22,Mathematics,81.15,51.94,55.81,66.02,68.5,99.5,86.9,70.864,C,5.4,No,Yes,None,Low,6
S2249,John,Davis,student1249@university.edu,Male,23,Engineering,73.58,79.19,98.07,96.08,70.74,2.6,69.34,82.908,B,8.1,Yes,Yes,Bachelor's,Low,1
S2250,Liam,Johnson,student1250@university.edu,Male,20,Business,95.29,41.34,94.64,53.86,94.56,48.0,96.59,67.636,D,1.2,No,Yes,Master's,Low,8
S2251,Emma,Johnson,student1251@university.edu,Female,24,Mathematics,72.28,95.89,52.54,76.76,60.59,54.6,75.84,68.272,D,3.1,No,Yes,PhD,Medium,5
S2252,Omar,Johnson,student1252@university.edu,Male,22,CS,63.59,42.21,56.65,82.49,50.44,82.3,72.95,53.392,E,1.5,Yes,Yes,None,Medium,1
S2253,Emma,Smith,student1253@university.edu,Female,20,Business,64.27,95.61,75.81,78.16,86.09,1.0,49.83,67.585,D,8.1,Yes,Yes,Master's,High,8
S2254,John,Brown,student1254@university.edu,Male,23,Engineering,53.34,95.64,88.63,69.24,93.31,36.8,70.66,80.408,B,1.4,Yes,Yes,High School,Medium,6
S2255,Ali,Johnson,student1255@university.edu,Male,22,Mathematics,78.77,66.6,73.81,84.4,57.36,53.5,41.9,66.057,D,5.2,No,Yes,None,Low,1
S2256,Sara,Williams,student1256@university.edu,Female,20,Engineering,50.91,85.39,92.18,68.58,62.31,85.9,54.98,78.125,C,7.9,No,Yes,Master's,Low,8
S2257,Liam,Smith,student1257@university.edu,Male,24,CS,96.9,45.64,45.73,65.44,51.58,70.8,41.8,55.9,E,7.4,No,Yes,High School,Low,6
S2258,John,Johnson,student1258@university.edu,Female,19,CS,75.94,62.18,63.38,87.12,63.86,27.2,90.26,62.737,D,2.8,No,Yes,Master's,Low,8
S2259,John,Davis,student1259@university.edu,Male,19,CS,69.69,81.76,45.43,63.54,89.13,5.0,48.58,49.493,F,2.2,Yes,Yes,None,High,3
S2260,Sara,Davis,student1260@university.edu,Female,21,CS,57.17,98.48,60.45,60.2,52.85,16.6,82.84,66.098,D,7.5,Yes,Yes,None,Low,6
S2261,Sara,Johnson,student1261@university.edu,Female,21,Business,66.92,59.4,44.91,67.06,79.84,90.4,99.2,66.488,D,2.4,No,No,Bachelor's,Medium,4
S2262,Ahmed,Smith,student1262@university.edu,Male,22,Mathematics,62.27,88.77,53.17,50.13,58.07,89.7,53.95,59.518,E,5.4,No,Yes,None,Low,5
S2263,Maria,Brown,student1263@university.edu,Male,21,Business,61.14,99.11,54.27,98.35,52.02,76.4,48.46,69.58,D,6.7,No,Yes,Bachelor's,Low,5
S2264,John,Johnson,student1264@university.edu,Female,20,Mathematics,59.98,53.83,71.51,79.7,56.15,62.8,42.42,57.099,E,6.6,Yes,Yes,Bachelor's,Medium,4
S2265,Sara,Davis,student1265@university.edu,Female,18,CS,90.09,83.94,73.23,92.64,96.55,47.6,80.39,73.355,C,1.0,Yes,Yes,PhD,Low,10
S2266,Ali,Jones,student1266@university.edu,Female,24,Business,88.77,64.13,72.3,73.92,81.96,72.5,69.03,67.538,D,3.5,Yes,Yes,High School,Medium,2
S2267,Maria,Johnson,student1267@university.edu,Male,22,Engineering,93.72,86.57,64.89,69.0,84.65,57.9,44.4,58.977,E,2.3,No,Yes,PhD,Medium,10
S2268,Omar,Jones,student1268@university.edu,Female,23,Business,64.18,48.2,63.38,73.69,95.5,75.6,85.73,61.732,D,2.9,Yes,Yes,PhD,High,5
S2269,Omar,Johnson,student1269@university.edu,Female,18,CS,86.2,42.15,59.63,72.34,77.69,34.8,85.13,60.855,D,4.6,Yes,Yes,Bachelor's,Medium,3
S2270,John,Williams,student1270@university.edu,Female,20,Business,55.51,78.9,80.77,76.03,84.78,58.0,61.07,76.113,C,8.8,Yes,Yes,None,Medium,10
S2271,Omar,Jones,student1271@university.edu,Male,19,Business,92.87,40.09,69.07,78.61,80.51,24.3,48.9,54.317,E,2.2,No,Yes,Bachelor's,Medium,9
S2272,Omar,Davis,student1272@university.edu,Female,20,Business,88.02,50.37,43.53,75.43,85.53,69.2,96.16,64.52,D,3.9,No,Yes,Master's,Medium,7
S2273,Ahmed,Jones,student1273@university.edu,Male,22,Business,76.03,58.81,41.63,77.16,72.39,66.3,62.18,59.82,E,7.7,Yes,Yes,Bachelor's,Medium,9
S2274,John,Smith,student1274@university.edu,Male,23,Business,69.54,52.42,79.31,92.78,74.92,4.2,70.08,63.633,D,6.5,No,Yes,Master's,Low,6
S2275,Omar,Jones,student1275@university.edu,Female,21,Engineering,96.54,45.59,62.05,61.86,99.48,44.2,71.34,60.426,D,2.7,No,Yes,PhD,High,3
S2276,Emma,Williams,student1276@university.edu,Female,24,Mathematics,72.24,74.93,52.1,96.06,79.64,63.8,95.94,74.478,C,9.9,Yes,No,Bachelor's,High,5
S2277,Maria,Williams,student1277@university.edu,Male,23,Business,86.08,41.93,70.75,60.26,70.16,98.5,64.06,57.233,E,4.2,No,Yes,PhD,Medium,5
S2278,Omar,Smith,student1278@university.edu,Male,18,Mathematics,68.41,45.32,77.38,60.54,60.61,86.0,55.44,63.323,D,4.2,Yes,Yes,High School,Low,1
S2279,Liam,Davis,student1279@university.edu,Female,22,Business,66.13,90.91,55.14,69.95,65.45,13.2,40.0,58.773,E,7.1,Yes,Yes,Bachelor's,Low,8
S2280,Omar,Brown,student1280@university.edu,Female,23,CS,89.71,56.3,46.83,86.92,94.49,31.8,51.16,53.255,E,5.1,No,Yes,None,Low,1
S2281,Maria,Jones,student1281@university.edu,Male,20,CS,80.86,74.44,92.92,99.75,95.07,32.5,71.01,77.829,C,6.7,Yes,No,Bachelor's,Medium,2
S2282,Ali,Johnson,student1282@university.edu,Male,24,Mathematics,83.11,89.04,43.25,93.96,83.81,14.6,90.26,63.264,D,1.3,Yes,Yes,Master's,Medium,1
S2283,John,Williams,student1283@university.edu,Female,21,Business,86.53,49.43,91.32,97.51,82.13,38.7,72.25,75.964,C,4.9,Yes,Yes,None,High,1
S2284,Omar,Williams,student1284@university.edu,Female,20,Engineering,67.61,50.46,85.4,53.83,91.02,48.9,89.64,71.416,C,4.3,Yes,Yes,None,High,3
S2285,Liam,Jones,student1285@university.edu,Male,24,Business,80.0,83.02,83.43,81.72,99.46,95.7,89.66,82.258,B,6.8,Yes,Yes,None,Low,8
S2286,Emma,Brown,student1286@university.edu,Male,19,CS,81.43,83.76,46.77,92.89,85.61,41.3,86.35,68.551,D,4.4,No,Yes,None,Low,1
S2287,Omar,Davis,student1287@university.edu,Female,21,Mathematics,86.48,61.53,47.01,74.06,55.63,96.5,47.59,56.827,E,3.2,No,Yes,Master's,Medium,9
S2288,Ali,Williams,student1288@university.edu,Male,19,CS,77.82,70.49,59.19,50.31,60.87,82.4,83.41,68.183,D,4.1,No,No,Master's,Low,6
S2289,Sara,Davis,student1289@university.edu,Female,20,Business,93.62,76.57,54.88,90.37,67.67,17.0,84.75,63.434,D,6.2,Yes,No,Master's,High,3
S2290,Liam,Jones,student1290@university.edu,Male,23,CS,87.87,43.83,96.94,68.01,64.92,45.1,99.16,73.354,C,7.1,Yes,Yes,None,High,6
S2291,Maria,Williams,student1291@university.edu,Male,22,Business,81.29,88.2,84.63,72.32,98.61,96.5,60.29,82.959,B,8.2,No,Yes,Bachelor's,High,2
S2292,Maria,Smith,student1292@university.edu,Male,22,Mathematics,65.82,57.32,47.7,97.42,98.46,69.8,45.33,60.09,D,6.0,No,Yes,Bachelor's,High,8
S2293,Omar,Smith,student1293@university.edu,Female,24,Business,66.56,63.12,55.07,93.06,72.35,15.9,72.55,66.631,D,9.8,Yes,Yes,PhD,Low,10
S2294,Maria,Smith,student1294@university.edu,Female,23,Engineering,79.92,87.84,73.65,58.88,90.48,35.1,83.51,71.703,C,3.5,No,Yes,Bachelor's,High,2
S2295,Ali,Davis,student1295@university.edu,Male,20,Mathematics,63.6,69.47,49.07,94.65,97.41,59.1,91.48,71.409,C,3.7,Yes,Yes,None,Medium,7
S2296,John,Smith,student1296@university.edu,Male,21,Mathematics,53.41,98.52,66.58,82.93,76.1,9.0,67.72,67.429,D,1.7,No,Yes,Bachelor's,Medium,9
S2297,John,Jones,student1297@university.edu,Female,20,CS,60.39,54.62,84.84,81.02,58.04,12.5,92.43,64.179,D,6.6,No,Yes,None,Medium,4
S2298,Ali,Davis,student1298@university.edu,Male,24,Mathematics,98.39,60.74,56.63,96.25,55.52,38.5,85.26,59.595,E,1.6,Yes,Yes,High School,Medium,7
S2299,Liam,Williams,student1299@university.edu,Female,20,CS,69.21,85.13,77.14,55.73,68.57,43.4,46.75,59.344,E,1.5,No,Yes,PhD,Medium,1
S2300,Omar,Davis,student1300@university.edu,Male,21,Engineering,63.82,73.28,94.52,84.41,79.48,79.0,94.97,78.905,C,1.6,Yes,Yes,High School,Medium,2
S2301,Maria,Jones,student1301@university.edu,Female,18,Engineering,52.63,67.64,44.62,86.34,66.85,38.8,66.89,60.514,D,3.2,Yes,Yes,None,Low,10
S2302,Emma,Johnson,student1302@university.edu,Male,19,Engineering,82.08,83.84,92.74,89.81,87.24,27.7,50.29,69.801,D,1.8,Yes,Yes,None,Medium,7
S2303,Sara,Johnson,student1303@university.edu,Female,19,Business,93.45,99.3,95.87,83.9,56.84,97.2,49.14,79.373,C,5.6,No,Yes,PhD,High,7
S2304,Emma,Williams,student1304@university.edu,Female,18,CS,73.72,70.87,99.93,90.62,82.54,76.8,93.7,82.298,B,7.1,No,Yes,High School,Medium,1
S2305,Ahmed,Smith,student1305@university.edu,Female,24,Business,75.54,73.26,51.1,57.58,87.0,60.5,89.18,59.607,E,3.9,No,No,Bachelor's,Low,3
S2306,Emma,Jones,student1306@university.edu,Male,20,Engineering,96.2,51.25,46.4,91.96,54.67,5.8,47.57,49.605,F,6.3,No,Yes,High School,Medium,2
S2307,Sara,Jones,student1307@university.edu,Male,22,CS,69.93,81.06,58.06,67.67,74.47,62.7,46.37,62.845,D,2.4,Yes,Yes,PhD,High,7
S2308,John,Smith,student1308@university.edu,Female,19,Business,72.15,68.61,90.91,86.38,94.16,82.0,80.98,77.499,C,5.1,No,No,None,Medium,7
S2309,Sara,Brown,student1309@university.edu,Male,24,CS,67.25,80.14,60.37,58.52,90.21,50.0,48.46,56.495,E,2.3,No,Yes,Master's,Medium,3
S2310,Ali,Davis,student1310@university.edu,Female,23,Engineering,95.38,72.42,92.01,69.12,82.38,63.8,56.85,71.48,C,3.2,No,Yes,PhD,Low,1
S2311,John,Davis,student1311@university.edu,Female,23,CS,89.79,95.76,76.32,52.65,81.44,4.3,79.73,62.399,D,9.9,No,Yes,High School,Medium,9
S2312,Ahmed,Jones,student1312@university.edu,Male,18,CS,95.38,52.9,85.06,68.23,79.98,10.9,95.04,70.437,C,8.7,Yes,Yes,None,Medium,2
S2313,Ahmed,Johnson,student1313@university.edu,Female,22,CS,88.74,69.9,59.88,89.25,89.46,53.8,60.74,63.85,D,6.6,Yes,Yes,Master's,High,5
S2314,Maria,Williams,student1314@university.edu,Female,18,CS,57.55,71.44,65.34,59.79,61.49,55.5,76.23,65.255,D,10.0,Yes,Yes,PhD,Low,5
S2315,Omar,Jones,student1315@university.edu,Female,22,Engineering,74.16,60.95,72.19,88.96,87.15,86.0,51.57,70.47,C,1.4,Yes,Yes,PhD,Medium,2
S2316,Ali,Smith,student1316@university.edu,Female,22,Engineering,83.15,75.21,49.01,72.62,55.83,52.0,75.89,61.76,D,8.0,Yes,Yes,None,Medium,9
S2317,Liam,Johnson,student1317@university.edu,Female,24,Engineering,54.17,50.15,50.71,64.55,77.27,15.0,72.66,58.707,E,6.8,No,Yes,Master's,Low,2
S2318,Sara,Brown,student1318@university.edu,Male,23,Engineering,94.91,70.69,89.17,80.0,94.32,77.2,99.73,82.31,B,9.6,Yes,Yes,Master's,High,3
S2319,Emma,Brown,student1319@university.edu,Female,22,Business,63.56,77.03,64.64,81.19,91.42,71.5,41.58,63.997,D,2.8,No,Yes,High School,Low,3
S2320,Ali,Davis,student1320@university.edu,Male,21,Mathematics,98.11,93.95,71.3,89.4,65.1,6.1,60.45,72.967,C,9.3,Yes,Yes,PhD,Low,8
S2321,Emma,Johnson,student1321@university.edu,Female,22,Mathematics,72.88,87.04,55.26,83.7,64.56,34.4,60.28,62.822,D,2.4,Yes,No,Bachelor's,Medium,4
S2322,Maria,Jones,student1322@university.edu,Male,23,Business,50.44,76.16,40.03,90.32,71.23,82.8,50.62,62.995,D,9.7,Yes,Yes,High School,High,10
S2323,Emma,Williams,student1323@university.edu,Male,21,Mathematics,89.4,68.79,64.61,65.84,69.17,47.3,56.17,64.173,D,5.1,Yes,Yes,PhD,Low,1
S2324,Emma,Davis,student1324@university.edu,Male,19,Engineering,56.61,94.44,49.02,87.27,87.2,49.8,50.2,59.29,E,3.9,No,Yes,PhD,Low,2
S2325,Liam,Smith,student1325@university.edu,Male,23,Mathematics,73.25,94.6,47.48,67.72,93.1,62.9,59.52,65.074,D,3.7,Yes,Yes,High School,Medium,3
S2326,Sara,Brown,student1326@university.edu,Male,18,Business,67.41,74.41,60.82,91.53,77.8,83.2,90.86,70.988,C,3.8,Yes,Yes,None,High,2
S2327,Omar,Davis,student1327@university.edu,Male,19,CS,76.66,42.04,62.26,63.67,53.11,27.9,64.6,52.805,E,4.6,Yes,Yes,None,Medium,6
S2328,Sara,Williams,student1328@university.edu,Female,19,Business,67.12,93.03,55.74,87.29,81.55,71.0,85.0,71.068,C,1.4,No,Yes,PhD,Medium,8
S2329,John,Davis,student1329@university.edu,Male,21,Mathematics,71.22,62.43,89.34,87.19,85.32,76.6,71.59,73.127,C,5.5,Yes,Yes,PhD,Low,3
S2330,Sara,Jones,student1330@university.edu,Female,24,Business,67.44,73.94,81.96,50.86,82.3,65.4,78.43,68.215,D,6.4,No,Yes,Bachelor's,Medium,2
S2331,Ali,Williams,student1331@university.edu,Female,19,Business,61.47,85.12,71.36,52.65,92.13,14.7,96.29,71.785,C,5.5,No,Yes,PhD,Medium,6
S2332,Ahmed,Davis,student1332@university.edu,Male,20,CS,79.14,61.38,67.82,94.35,83.89,3.7,45.98,65.075,D,7.0,Yes,Yes,High School,Low,5
S2333,John,Davis,student1333@university.edu,Male,20,Engineering,85.65,93.14,40.53,98.38,73.13,81.3,66.12,70.93,C,7.0,No,Yes,Bachelor's,Medium,2
S2334,John,Jones,student1334@university.edu,Male,18,Mathematics,89.84,76.22,80.13,51.42,95.74,46.7,42.51,67.045,D,6.2,Yes,Yes,Bachelor's,Medium,4
S2335,John,Brown,student1335@university.edu,Male,19,CS,84.39,90.94,79.57,56.79,99.78,47.1,83.76,77.575,C,7.0,No,Yes,PhD,Medium,4
S2336,Omar,Johnson,student1336@university.edu,Female,22,Engineering,68.25,76.13,54.0,94.8,67.79,24.3,78.16,56.479,E,1.6,Yes,Yes,Bachelor's,Low,10
S2337,Maria,Davis,student1337@university.edu,Female,22,Business,77.71,92.85,81.12,73.91,66.91,43.7,50.83,74.324,C,9.6,No,Yes,High School,Low,3
S2338,Ahmed,Jones,student1338@university.edu,Female,24,Engineering,87.8,77.17,57.42,62.84,84.08,57.8,79.21,66.433,D,1.4,Yes,Yes,PhD,High,5
S2339,Ali,Williams,student1339@university.edu,Female,18,Business,67.7,58.92,71.84,74.57,77.04,33.3,51.15,61.39,D,5.6,No,Yes,Bachelor's,High,8
S2340,John,Smith,student1340@university.edu,Female,19,Business,57.39,79.41,98.76,64.28,82.09,33.2,73.66,77.601,C,9.9,Yes,Yes,Master's,Medium,8
S2341,Ali,Williams,student1341@university.edu,Male,24,Business,51.58,63.33,96.87,64.83,84.72,35.9,91.89,74.57,C,4.5,Yes,Yes,None,Low,10
S2342,Omar,Johnson,student1342@university.edu,Female,18,Engineering,63.07,67.26,40.48,51.7,58.82,72.4,73.22,63.312,D,8.5,No,Yes,None,High,9
S2343,Emma,Johnson,student1343@university.edu,Female,23,CS,70.31,98.6,41.1,73.12,92.74,70.4,48.71,65.15,D,8.2,Yes,Yes,Bachelor's,Low,2
S2344,Emma,Williams,student1344@university.edu,Female,21,Mathematics,83.28,57.34,57.31,88.41,83.66,20.8,84.23,58.437,E,1.1,Yes,Yes,Bachelor's,Low,10
S2345,Maria,Williams,student1345@university.edu,Male,24,Engineering,76.63,76.1,56.55,70.1,60.88,43.8,43.41,64.884,D,4.9,Yes,No,None,Medium,1
S2346,Ahmed,Johnson,student1346@university.edu,Male,21,CS,92.56,46.02,88.16,69.95,70.52,22.2,78.89,69.297,D,6.8,Yes,No,High School,Medium,5
S2347,John,Davis,student1347@university.edu,Female,21,Mathematics,66.0,68.27,69.76,73.56,71.49,15.6,81.66,64.741,D,5.2,No,Yes,PhD,Low,6
S2348,Ahmed,Jones,student1348@university.edu,Female,22,Business,95.96,70.86,57.29,60.09,71.59,8.7,48.07,59.935,E,8.9,Yes,Yes,High School,Low,7
S2349,Ali,Brown,student1349@university.edu,Female,19,Business,57.05,62.09,82.13,83.94,85.07,24.1,64.51,64.19,D,5.2,Yes,No,High School,Medium,7
S2350,Sara,Smith,student1350@university.edu,Male,24,Business,70.5,45.66,51.34,76.21,96.4,22.6,73.17,56.774,E,5.0,Yes,Yes,None,Medium,7
S2351,Ali,Smith,student1351@university.edu,Male,23,CS,79.74,66.71,48.86,72.73,66.84,2.9,71.19,57.503,E,6.4,No,Yes,Master's,Medium,9
S2352,Ahmed,Davis,student1352@university.edu,Male,21,Engineering,98.32,76.23,91.09,63.99,98.36,31.0,75.67,78.515,C,8.2,No,Yes,Bachelor's,High,8
S2353,Sara,Davis,student1353@university.edu,Female,21,Engineering,96.94,82.64,71.05,85.0,68.58,81.8,45.75,71.018,C,7.1,No,Yes,Master's,Low,1
S2354,Ahmed,Smith,student1354@university.edu,Male,19,Engineering,74.7,95.38,53.39,80.92,99.93,73.4,83.69,72.627,C,3.2,Yes,Yes,PhD,Medium,6
S2355,Ali,Williams,student1355@university.edu,Female,20,CS,89.35,89.35,84.45,51.95,97.97,33.8,68.85,71.858,C,2.9,Yes,Yes,None,High,7
S2356,John,Smith,student1356@university.edu,Female,24,CS,87.55,44.02,96.52,85.44,56.62,38.8,63.66,66.764,D,5.4,Yes,Yes,Master's,Medium,8
S2357,Ali,Davis,student1357@university.edu,Female,24,Engineering,96.69,61.41,78.42,71.16,66.48,33.4,84.83,66.858,D,2.5,Yes,Yes,Master's,Medium,1
S2358,Omar,Davis,student1358@university.edu,Female,18,Business,63.74,56.05,52.0,86.89,79.54,79.8,93.79,68.586,D,1.9,Yes,Yes,None,Medium,10
S2359,Ahmed,Jones,student1359@university.edu,Female,24,Business,79.83,50.63,41.38,62.26,71.82,63.0,60.99,51.652,E,6.0,No,Yes,High School,Medium,7
S2360,Liam,Jones,student1360@university.edu,Male,22,CS,89.18,90.29,50.92,90.21,74.16,50.7,72.74,66.145,D,1.9,No,Yes,Bachelor's,Medium,4
S2361,Ali,Brown,student1361@university.edu,Male,21,CS,52.22,77.4,98.63,93.31,98.81,22.5,89.82,78.118,C,3.8,Yes,Yes,PhD,High,10
S2362,John,Jones,student1362@university.edu,Male,20,Engineering,84.22,83.15,92.66,81.18,99.91,72.8,79.44,87.14,B,6.7,Yes,Yes,Master's,Low,9
S2363,John,Jones,student1363@university.edu,Female,19,Engineering,53.41,93.73,67.53,79.58,53.75,8.1,60.34,66.794,D,9.2,Yes,Yes,Bachelor's,Low,10
S2364,Sara,Jones,student1364@university.edu,Female,24,CS,65.26,83.37,56.81,66.94,63.32,13.3,54.59,54.817,E,1.1,No,Yes,PhD,Low,5
S2365,Omar,Brown,student1365@university.edu,Female,24,Business,69.32,43.57,96.46,52.04,90.28,54.4,46.68,60.874,D,3.8,No,Yes,High School,High,5
S2366,Ali,Brown,student1366@university.edu,Male,21,Engineering,94.71,75.8,98.97,97.56,98.55,32.2,77.2,79.642,C,5.0,Yes,Yes,None,Low,5
S2367,Sara,Davis,student1367@university.edu,Male,22,Business,74.59,67.23,41.17,94.12,66.4,62.8,53.49,59.169,E,8.0,No,Yes,High School,Low,7
S2368,Maria,Williams,student1368@university.edu,Male,24,CS,96.82,66.08,41.8,79.29,95.98,4.9,94.57,69.375,D,9.1,Yes,Yes,None,Medium,4
S2369,Omar,Smith,student1369@university.edu,Male,19,CS,53.3,59.67,52.78,60.46,74.83,34.6,47.92,53.511,E,9.3,No,Yes,PhD,Low,10
S2370,John,Williams,student1370@university.edu,Male,20,Mathematics,69.9,52.99,42.97,80.48,87.27,3.6,64.55,56.877,E,8.0,Yes,Yes,Master's,High,5
S2371,Maria,Smith,student1371@university.edu,Female,19,CS,89.97,98.31,72.82,62.47,59.18,51.6,45.57,65.231,D,8.7,Yes,Yes,Master's,Medium,8
S2372,Omar,Brown,student1372@university.edu,Male,19,Business,56.63,62.84,79.02,64.88,55.64,66.7,95.97,74.956,C,8.1,Yes,Yes,Master's,Medium,2
S2373,Maria,Jones,student1373@university.edu,Male,20,Engineering,71.8,95.62,46.6,94.79,96.05,47.0,47.16,70.06,C,3.4,Yes,Yes,Master's,Low,10
S2374,Omar,Davis,student1374@university.edu,Male,21,Business,84.36,64.77,92.72,63.25,92.7,2.3,54.98,69.606,D,3.5,Yes,Yes,None,Medium,5
S2375,Ali,Brown,student1375@university.edu,Male,21,CS,57.24,76.03,46.04,94.84,58.6,63.8,59.5,64.393,D,2.4,No,Yes,Master's,Medium,1
S2376,Maria,Smith,student1376@university.edu,Female,18,Business,55.22,81.72,68.64,75.27,57.56,1.6,73.3,63.93,D,9.5,No,Yes,Master's,Low,3
S2377,Emma,Smith,student1377@university.edu,Male,20,CS,53.4,95.35,94.12,73.58,87.76,54.5,81.96,80.394,B,6.7,Yes,Yes,Master's,Medium,10
S2378,Liam,Johnson,student1378@university.edu,Male,23,Mathematics,57.93,41.69,62.31,51.3,68.86,16.4,69.92,51.253,E,2.3,No,Yes,None,Low,9
S2379,Maria,Johnson,student1379@university.edu,Female,24,Mathematics,85.02,45.64,52.39,56.72,85.73,60.7,44.95,53.357,E,7.6,Yes,Yes,PhD,Low,10
S2380,Omar,Smith,student1380@university.edu,Female,22,CS,90.62,42.5,41.43,50.7,56.04,38.7,51.73,40.586,F,1.2,No,Yes,Bachelor's,Medium,7
S2381,John,Smith,student1381@university.edu,Male,19,Business,92.24,78.11,77.1,50.71,63.61,91.7,58.8,63.611,D,1.7,Yes,Yes,Master's,Low,9
S2382,Ali,Davis,student1382@university.edu,Male,18,Business,95.28,51.75,51.15,66.74,75.98,57.3,63.06,56.173,E,2.9,Yes,Yes,Bachelor's,High,9
S2383,John,Brown,student1383@university.edu,Male,23,Engineering,79.97,99.7,88.85,93.77,93.38,64.0,83.04,87.122,B,9.0,No,No,None,Medium,9
S2384,Ali,Jones,student1384@university.edu,Female,24,Engineering,52.34,97.41,98.77,79.6,94.0,64.3,54.33,82.653,B,3.8,No,Yes,PhD,High,5
S2385,Maria,Jones,student1385@university.edu,Male,20,Engineering,70.21,89.71,48.25,99.11,85.94,68.0,84.22,71.651,C,6.7,Yes,Yes,Master's,Low,4
S2386,Sara,Smith,student1386@university.edu,Male,18,Business,86.9,75.69,91.99,64.87,78.48,11.9,57.78,69.866,D,8.6,Yes,Yes,None,Medium,7
S2387,Liam,Johnson,student1387@university.edu,Female,20,Engineering,55.5,67.37,45.86,57.66,96.49,56.5,83.22,65.601,D,9.4,Yes,Yes,Bachelor's,Low,5
S2388,Omar,Smith,student1388@university.edu,Male,20,Business,71.6,59.23,79.92,75.93,84.41,54.4,65.83,73.396,C,1.7,No,Yes,Master's,Medium,3
S2389,Liam,Johnson,student1389@university.edu,Male,22,Business,85.6,62.47,95.11,65.11,64.26,52.2,75.72,65.141,D,8.9,No,No,None,Medium,1
S2390,Emma,Davis,student1390@university.edu,Male,18,Engineering,62.5,68.87,64.91,58.05,56.4,77.4,92.63,60.979,D,2.4,No,Yes,High School,High,2
S2391,John,Jones,student1391@university.edu,Male,18,Business,91.95,98.56,80.82,74.01,62.88,35.4,53.02,75.664,C,9.2,Yes,Yes,Bachelor's,Medium,9
S2392,Sara,Smith,student1392@university.edu,Female,23,Mathematics,88.31,44.56,56.75,64.95,56.6,1.6,52.06,44.323,F,3.8,No,Yes,Bachelor's,Medium,4
S2393,John,Smith,student1393@university.edu,Female,18,CS,94.3,48.57,90.86,87.12,63.79,91.5,62.39,72.673,C,5.7,No,Yes,PhD,Medium,1
S2394,Omar,Brown,student1394@university.edu,Male,20,Business,57.49,88.98,73.58,58.25,53.96,26.9,49.43,67.041,D,6.8,Yes,Yes,None,Low,1
S2395,Liam,Williams,student1395@university.edu,Male,18,CS,75.49,89.09,52.18,67.94,73.2,48.1,92.86,69.957,D,6.6,Yes,Yes,Master's,Medium,10
S2396,Omar,Brown,student1396@university.edu,Male,24,Business,55.92,88.5,70.56,94.74,85.12,77.6,58.8,73.64,C,1.3,No,Yes,Bachelor's,Medium,2
S2397,Sara,Jones,student1397@university.edu,Male,22,Business,82.13,52.1,49.58,53.28,91.62,37.5,46.8,50.874,E,8.8,No,Yes,Master's,Low,7
S2398,Omar,Davis,student1398@university.edu,Male,21,Business,94.29,91.03,73.46,83.52,92.01,29.4,49.19,69.279,D,4.7,Yes,Yes,None,Low,5
S2399,Ahmed,Davis,student1399@university.edu,Male,21,Engineering,62.55,61.96,85.98,73.51,88.07,39.2,67.08,67.833,D,7.9,Yes,Yes,High School,High,8
S2400,Ahmed,Williams,student1400@university.edu,Male,23,CS,56.27,92.09,79.89,51.37,83.71,52.8,81.41,71.443,C,1.8,Yes,Yes,Bachelor's,Medium,5
S2401,Maria,Brown,student1401@university.edu,Male,18,Business,62.29,75.79,85.56,88.14,66.01,90.7,47.5,72.475,C,7.1,Yes,Yes,Master's,Medium,4
S2402,John,Davis,student1402@university.edu,Female,20,Business,98.17,72.41,70.27,90.22,90.89,71.0,89.58,81.976,B,9.6,No,No,Bachelor's,Medium,8
S2403,Maria,Brown,student1403@university.edu,Male,23,CS,81.3,60.05,43.36,57.75,60.67,18.8,52.47,46.302,F,4.5,Yes,Yes,Bachelor's,Medium,9
S2404,Ali,Jones,student1404@university.edu,Female,21,Mathematics,77.79,44.96,69.48,90.96,71.62,16.5,54.31,61.433,D,7.0,No,No,None,Low,8
S2405,Ali,Williams,student1405@university.edu,Female,22,Business,97.0,83.87,66.66,60.51,89.86,90.4,67.57,76.275,C,6.6,Yes,Yes,PhD,Low,6
S2406,Omar,Brown,student1406@university.edu,Female,20,CS,61.78,56.8,45.32,88.44,87.57,3.6,79.03,57.748,E,7.7,No,No,High School,Medium,8
S2407,Ali,Jones,student1407@university.edu,Male,23,CS,67.18,86.96,86.82,99.23,67.04,1.3,61.59,74.487,C,5.2,Yes,Yes,None,Medium,2
S2408,Emma,Johnson,student1408@university.edu,Female,20,Business,97.33,82.02,90.72,84.75,61.73,99.1,43.24,76.446,C,8.3,Yes,Yes,Bachelor's,Medium,3
S2409,Emma,Johnson,student1409@university.edu,Male,24,Business,85.34,88.87,58.97,64.6,91.09,52.3,61.33,70.345,C,4.4,Yes,Yes,None,High,10
S2410,Ahmed,Williams,student1410@university.edu,Female,21,Business,83.9,56.77,95.76,73.29,62.27,51.4,48.23,69.98,D,4.0,Yes,Yes,Bachelor's,Low,5
S2411,Maria,Brown,student1411@university.edu,Male,19,Business,98.12,44.92,58.67,90.38,80.51,22.3,69.93,57.966,E,5.9,No,Yes,Master's,High,1
S2412,Emma,Williams,student1412@university.edu,Female,20,CS,79.49,73.58,90.92,50.84,78.28,65.3,99.94,71.691,C,3.6,Yes,Yes,PhD,Medium,5
S2413,Emma,Davis,student1413@university.edu,Male,18,CS,93.94,62.09,45.39,87.01,91.15,33.5,75.07,61.263,D,5.1,Yes,Yes,Master's,Medium,3
S2414,Emma,Johnson,student1414@university.edu,Female,20,Engineering,79.12,70.32,77.63,55.19,97.92,31.1,54.0,69.33,D,7.4,Yes,Yes,Master's,Medium,8
S2415,Sara,Williams,student1415@university.edu,Female,23,Engineering,67.71,43.13,56.68,72.51,93.45,7.7,45.6,54.337,E,6.9,No,Yes,Bachelor's,High,1
S2416,Liam,Davis,student1416@university.edu,Male,22,Mathematics,83.72,49.76,48.06,60.19,62.49,5.1,52.99,47.945,F,3.3,No,Yes,High School,Medium,2
S2417,John,Johnson,student1417@university.edu,Male,24,Mathematics,60.39,73.48,47.38,78.87,85.36,6.0,44.72,56.586,E,9.8,Yes,Yes,PhD,High,8
S2418,Emma,Davis,student1418@university.edu,Male,20,Engineering,91.02,82.81,92.24,95.12,59.39,67.9,53.61,73.714,C,5.9,No,Yes,Bachelor's,Medium,10
S2419,Liam,Johnson,student1419@university.edu,Male,24,CS,81.74,83.52,43.4,81.86,53.66,82.8,78.93,61.637,D,1.0,No,No,PhD,High,2
S2420,Omar,Smith,student1420@university.edu,Female,23,Business,94.54,98.76,60.71,98.82,70.28,2.9,42.92,61.438,D,4.5,Yes,Yes,Bachelor's,Medium,1
S2421,Maria,Williams,student1421@university.edu,Female,20,CS,75.63,68.45,74.52,97.76,70.45,81.4,93.47,73.286,C,5.7,No,Yes,Master's,Low,3
S2422,Sara,Brown,student1422@university.edu,Female,21,Mathematics,98.37,80.55,57.77,85.77,71.65,2.6,87.74,64.688,D,2.1,Yes,Yes,High School,Medium,6
S2423,Sara,Jones,student1423@university.edu,Male,24,CS,68.16,71.59,78.17,95.04,76.9,42.9,69.27,72.378,C,2.9,Yes,Yes,None,Medium,8
S2424,John,Williams,student1424@university.edu,Male,23,CS,96.24,44.25,91.89,74.13,54.86,60.1,70.15,66.64,D,5.2,Yes,Yes,High School,Low,8
S2425,Omar,Jones,student1425@university.edu,Female,23,Mathematics,78.48,93.04,61.81,60.12,57.49,23.3,48.37,61.448,D,4.6,No,Yes,Master's,Low,7
S2426,Ahmed,Jones,student1426@university.edu,Female,20,Engineering,97.6,86.99,49.96,82.4,67.99,17.4,49.46,58.845,E,1.5,Yes,No,High School,Medium,1
S2427,John,Williams,student1427@university.edu,Male,21,Engineering,66.44,63.24,79.56,92.81,63.77,16.7,51.14,66.783,D,7.7,Yes,Yes,PhD,High,6
S2428,Liam,Brown,student1428@university.edu,Male,18,Mathematics,71.06,65.44,40.03,58.19,69.24,46.7,52.69,49.911,F,2.5,No,Yes,High School,Medium,8
S2429,Liam,Smith,student1429@university.edu,Male,24,Business,68.07,71.6,42.65,77.09,82.86,43.4,65.79,56.879,E,2.9,No,Yes,None,Low,4
S2430,Ahmed,Williams,student1430@university.edu,Male,23,Engineering,98.44,44.71,59.07,75.15,52.59,21.3,67.37,53.663,E,2.1,No,Yes,High School,Medium,6
S2431,Maria,Smith,student1431@university.edu,Female,20,Engineering,64.17,73.74,75.54,99.77,79.3,40.1,90.16,76.165,C,7.7,No,Yes,PhD,Low,6
S2432,Liam,Smith,student1432@university.edu,Male,22,Mathematics,71.92,62.24,68.6,60.33,63.07,79.0,81.58,63.246,D,4.5,Yes,Yes,PhD,High,2
S2433,Ahmed,Williams,student1433@university.edu,Female,19,CS,75.84,69.64,62.43,59.19,68.14,14.9,90.65,65.323,D,6.5,No,Yes,None,Medium,1
S2434,John,Davis,student1434@university.edu,Female,21,Mathematics,98.92,90.33,75.86,58.66,74.87,35.4,95.47,71.448,C,3.1,No,No,Bachelor's,Medium,5
S2435,Sara,Williams,student1435@university.edu,Female,19,Business,63.71,63.79,57.63,59.14,93.63,7.9,93.06,59.728,E,5.3,Yes,Yes,High School,Medium,8
S2436,Sara,Williams,student1436@university.edu,Female,21,Business,91.04,61.99,40.17,50.46,79.02,28.0,84.51,57.726,E,9.2,Yes,Yes,Bachelor's,High,5
S2437,John,Smith,student1437@university.edu,Female,24,Engineering,94.57,61.97,91.25,87.47,98.8,49.8,47.88,71.783,C,7.3,No,Yes,High School,High,5
S2438,Liam,Smith,student1438@university.edu,Female,21,Engineering,90.83,72.55,90.32,53.57,73.25,44.8,72.93,70.577,C,9.8,Yes,Yes,Master's,High,1
S2439,Omar,Davis,student1439@university.edu,Male,24,CS,54.29,83.23,62.68,64.47,59.49,98.5,94.33,62.89,D,1.0,No,Yes,None,Medium,5
S2440,Ali,Jones,student1440@university.edu,Female,21,CS,84.14,58.01,55.84,79.78,53.04,29.1,74.14,55.592,E,3.3,Yes,Yes,Bachelor's,Low,3
S2441,Emma,Williams,student1441@university.edu,Male,23,Mathematics,87.38,59.32,69.21,75.98,60.58,13.6,76.74,58.15,E,5.9,Yes,Yes,High School,Medium,8
S2442,Ahmed,Smith,student1442@university.edu,Female,20,Business,60.27,56.29,89.56,68.51,93.19,74.5,65.08,73.656,C,6.0,No,Yes,Master's,High,3
S2443,Sara,Smith,student1443@university.edu,Male,22,Engineering,58.08,73.85,95.62,56.6,75.17,46.1,88.67,76.302,C,3.0,No,Yes,Bachelor's,Low,6
S2444,Sara,Johnson,student1444@university.edu,Female,21,Business,73.89,60.0,85.92,66.77,97.46,52.2,51.27,65.273,D,4.5,No,Yes,PhD,Low,9
S2445,John,Davis,student1445@university.edu,Female,20,Business,72.23,78.34,40.47,93.14,74.28,57.3,44.06,63.055,D,4.2,Yes,Yes,None,High,1
S2446,Maria,Johnson,student1446@university.edu,Female,24,CS,74.75,59.82,87.36,85.05,87.61,0.7,87.73,61.884,D,1.7,Yes,Yes,Master's,High,2
S2447,Emma,Smith,student1447@university.edu,Male,22,Mathematics,98.57,81.55,94.54,97.79,84.41,52.3,81.54,82.839,B,4.4,No,Yes,Bachelor's,Low,9
S2448,Ali,Jones,student1448@university.edu,Female,18,Business,54.34,54.99,82.24,87.89,91.5,11.0,84.65,69.122,D,3.2,Yes,Yes,None,High,4
S2449,Emma,Jones,student1449@university.edu,Male,23,Engineering,76.92,50.79,46.85,86.95,97.24,40.3,95.39,64.61,D,1.4,No,Yes,High School,Low,7
S2450,Ahmed,Williams,student1450@university.edu,Female,22,Mathematics,74.25,97.01,52.1,64.21,70.74,19.5,44.85,54.101,E,1.6,Yes,Yes,PhD,Low,3
S2451,Liam,Williams,student1451@university.edu,Female,20,Mathematics,66.77,99.93,57.5,89.82,91.9,63.4,68.99,77.596,C,5.8,No,Yes,None,Medium,5
S2452,Omar,Brown,student1452@university.edu,Female,18,Business,63.55,76.35,66.39,62.75,65.16,98.1,46.04,65.272,D,5.2,Yes,Yes,High School,High,2
S2453,Ali,Williams,student1453@university.edu,Male,20,Engineering,66.38,40.48,55.12,50.18,69.58,20.6,99.72,59.939,E,6.0,No,Yes,None,Medium,6
S2454,Liam,Williams,student1454@university.edu,Male,23,Engineering,63.82,62.92,84.41,75.55,91.94,1.2,90.33,69.898,D,3.6,No,Yes,None,Medium,6
S2455,Ali,Brown,student1455@university.edu,Female,19,CS,83.27,95.14,51.23,84.38,58.91,11.0,55.09,64.117,D,6.0,No,Yes,None,Medium,1
S2456,Ali,Jones,student1456@university.edu,Male,23,CS,86.44,87.8,93.71,68.79,59.59,37.7,53.03,70.351,C,5.1,No,Yes,High School,Medium,5
S2457,Sara,Jones,student1457@university.edu,Male,21,Mathematics,95.57,78.57,85.8,95.04,68.27,86.7,70.12,71.349,C,3.5,No,Yes,None,Low,10
S2458,Omar,Johnson,student1458@university.edu,Male,24,Engineering,53.1,83.02,95.31,76.29,88.28,13.1,46.05,71.821,C,6.6,No,Yes,PhD,Medium,3
S2459,Liam,Johnson,student1459@university.edu,Female,21,CS,85.76,68.19,67.29,93.41,74.65,59.3,62.9,73.235,C,7.3,Yes,Yes,Master's,Medium,2
S2460,Ahmed,Brown,student1460@university.edu,Female,19,Business,99.72,71.76,88.35,87.65,63.96,14.4,54.47,70.15,C,9.8,Yes,Yes,High School,Low,9
S2461,Ahmed,Smith,student1461@university.edu,Male,18,Mathematics,65.19,41.54,67.92,90.75,52.75,91.6,73.44,59.928,E,1.0,No,Yes,High School,Medium,7
S2462,Emma,Johnson,student1462@university.edu,Male,24,CS,69.83,68.08,60.39,70.14,79.76,82.7,70.45,71.802,C,8.4,Yes,Yes,Master's,High,5
S2463,Liam,Johnson,student1463@university.edu,Female,22,Business,92.36,57.18,43.4,63.73,70.34,80.0,85.42,65.528,D,8.8,No,Yes,None,Medium,7
S2464,Omar,Jones,student1464@university.edu,Female,24,Mathematics,55.5,64.37,74.24,93.35,96.21,37.2,88.91,71.946,C,2.4,No,Yes,Master's,Low,8
S2465,Sara,Davis,student1465@university.edu,Male,20,Engineering,57.98,47.38,76.99,56.74,84.81,58.7,98.3,69.072,D,6.4,Yes,Yes,None,Medium,3
S2466,John,Johnson,student1466@university.edu,Male,23,CS,62.88,67.04,75.79,94.22,60.63,19.2,64.46,64.548,D,9.3,Yes,Yes,Master's,High,7
S2467,Maria,Johnson,student1467@university.edu,Male,20,Engineering,84.26,62.49,62.64,71.97,54.06,10.0,54.13,57.303,E,9.6,Yes,Yes,Bachelor's,Medium,2
S2468,Maria,Jones,student1468@university.edu,Female,19,Mathematics,65.05,69.65,77.72,70.55,60.03,1.9,46.37,66.877,D,7.5,Yes,No,High School,High,10
S2469,Ali,Davis,student1469@university.edu,Female,19,CS,71.52,45.58,65.86,69.6,53.79,12.8,96.22,57.408,E,5.2,Yes,Yes,PhD,High,1
S2470,John,Davis,student1470@university.edu,Female,23,Engineering,90.72,97.37,70.81,52.34,69.68,16.0,65.41,64.531,D,5.2,Yes,Yes,Master's,Medium,6
S2471,Maria,Brown,student1471@university.edu,Male,21,Mathematics,99.13,46.58,83.18,50.84,97.46,24.0,48.02,60.737,D,9.5,No,Yes,None,Low,2
S2472,Omar,Smith,student1472@university.edu,Female,20,Engineering,77.68,70.11,75.9,72.23,85.82,3.2,99.85,70.06,C,5.6,No,Yes,None,Medium,3
S2473,Maria,Williams,student1473@university.edu,Male,19,Engineering,65.81,82.18,71.91,94.56,66.46,4.9,84.24,74.013,C,9.3,Yes,Yes,Bachelor's,Medium,9
S2474,Ahmed,Davis,student1474@university.edu,Male,18,Business,93.8,80.45,47.48,50.75,67.29,12.6,80.99,57.5,E,3.6,No,Yes,Bachelor's,Low,7
S2475,Omar,Davis,student1475@university.edu,Female,18,Engineering,68.71,43.76,56.06,64.51,81.93,47.9,64.12,61.817,D,8.5,Yes,Yes,High School,Medium,2
S2476,Omar,Davis,student1476@university.edu,Male,18,Engineering,86.09,83.72,71.04,73.89,94.97,72.7,48.9,66.661,D,1.3,Yes,Yes,Bachelor's,Medium,1
S2477,Maria,Jones,student1477@university.edu,Male,22,Business,51.37,82.84,58.04,53.95,53.78,77.5,61.33,58.237,E,4.5,No,Yes,None,Medium,5
S2478,Ahmed,Jones,student1478@university.edu,Female,20,Mathematics,80.55,60.17,54.82,52.49,79.17,8.6,68.29,48.363,F,1.4,Yes,Yes,High School,Low,10
S2479,Maria,Brown,student1479@university.edu,Male,19,CS,61.46,52.86,90.37,61.39,92.79,52.0,58.09,64.368,D,5.7,No,Yes,Bachelor's,Medium,3
S2480,Liam,Davis,student1480@university.edu,Male,22,Mathematics,98.43,94.24,50.9,56.21,70.73,68.8,97.43,69.516,D,4.5,No,Yes,High School,Medium,6
S2481,Maria,Johnson,student1481@university.edu,Female,21,Mathematics,56.28,97.85,70.14,81.85,85.82,30.7,44.18,69.51,D,9.4,No,Yes,Master's,Low,6
S2482,Omar,Brown,student1482@university.edu,Female,24,Engineering,72.37,60.24,72.62,63.74,61.88,59.0,41.3,60.047,D,1.4,Yes,Yes,Master's,Low,2
S2483,Emma,Williams,student1483@university.edu,Male,21,Engineering,68.66,74.05,66.49,89.41,52.59,72.4,48.69,71.083,C,6.8,No,No,Bachelor's,Medium,6
S2484,John,Johnson,student1484@university.edu,Female,19,CS,82.36,53.71,54.75,83.5,76.02,13.6,81.39,57.337,E,5.0,Yes,Yes,Master's,Medium,1
S2485,Sara,Davis,student1485@university.edu,Male,24,Business,91.59,45.59,77.53,60.23,55.56,43.2,62.68,59.839,E,3.2,Yes,Yes,None,High,5
S2486,John,Jones,student1486@university.edu,Female,22,Business,59.35,73.24,51.37,89.88,84.95,60.0,84.09,66.012,D,9.3,Yes,Yes,Master's,Low,6
S2487,Liam,Brown,student1487@university.edu,Female,23,Business,81.28,45.24,59.99,78.89,87.3,29.0,44.07,57.735,E,3.1,Yes,Yes,High School,Medium,2
S2488,Sara,Smith,student1488@university.edu,Male,19,Business,62.09,77.81,40.85,98.8,97.87,33.6,87.09,67.898,D,8.8,Yes,Yes,PhD,Low,8
S2489,Ahmed,Johnson,student1489@university.edu,Female,19,Business,72.09,98.21,55.5,63.95,76.95,80.0,84.84,77.776,C,8.5,Yes,Yes,Bachelor's,High,7
S2490,Ahmed,Davis,student1490@university.edu,Male,22,Business,57.3,61.83,66.55,79.43,67.98,14.9,55.14,59.654,E,4.9,No,Yes,Bachelor's,High,1
S2491,Sara,Davis,student1491@university.edu,Female,24,Mathematics,86.7,91.29,55.31,59.0,99.13,4.7,79.35,60.96,D,3.7,No,Yes,Master's,Low,5
S2492,Ahmed,Johnson,student1492@university.edu,Male,21,Engineering,57.67,51.23,92.33,62.35,55.79,14.1,93.88,61.014,D,1.2,Yes,Yes,None,Medium,5
S2493,Liam,Davis,student1493@university.edu,Male,20,Engineering,92.94,98.84,84.88,90.19,82.02,9.7,48.83,71.587,C,5.1,Yes,Yes,High School,Medium,3
S2494,Ali,Brown,student1494@university.edu,Male,21,CS,60.09,48.06,86.58,68.68,64.57,67.6,71.01,73.707,C,9.0,Yes,Yes,PhD,Medium,5
S2495,John,Jones,student1495@university.edu,Female,20,CS,76.38,73.43,69.1,66.79,67.65,3.8,88.9,67.607,D,9.2,No,Yes,Bachelor's,Low,8
S2496,Ali,Davis,student1496@university.edu,Female,18,CS,68.97,40.26,83.57,70.08,92.57,52.4,94.13,68.119,D,4.8,Yes,Yes,PhD,High,9
S2497,Omar,Brown,student1497@university.edu,Female,21,Mathematics,69.37,52.25,53.69,63.78,76.09,52.9,80.82,62.251,D,6.9,No,Yes,None,Medium,3
S2498,John,Jones,student1498@university.edu,Male,20,Mathematics,88.38,64.52,90.75,50.29,95.91,73.6,90.76,69.432,D,7.1,Yes,Yes,Bachelor's,High,2
S2499,John,Smith,student1499@university.edu,Female,20,Mathematics,86.38,72.34,92.78,57.11,65.08,11.8,98.47,72.584,C,8.2,Yes,Yes,PhD,Medium,2
S2500,Ali,Johnson,student1500@university.edu,Female,22,CS,76.0,75.03,88.71,58.26,58.03,82.9,93.26,72.064,C,2.1,No,Yes,Bachelor's,Medium,2
S2501,Sara,Jones,student1501@university.edu,Male,22,Business,62.91,74.66,63.84,52.72,99.2,13.1,69.73,63.794,D,4.8,No,Yes,Bachelor's,Low,9
S2502,Ahmed,Jones,student1502@university.edu,Male,21,CS,90.37,54.12,74.89,56.06,94.38,32.9,86.01,56.848,E,2.4,Yes,No,PhD,Medium,6
S2503,Ali,Johnson,student1503@university.edu,Male,20,Engineering,87.21,87.34,58.84,66.07,96.78,88.5,94.53,78.726,C,7.6,Yes,Yes,None,Low,2
S2504,Liam,Davis,student1504@university.edu,Female,24,Engineering,59.81,47.53,45.27,54.29,94.19,79.7,71.17,63.164,D,9.5,Yes,Yes,Bachelor's,Low,8
S2505,Emma,Williams,student1505@university.edu,Male,18,Business,51.19,49.13,47.44,89.43,68.42,30.1,82.32,66.051,D,9.6,Yes,Yes,Master's,High,5
S2506,Ahmed,Brown,student1506@university.edu,Male,21,CS,98.34,77.65,49.24,54.01,51.13,3.0,88.23,57.992,E,2.7,Yes,Yes,Bachelor's,Low,9
S2507,Sara,Brown,student1507@university.edu,Male,20,Business,73.28,79.31,56.03,59.59,67.09,96.9,93.93,68.576,D,1.5,No,Yes,PhD,Medium,1
S2508,Omar,Smith,student1508@university.edu,Female,18,Business,51.94,93.7,78.7,55.94,59.58,50.0,41.56,65.989,D,10.0,Yes,Yes,High School,High,3
S2509,Ali,Johnson,student1509@university.edu,Male,22,Business,67.25,72.94,61.95,78.55,99.76,48.5,81.1,70.177,C,9.4,Yes,Yes,Master's,Medium,5
S2510,Liam,Jones,student1510@university.edu,Male,21,Engineering,99.15,68.97,48.99,98.88,87.99,9.3,91.85,67.64,D,8.4,No,Yes,Bachelor's,Medium,7
S2511,Ahmed,Davis,student1511@university.edu,Female,19,Business,71.23,47.18,55.44,59.02,69.88,36.7,97.6,55.526,E,7.6,Yes,Yes,Master's,Low,10
S2512,Sara,Davis,student1512@university.edu,Female,19,Business,75.03,81.18,70.1,72.64,99.11,24.7,97.74,68.138,D,3.3,No,Yes,Master's,Low,5
S2513,Ahmed,Johnson,student1513@university.edu,Female,23,Business,73.8,85.61,93.44,67.56,58.68,31.9,41.67,72.57,C,7.4,Yes,Yes,High School,High,2
S2514,Sara,Jones,student1514@university.edu,Male,22,Business,76.5,81.72,94.71,66.0,69.41,49.8,53.94,63.548,D,3.5,Yes,Yes,PhD,Medium,1
S2515,Emma,Davis,student1515@university.edu,Female,24,CS,96.12,75.17,43.66,85.59,92.67,54.3,94.96,70.492,C,7.0,Yes,Yes,PhD,Low,5
S2516,Emma,Johnson,student1516@university.edu,Female,22,Engineering,70.29,43.74,72.55,96.22,52.88,62.3,74.74,68.703,D,7.5,No,Yes,Bachelor's,Medium,8
S2517,Maria,Johnson,student1517@university.edu,Male,20,Engineering,97.77,86.11,94.58,90.87,65.42,40.1,74.22,74.692,C,1.1,No,Yes,High School,Low,10
S2518,Sara,Johnson,student1518@university.edu,Female,20,Business,71.95,58.97,81.57,66.89,57.75,98.3,90.15,73.521,C,9.0,Yes,Yes,High School,Low,6
S2519,Maria,Johnson,student1519@university.edu,Male,20,Business,73.9,93.9,59.99,65.75,75.73,71.2,65.98,62.484,D,3.2,No,Yes,High School,Low,2
S2520,Emma,Smith,student1520@university.edu,Male,18,Engineering,50.29,46.21,98.92,99.07,90.83,79.4,60.72,73.491,C,6.3,Yes,Yes,Master's,High,1
S2521,Emma,Johnson,student1521@university.edu,Male,20,CS,62.53,82.63,43.57,84.18,96.12,86.3,51.56,60.334,D,4.3,No,Yes,High School,Low,10
S2522,Maria,Jones,student1522@university.edu,Male,22,Business,95.41,85.53,50.86,99.75,88.23,51.7,60.72,71.697,C,4.7,No,Yes,PhD,Low,4
S2523,Ali,Davis,student1523@university.edu,Female,22,Engineering,92.01,54.42,91.09,62.34,98.94,71.5,47.25,74.357,C,7.6,Yes,Yes,High School,High,3
S2524,Ahmed,Jones,student1524@university.edu,Female,18,Mathematics,53.62,90.73,56.1,66.98,64.91,41.6,94.98,70.746,C,8.7,Yes,Yes,None,Medium,1
S2525,Emma,Jones,student1525@university.edu,Female,24,Business,67.21,42.28,72.47,95.29,74.16,46.3,83.38,72.087,C,3.8,No,Yes,Master's,Medium,3
S2526,Ali,Smith,student1526@university.edu,Male,20,Mathematics,70.07,78.91,88.47,99.57,86.87,98.7,93.98,88.338,B,5.3,No,Yes,Bachelor's,Medium,7
S2527,John,Brown,student1527@university.edu,Male,22,CS,66.68,64.72,79.04,60.4,92.57,68.3,91.15,70.826,C,6.1,No,No,Master's,High,6
S2528,Emma,Brown,student1528@university.edu,Female,19,Business,65.91,73.69,78.29,73.1,69.2,42.3,57.28,63.955,D,3.2,Yes,Yes,High School,Low,10
S2529,Ali,Johnson,student1529@university.edu,Female,22,Business,80.21,82.82,57.32,75.98,91.07,82.0,71.45,67.151,D,2.7,Yes,Yes,None,High,8
S2530,Omar,Davis,student1530@university.edu,Male,20,Engineering,71.3,89.58,82.19,62.73,54.78,42.5,64.41,70.657,C,7.1,No,Yes,High School,Medium,7
S2531,Maria,Jones,student1531@university.edu,Male,24,Business,97.15,72.04,47.25,80.53,51.44,52.0,90.76,60.69,D,1.4,Yes,Yes,Master's,Medium,2
S2532,Liam,Brown,student1532@university.edu,Male,20,Business,74.6,44.63,82.46,75.56,53.92,78.1,52.01,63.719,D,5.3,Yes,Yes,PhD,Medium,4
S2533,Maria,Johnson,student1533@university.edu,Male,21,Mathematics,80.96,86.11,76.96,69.04,60.16,87.6,82.17,75.056,C,9.2,No,Yes,PhD,Low,7
S2534,Maria,Williams,student1534@university.edu,Female,23,Mathematics,87.83,97.37,73.01,73.64,75.16,54.5,92.57,77.202,C,5.4,No,Yes,Master's,Low,9
S2535,Emma,Williams,student1535@university.edu,Female,20,Engineering,92.26,91.27,41.46,99.21,93.07,34.7,74.3,71.318,C,3.7,Yes,Yes,Bachelor's,Medium,8
S2536,Ali,Davis,student1536@university.edu,Male,24,Business,85.5,91.52,89.38,90.27,85.12,44.4,90.61,87.244,B,8.9,No,Yes,High School,High,10
S2537,Emma,Johnson,student1537@university.edu,Female,19,CS,98.62,71.76,78.36,89.12,66.0,34.6,82.14,75.995,C,5.6,No,Yes,High School,Medium,3
S2538,Sara,Brown,student1538@university.edu,Female,22,Engineering,91.26,71.07,43.36,86.54,63.24,2.3,56.47,51.313,E,8.5,No,Yes,None,Medium,2
S2539,Emma,Jones,student1539@university.edu,Female,22,Mathematics,56.81,55.57,54.21,64.63,80.23,79.1,69.53,59.898,E,3.4,No,Yes,Master's,Medium,4
S2540,Emma,Brown,student1540@university.edu,Female,19,Mathematics,95.97,96.51,62.74,70.23,52.9,65.4,77.79,66.617,D,6.7,Yes,Yes,None,High,6
S2541,Emma,Brown,student1541@university.edu,Female,21,CS,75.65,95.69,74.37,99.06,58.32,25.2,97.56,78.316,C,9.6,No,No,High School,Medium,3
S2542,Omar,Williams,student1542@university.edu,Female,22,Engineering,91.59,86.5,47.8,59.42,62.94,46.0,72.3,57.208,E,6.7,Yes,Yes,Bachelor's,Low,10
S2543,Liam,Johnson,student1543@university.edu,Female,23,CS,97.28,50.48,69.57,89.58,99.84,93.2,65.3,70.196,C,9.8,No,Yes,Master's,Medium,4
S2544,Sara,Brown,student1544@university.edu,Male,19,Mathematics,83.16,70.75,96.49,70.65,88.01,78.5,86.58,84.522,B,4.4,Yes,Yes,Master's,High,6
S2545,Liam,Brown,student1545@university.edu,Female,23,Business,92.84,87.52,76.3,73.83,73.43,44.3,42.47,74.145,C,6.7,No,Yes,None,Medium,7
S2546,Ahmed,Williams,student1546@university.edu,Male,19,Mathematics,74.07,99.91,69.42,56.36,70.12,66.1,97.04,75.255,C,5.1,No,Yes,Master's,Low,2
S2547,Maria,Brown,student1547@university.edu,Female,24,CS,89.51,98.42,40.32,67.99,97.07,34.1,45.35,61.07,D,2.7,No,Yes,High School,Low,1
S2548,Omar,Jones,student1548@university.edu,Female,18,CS,51.08,76.11,40.62,86.54,55.49,8.0,60.0,49.073,F,2.8,Yes,No,Bachelor's,Medium,4
S2549,Emma,Smith,student1549@university.edu,Male,22,CS,91.36,79.83,75.72,51.38,62.18,15.1,77.51,67.569,D,6.4,No,Yes,High School,Medium,2
S2550,Ali,Jones,student1550@university.edu,Male,20,Engineering,93.89,62.07,68.16,72.91,77.95,16.3,79.54,59.72,E,1.4,Yes,Yes,High School,High,4
S2551,Sara,Smith,student1551@university.edu,Female,20,Mathematics,51.27,84.33,68.26,99.51,71.75,71.8,77.69,72.83,C,2.2,No,Yes,Bachelor's,Low,3
S2552,Liam,Brown,student1552@university.edu,Male,19,Business,91.27,63.0,68.01,53.5,89.33,8.7,58.6,64.328,D,9.2,No,Yes,Master's,Medium,3
S2553,Emma,Williams,student1553@university.edu,Female,18,Business,53.53,64.52,47.04,77.67,51.27,40.3,47.37,57.558,E,7.5,No,Yes,PhD,Low,2
S2554,Liam,Brown,student1554@university.edu,Female,21,CS,58.04,66.54,84.52,61.38,66.53,73.6,99.51,68.626,D,3.9,No,Yes,PhD,High,9
S2555,Omar,Davis,student1555@university.edu,Male,21,Engineering,75.91,99.72,91.9,56.12,59.18,97.4,95.92,79.954,C,1.7,Yes,Yes,PhD,Medium,1
S2556,Sara,Johnson,student1556@university.edu,Female,24,CS,93.17,49.7,83.62,52.67,76.05,46.2,62.85,62.067,D,8.7,Yes,Yes,Master's,Low,5
S2557,Omar,Williams,student1557@university.edu,Female,21,Business,65.57,51.72,53.9,74.98,63.74,29.4,82.12,63.27,D,4.5,No,No,None,Low,5
S2558,Ali,Johnson,student1558@university.edu,Male,18,CS,77.06,75.86,48.73,63.44,76.33,50.9,48.3,58.379,E,6.3,No,Yes,None,Low,2
S2559,John,Davis,student1559@university.edu,Male,23,Engineering,59.33,91.06,56.41,67.26,62.77,6.7,99.78,68.424,D,9.1,Yes,Yes,PhD,Low,5
S2560,Maria,Johnson,student1560@university.edu,Female,18,CS,67.11,92.54,94.15,94.55,84.02,16.7,77.36,81.841,B,5.9,Yes,Yes,High School,Low,10
S2561,Liam,Brown,student1561@university.edu,Female,24,CS,87.98,51.09,92.47,66.26,83.97,36.4,67.63,64.46,D,4.7,No,Yes,None,Medium,10
S2562,Liam,Williams,student1562@university.edu,Female,18,CS,74.34,40.17,50.47,97.35,61.68,68.1,85.58,63.969,D,7.6,Yes,Yes,Master's,Medium,10
S2563,Ahmed,Davis,student1563@university.edu,Female,22,CS,88.3,40.67,93.48,56.96,67.73,97.5,48.5,59.315,E,3.3,No,Yes,Master's,Medium,9
S2564,Liam,Davis,student1564@university.edu,Female,21,Engineering,50.22,98.71,61.71,86.97,61.3,20.1,91.17,72.613,C,1.4,Yes,Yes,Master's,Medium,1
S2565,John,Jones,student1565@university.edu,Male,22,Mathematics,97.02,86.4,61.43,69.91,99.37,35.5,43.13,57.944,E,2.5,Yes,Yes,Master's,High,5
S2566,Omar,Johnson,student1566@university.edu,Female,20,Business,83.3,56.74,85.64,54.76,57.91,98.8,49.17,75.762,C,10.0,Yes,Yes,High School,Medium,1
S2567,Omar,Williams,student1567@university.edu,Male,21,Mathematics,55.21,67.31,61.15,93.23,76.93,66.3,75.2,61.705,D,7.6,Yes,Yes,High School,Low,4
S2568,Ahmed,Davis,student1568@university.edu,Male,18,Business,73.74,89.91,65.35,98.54,74.36,24.8,48.23,67.936,D,2.3,Yes,Yes,Bachelor's,High,5
S2569,Sara,Jones,student1569@university.edu,Male,19,Mathematics,62.2,43.16,57.7,83.68,67.12,66.6,50.47,58.777,E,5.5,No,Yes,Bachelor's,High,4
S2570,Ahmed,Brown,student1570@university.edu,Male,24,Mathematics,88.32,85.29,88.69,72.76,64.23,48.2,41.92,65.197,D,4.7,No,Yes,Master's,High,4
S2571,Liam,Johnson,student1571@university.edu,Female,22,Business,87.94,54.01,42.88,51.15,51.4,91.6,98.47,52.712,E,2.8,No,Yes,High School,High,9
S2572,John,Brown,student1572@university.edu,Female,19,Engineering,90.35,81.08,61.94,65.18,67.65,37.7,78.83,61.431,D,1.5,Yes,Yes,Bachelor's,Medium,2
S2573,Ali,Davis,student1573@university.edu,Female,18,CS,92.84,58.34,86.8,87.03,50.64,67.2,62.4,63.498,D,1.1,No,Yes,PhD,Low,6
S2574,Emma,Johnson,student1574@university.edu,Male,21,Business,53.45,67.2,44.67,77.92,70.9,60.5,64.77,60.791,D,6.4,No,No,High School,Low,4
S2575,Omar,Smith,student1575@university.edu,Female,24,Mathematics,96.65,62.13,58.04,76.29,59.71,34.7,82.93,61.205,D,5.6,No,Yes,PhD,Medium,8
S2576,Emma,Davis,student1576@university.edu,Female,19,Engineering,53.49,55.46,70.55,64.03,94.01,34.0,62.43,61.505,D,8.6,Yes,Yes,None,Medium,5
S2577,Liam,Davis,student1577@university.edu,Male,21,Business,61.82,67.31,76.8,88.97,57.06,12.5,48.03,67.861,D,8.9,No,Yes,High School,Low,6
S2578,Ahmed,Williams,student1578@university.edu,Male,23,Business,76.27,71.84,68.91,53.77,50.64,82.7,69.63,61.734,D,3.7,No,Yes,Master's,Low,4
S2579,John,Davis,student1579@university.edu,Female,20,Engineering,67.79,66.64,86.76,51.45,50.39,52.4,51.45,60.935,D,8.1,Yes,Yes,High School,High,1
S2580,Sara,Brown,student1580@university.edu,Female,23,CS,96.0,51.78,93.17,53.32,61.1,90.4,52.94,69.694,D,4.3,No,Yes,None,Medium,3
S2581,Ali,Johnson,student1581@university.edu,Male,19,Mathematics,65.29,67.37,63.38,69.61,68.56,62.2,51.58,63.52,D,9.1,No,No,Bachelor's,High,7
S2582,Omar,Davis,student1582@university.edu,Male,24,Mathematics,73.38,44.25,67.19,51.03,66.45,82.5,76.11,61.77,D,7.8,No,Yes,High School,High,4
S2583,Emma,Williams,student1583@university.edu,Male,22,Mathematics,94.82,85.3,98.09,71.32,84.45,22.8,71.83,75.858,C,7.6,No,Yes,PhD,Low,10
S2584,Emma,Smith,student1584@university.edu,Male,19,Business,83.37,55.74,45.55,67.77,86.22,85.1,66.34,63.418,D,9.0,Yes,Yes,None,Medium,8
S2585,John,Jones,student1585@university.edu,Male,23,Engineering,99.73,80.39,56.31,51.9,82.19,7.3,64.8,57.189,E,7.1,No,Yes,PhD,Low,2
S2586,Ali,Davis,student1586@university.edu,Male,23,Engineering,91.1,80.99,48.06,71.97,56.28,61.1,82.2,62.31,D,5.3,Yes,Yes,Master's,High,9
S2587,Sara,Davis,student1587@university.edu,Male,19,Engineering,74.76,46.59,90.78,70.2,59.75,7.4,85.79,67.377,D,9.8,No,Yes,Bachelor's,High,10
S2588,John,Brown,student1588@university.edu,Female,18,Mathematics,73.07,80.32,58.26,56.81,55.4,22.0,54.58,60.147,D,8.0,Yes,Yes,Master's,High,4
S2589,Omar,Davis,student1589@university.edu,Male,23,CS,97.23,44.89,73.12,84.76,93.56,88.3,52.48,68.439,D,7.8,No,Yes,High School,High,2
S2590,Liam,Davis,student1590@university.edu,Male,21,CS,82.32,68.93,73.63,95.78,56.36,32.1,80.15,69.08,D,8.5,No,No,PhD,Low,4
S2591,Maria,Davis,student1591@university.edu,Male,23,Mathematics,61.85,71.37,70.84,82.54,72.12,97.6,87.44,72.952,C,5.2,No,Yes,Bachelor's,Low,2
S2592,John,Williams,student1592@university.edu,Male,19,Business,80.0,50.41,76.4,65.76,85.02,52.9,64.86,57.833,E,2.0,Yes,Yes,Bachelor's,Low,3
S2593,Omar,Davis,student1593@university.edu,Male,21,Business,63.02,82.78,79.55,89.51,77.2,17.4,53.53,67.503,D,3.8,Yes,Yes,High School,Low,3
S2594,Ali,Davis,student1594@university.edu,Male,18,Mathematics,84.36,56.34,48.7,99.71,84.12,75.3,85.5,66.644,D,6.0,No,Yes,Master's,High,5
S2595,John,Smith,student1595@university.edu,Female,19,CS,75.6,68.72,74.83,54.22,53.73,11.8,73.53,65.705,D,9.7,No,Yes,Master's,Medium,4
S2596,Emma,Smith,student1596@university.edu,Male,20,Engineering,55.12,58.5,66.23,97.28,54.59,45.1,54.14,65.729,D,8.3,No,Yes,High School,Low,9
S2597,Emma,Williams,student1597@university.edu,Female,24,Engineering,83.89,93.89,97.06,93.45,75.17,91.1,94.12,84.373,B,2.5,No,Yes,PhD,Medium,3
S2598,Omar,Smith,student1598@university.edu,Female,24,CS,71.4,99.87,64.96,60.58,93.32,23.1,66.05,68.326,D,6.7,Yes,Yes,None,High,10
S2599,Omar,Williams,student1599@university.edu,Female,24,Business,65.11,79.46,44.71,87.18,52.55,61.1,84.14,68.843,D,8.8,Yes,Yes,High School,Low,6
S2600,Liam,Williams,student1600@university.edu,Male,18,Mathematics,78.83,55.28,55.67,55.69,66.87,65.4,89.24,56.857,E,2.4,No,Yes,Bachelor's,Medium,1
S2601,Ahmed,Jones,student1601@university.edu,Female,23,Engineering,77.61,80.73,42.77,66.78,90.25,42.3,65.11,59.415,E,2.5,Yes,Yes,Master's,Medium,4
S2602,Emma,Johnson,student1602@university.edu,Female,22,Engineering,87.89,93.78,78.53,66.35,96.91,51.3,84.09,81.596,B,8.4,No,Yes,Master's,Medium,7
S2603,John,Davis,student1603@university.edu,Female,21,Engineering,97.28,62.56,81.78,83.92,68.29,88.8,83.88,70.859,C,9.0,Yes,Yes,PhD,High,8
S2604,Ahmed,Smith,student1604@university.edu,Male,24,Business,77.14,95.74,55.45,74.92,99.02,30.2,41.86,58.488,E,4.2,Yes,Yes,High School,Medium,5
S2605,Sara,Davis,student1605@university.edu,Female,24,CS,54.48,42.36,41.89,87.75,67.04,49.7,82.38,55.45,E,7.1,No,Yes,High School,Medium,2
S2606,Maria,Williams,student1606@university.edu,Male,21,Mathematics,71.27,98.69,43.79,88.62,85.12,47.6,88.33,67.136,D,4.4,Yes,Yes,PhD,Medium,4
S2607,John,Johnson,student1607@university.edu,Female,21,Business,60.79,88.36,71.56,61.2,97.42,4.8,96.05,76.241,C,9.3,No,Yes,Master's,Medium,10
S2608,Ali,Williams,student1608@university.edu,Female,18,Engineering,98.91,62.03,45.53,61.03,68.61,28.1,91.53,54.735,E,2.8,No,No,High School,High,7
S2609,Omar,Smith,student1609@university.edu,Male,22,Business,50.42,67.3,71.43,98.1,98.14,51.8,95.88,82.929,B,9.8,Yes,Yes,Bachelor's,Medium,6
S2610,Sara,Williams,student1610@university.edu,Female,22,Business,75.04,59.63,70.16,60.68,81.14,18.8,40.57,61.465,D,9.0,Yes,Yes,Master's,Medium,3
S2611,John,Davis,student1611@university.edu,Female,19,CS,87.37,91.83,74.34,91.18,82.4,74.4,82.28,77.967,C,7.9,No,Yes,High School,High,5
S2612,Liam,Davis,student1612@university.edu,Female,24,Business,64.71,87.94,69.15,73.22,91.68,14.1,49.0,59.494,E,2.9,No,Yes,PhD,Low,8
S2613,John,Jones,student1613@university.edu,Female,23,Engineering,76.73,77.91,44.74,71.01,52.48,72.5,73.49,60.486,D,4.9,Yes,Yes,Master's,Medium,3
S2614,Ahmed,Davis,student1614@university.edu,Male,23,Mathematics,73.52,66.04,68.4,76.68,90.82,29.5,66.33,66.275,D,5.8,Yes,Yes,Bachelor's,Medium,10
S2615,Omar,Davis,student1615@university.edu,Male,23,Mathematics,65.24,91.02,76.28,73.56,50.0,52.8,93.83,74.577,C,4.8,No,Yes,PhD,Medium,9
S2616,Omar,Jones,student1616@university.edu,Male,24,CS,68.36,51.88,77.83,59.09,62.18,71.0,59.21,59.185,E,1.2,No,Yes,High School,Low,7
S2617,Emma,Johnson,student1617@university.edu,Female,19,Engineering,61.63,77.8,98.97,50.92,83.81,28.5,96.21,78.294,C,1.3,No,Yes,Bachelor's,Low,1
S2618,Ahmed,Williams,student1618@university.edu,Male,21,Engineering,58.16,43.34,86.03,88.01,66.96,98.4,40.07,62.307,D,1.4,Yes,Yes,None,Medium,7
S2619,Ali,Davis,student1619@university.edu,Male,18,Business,82.65,78.52,79.5,56.15,90.74,62.3,66.01,70.793,C,7.6,Yes,Yes,PhD,High,3
S2620,Emma,Jones,student1620@university.edu,Male,19,Engineering,96.44,77.69,68.85,87.45,82.95,66.0,86.78,76.943,C,3.1,Yes,Yes,High School,Medium,2
S2621,Emma,Johnson,student1621@university.edu,Female,24,Engineering,81.97,93.76,44.17,88.17,78.32,54.9,48.53,69.575,D,7.1,No,Yes,Master's,Medium,2
S2622,Omar,Williams,student1622@university.edu,Female,22,Mathematics,77.02,48.7,51.14,76.68,78.12,28.3,56.22,56.542,E,8.1,No,Yes,Bachelor's,High,5
S2623,Maria,Smith,student1623@university.edu,Female,19,Business,69.78,95.0,78.94,95.5,53.9,15.6,70.99,70.685,C,7.9,No,Yes,Bachelor's,Medium,10
S2624,Omar,Williams,student1624@university.edu,Male,20,Business,59.11,88.59,59.17,83.91,61.17,64.9,93.14,71.493,C,8.8,No,Yes,High School,Medium,10
S2625,John,Brown,student1625@university.edu,Female,19,Business,59.01,86.59,62.38,61.81,64.09,46.1,87.36,72.406,C,5.4,No,Yes,Bachelor's,High,4
S2626,Ali,Brown,student1626@university.edu,Female,21,Engineering,68.9,86.09,56.99,85.44,75.67,90.8,91.12,79.733,C,1.0,No,Yes,None,High,1
S2627,Liam,Williams,student1627@university.edu,Female,19,Engineering,69.45,76.93,88.84,68.32,74.46,15.4,71.52,73.766,C,7.8,No,Yes,Master's,High,2
S2628,Emma,Smith,student1628@university.edu,Female,22,Mathematics,71.57,98.96,96.87,98.69,96.75,83.7,88.13,87.154,B,4.9,Yes,Yes,High School,Medium,8
S2629,Ahmed,Jones,student1629@university.edu,Female,21,Engineering,55.25,96.99,40.24,72.27,79.61,82.8,94.31,72.381,C,3.3,No,Yes,High School,Medium,9
S2630,Sara,Smith,student1630@university.edu,Female,20,Engineering,99.25,95.78,97.17,96.67,76.63,86.9,65.4,83.245,B,3.5,No,Yes,Master's,High,2
S2631,Maria,Williams,student1631@university.edu,Female,22,Engineering,66.67,88.2,43.02,70.97,91.34,31.5,62.38,60.144,D,6.0,No,Yes,High School,Medium,6
S2632,John,Smith,student1632@university.edu,Male,18,Business,50.82,75.05,54.61,61.96,72.64,6.2,57.65,61.366,D,6.6,No,Yes,High School,Medium,2
S2633,Maria,Smith,student1633@university.edu,Male,23,CS,94.86,80.73,60.66,54.09,80.79,37.8,45.21,62.889,D,7.1,No,Yes,Bachelor's,Low,9
S2634,Sara,Smith,student1634@university.edu,Male,19,Mathematics,91.57,96.3,77.94,92.95,70.72,81.5,99.73,85.09,B,9.4,Yes,Yes,PhD,Low,7
S2635,Omar,Smith,student1635@university.edu,Female,19,Mathematics,99.14,59.06,99.81,75.82,83.72,86.0,54.64,77.367,C,9.6,Yes,Yes,High School,Low,10
S2636,Ahmed,Jones,student1636@university.edu,Male,18,Engineering,89.75,82.16,80.93,91.29,88.18,56.8,80.94,76.034,C,4.3,Yes,Yes,PhD,Medium,10
S2637,Maria,Brown,student1637@university.edu,Female,20,Business,84.41,75.14,76.39,80.02,51.6,24.5,71.99,64.1,D,3.2,No,Yes,High School,Medium,5
S2638,Ahmed,Johnson,student1638@university.edu,Female,19,Business,67.2,73.06,59.22,52.46,60.3,59.3,84.98,65.103,D,3.9,No,Yes,Master's,High,6
S2639,Liam,Johnson,student1639@university.edu,Male,22,Business,94.06,48.12,51.97,97.0,60.95,77.1,42.37,59.081,E,8.5,No,No,Master's,High,2
S2640,Liam,Smith,student1640@university.edu,Male,23,Engineering,63.34,73.17,87.24,61.24,53.88,79.3,79.82,61.457,D,1.1,No,Yes,PhD,Medium,6
S2641,Omar,Williams,student1641@university.edu,Female,20,CS,74.79,89.43,87.38,68.12,93.74,31.7,61.12,71.682,C,5.8,No,Yes,Master's,High,4
S2642,John,Davis,student1642@university.edu,Female,21,CS,84.55,71.27,42.77,77.15,73.7,48.9,90.76,59.019,E,2.5,No,Yes,Master's,High,9
S2643,Maria,Jones,student1643@university.edu,Male,21,CS,84.32,92.77,67.22,77.09,54.46,24.0,48.8,59.111,E,7.0,Yes,Yes,Bachelor's,Medium,9
S2644,Maria,Smith,student1644@university.edu,Female,21,CS,93.47,57.57,75.36,89.13,99.59,71.0,90.17,70.503,C,3.0,No,Yes,PhD,Medium,10
S2645,John,Williams,student1645@university.edu,Female,18,Business,98.51,44.34,66.71,64.85,58.86,77.0,50.76,51.261,E,2.2,Yes,Yes,None,High,6
S2646,Emma,Brown,student1646@university.edu,Male,22,Business,78.59,93.85,91.61,71.65,88.1,27.0,86.29,80.462,B,5.0,Yes,No,High School,Medium,9
S2647,Ali,Smith,student1647@university.edu,Female,22,Business,74.76,86.53,47.04,67.59,96.93,48.9,95.95,69.089,D,2.1,No,Yes,PhD,Low,9
S2648,Maria,Williams,student1648@university.edu,Male,24,CS,98.29,52.42,63.5,88.9,90.26,72.8,48.08,64.159,D,2.5,Yes,No,High School,Low,3
S2649,Ali,Williams,student1649@university.edu,Female,21,CS,56.8,78.8,59.68,50.39,50.56,0.9,76.74,62.913,D,8.4,Yes,Yes,None,Low,9
S2650,John,Jones,student1650@university.edu,Female,21,CS,97.89,66.76,99.5,66.7,74.5,7.8,94.12,70.353,C,1.3,Yes,Yes,PhD,Medium,1
S2651,Emma,Jones,student1651@university.edu,Male,23,Business,81.11,89.59,58.55,93.24,62.27,43.5,62.65,71.468,C,9.9,No,Yes,High School,Low,10
S2652,Omar,Jones,student1652@university.edu,Female,20,Mathematics,57.42,90.92,86.98,62.09,70.86,24.5,60.66,73.16,C,3.3,No,Yes,Master's,High,5
S2653,Ali,Davis,student1653@university.edu,Female,23,Engineering,96.81,85.66,78.87,58.7,71.51,73.9,98.17,80.094,B,9.9,Yes,Yes,High School,Low,2
S2654,Maria,Jones,student1654@university.edu,Female,22,Business,74.83,82.7,84.14,82.85,71.9,69.5,83.62,77.034,C,2.6,No,Yes,Master's,Low,7
S2655,Maria,Williams,student1655@university.edu,Male,21,Mathematics,60.32,69.78,58.6,72.35,93.0,69.7,80.7,69.365,D,7.2,Yes,Yes,Bachelor's,Medium,9
S2656,Sara,Johnson,student1656@university.edu,Male,18,Business,82.88,86.22,87.74,53.06,80.91,96.3,60.29,67.594,D,2.2,No,Yes,High School,Low,9
S2657,Maria,Johnson,student1657@university.edu,Male,24,Mathematics,76.59,99.75,99.05,76.51,66.8,4.8,61.44,76.442,C,6.7,No,Yes,PhD,Medium,4
S2658,Emma,Davis,student1658@university.edu,Male,20,Mathematics,93.89,72.51,57.64,97.37,72.62,82.8,96.53,69.438,D,2.6,Yes,Yes,None,High,5
S2659,Sara,Brown,student1659@university.edu,Female,23,Business,67.94,70.91,42.95,81.11,81.57,80.6,45.99,60.761,D,6.0,No,Yes,High School,Medium,7
S2660,Omar,Jones,student1660@university.edu,Male,18,CS,69.59,53.95,58.22,85.62,62.38,18.2,44.16,48.056,F,3.0,Yes,No,PhD,Medium,1
S2661,Ali,Johnson,student1661@university.edu,Female,21,CS,62.14,95.73,58.34,94.17,58.2,0.2,72.95,66.172,D,8.3,Yes,Yes,None,Medium,6
S2662,Ahmed,Williams,student1662@university.edu,Male,22,CS,60.85,54.52,48.36,55.01,58.62,83.5,43.42,60.063,D,9.1,No,Yes,Bachelor's,Low,8
S2663,Liam,Johnson,student1663@university.edu,Female,19,Engineering,86.32,48.64,53.54,54.6,81.91,92.7,90.58,62.694,D,5.5,No,Yes,PhD,Medium,4
S2664,Liam,Jones,student1664@university.edu,Male,18,Mathematics,86.79,55.22,47.82,63.61,99.02,34.6,98.32,62.28,D,6.7,No,Yes,PhD,Low,7
S2665,John,Johnson,student1665@university.edu,Male,21,Engineering,66.97,81.42,54.62,84.93,82.23,29.5,73.24,69.351,D,6.9,Yes,Yes,Bachelor's,Medium,4
S2666,Ahmed,Jones,student1666@university.edu,Male,21,Engineering,82.95,94.89,78.15,73.67,99.93,99.2,41.81,76.351,C,4.8,No,Yes,Master's,Medium,4
S2667,Ahmed,Brown,student1667@university.edu,Male,18,CS,76.29,76.14,68.69,69.29,96.99,13.5,74.96,68.097,D,6.0,Yes,Yes,PhD,Medium,9
S2668,Sara,Brown,student1668@university.edu,Female,18,Engineering,57.5,59.18,55.33,88.2,65.24,43.0,99.88,61.29,D,5.0,No,Yes,Bachelor's,Medium,9
S2669,John,Brown,student1669@university.edu,Female,19,CS,64.08,45.05,98.97,89.53,99.85,74.8,53.15,70.798,C,1.1,No,No,PhD,Low,6
S2670,Ahmed,Davis,student1670@university.edu,Male,20,CS,71.82,68.5,98.87,69.46,56.1,85.0,95.94,78.781,C,9.6,No,Yes,High School,High,7
S2671,Maria,Jones,student1671@university.edu,Male,18,Mathematics,50.92,62.5,63.06,56.24,68.02,10.5,60.22,60.105,D,9.1,No,Yes,PhD,Medium,10
S2672,Maria,Davis,student1672@university.edu,Female,22,CS,81.89,56.82,50.95,90.23,50.14,72.5,94.05,63.018,D,5.6,No,Yes,Master's,Low,7
S2673,John,Johnson,student1673@university.edu,Female,20,CS,87.47,94.24,55.54,54.38,62.05,69.0,46.13,62.895,D,5.6,No,Yes,High School,Medium,9
S2674,Sara,Williams,student1674@university.edu,Female,24,Business,84.54,86.61,95.83,82.13,60.4,28.0,50.18,80.5,B,8.6,No,Yes,Bachelor's,Medium,9
S2675,Ali,Brown,student1675@university.edu,Female,23,Business,66.47,56.88,48.1,60.79,66.49,0.2,72.29,54.861,E,6.8,No,Yes,None,Medium,10
S2676,Maria,Jones,student1676@university.edu,Female,22,Mathematics,71.16,96.67,87.92,71.28,85.01,21.4,49.86,63.274,D,2.0,Yes,Yes,None,High,8
S2677,Maria,Davis,student1677@university.edu,Male,18,Business,84.76,68.26,55.87,88.19,78.75,67.9,77.07,65.282,D,2.2,Yes,Yes,None,Medium,6
S2678,Sara,Brown,student1678@university.edu,Female,21,Business,52.09,75.24,89.31,97.77,65.15,21.5,60.34,76.108,C,6.9,Yes,Yes,PhD,Medium,6
S2679,Sara,Jones,student1679@university.edu,Female,24,Engineering,82.01,50.52,83.4,74.59,71.36,83.0,73.6,70.775,C,3.7,Yes,No,None,Low,8
S2680,Ahmed,Jones,student1680@university.edu,Female,21,Engineering,55.9,77.69,56.0,72.94,63.55,48.8,68.07,68.266,D,8.6,No,No,High School,Medium,7
S2681,Maria,Davis,student1681@university.edu,Male,20,Mathematics,93.35,42.94,70.48,94.5,79.53,25.7,41.78,59.61,E,9.7,Yes,Yes,Bachelor's,Low,4
S2682,Emma,Jones,student1682@university.edu,Female,20,CS,70.94,62.31,90.47,97.14,58.3,9.7,71.87,67.78,D,2.5,Yes,Yes,PhD,High,1
S2683,Sara,Johnson,student1683@university.edu,Female,21,Business,56.68,80.29,47.19,85.71,75.62,97.2,40.97,63.894,D,3.0,No,Yes,Bachelor's,Low,4
S2684,Sara,Davis,student1684@university.edu,Male,24,Mathematics,71.17,61.88,55.0,90.59,89.68,78.6,75.89,65.979,D,5.5,No,Yes,High School,High,1
S2685,Ali,Johnson,student1685@university.edu,Female,20,CS,95.2,40.7,93.31,50.11,91.91,46.6,57.93,67.0,D,4.1,No,Yes,PhD,Medium,8
S2686,Sara,Smith,student1686@university.edu,Female,21,Engineering,78.46,78.95,88.05,77.4,55.77,66.1,83.84,74.216,C,6.4,No,Yes,None,High,5
S2687,Ahmed,Williams,student1687@university.edu,Male,23,CS,50.61,59.99,63.13,68.02,89.39,81.1,99.44,66.497,D,6.7,Yes,Yes,None,Low,4
S2688,Maria,Johnson,student1688@university.edu,Female,19,CS,54.19,96.99,71.72,62.69,55.96,45.5,51.34,74.215,C,9.7,No,No,None,Low,1
S2689,Liam,Jones,student1689@university.edu,Female,22,Engineering,77.0,58.08,81.3,90.04,88.96,0.7,85.44,68.24,D,6.1,Yes,Yes,High School,High,8
S2690,Maria,Smith,student1690@university.edu,Female,20,CS,93.46,91.73,69.47,80.74,97.86,91.9,44.47,70.28,C,5.5,No,Yes,Bachelor's,Medium,9
S2691,Ahmed,Jones,student1691@university.edu,Male,22,Business,88.65,91.32,47.33,80.77,69.07,63.8,75.16,65.602,D,4.9,No,Yes,High School,High,10
S2692,John,Davis,student1692@university.edu,Female,19,CS,52.1,53.49,83.99,95.51,91.35,84.8,74.84,71.356,C,1.0,Yes,Yes,High School,Low,1
S2693,Ahmed,Johnson,student1693@university.edu,Female,21,Mathematics,55.24,67.56,48.63,88.08,93.43,54.9,48.66,59.902,E,3.3,Yes,Yes,None,Medium,4
S2694,John,Brown,student1694@university.edu,Female,20,CS,99.86,43.29,89.92,69.95,53.99,25.3,73.02,65.759,D,7.5,Yes,Yes,Bachelor's,Medium,2
S2695,John,Brown,student1695@university.edu,Male,21,Engineering,61.88,59.61,92.54,77.95,74.74,19.7,85.11,71.759,C,5.5,No,Yes,High School,High,2
S2696,Emma,Brown,student1696@university.edu,Male,21,Mathematics,51.82,66.95,57.69,57.6,60.31,91.1,77.72,65.035,D,5.5,No,Yes,PhD,Medium,3
S2697,Sara,Williams,student1697@university.edu,Male,22,Engineering,62.24,93.04,96.72,99.84,63.56,49.4,90.69,85.501,B,5.7,No,Yes,Bachelor's,High,9
S2698,Maria,Williams,student1698@university.edu,Female,23,Engineering,81.95,78.8,85.28,73.98,86.77,8.8,76.29,68.121,D,7.5,No,Yes,None,Medium,7
S2699,Ahmed,Jones,student1699@university.edu,Female,18,CS,94.54,69.72,43.03,71.07,89.23,96.8,53.81,56.219,E,2.4,No,Yes,Bachelor's,Medium,3
S2700,Maria,Williams,student1700@university.edu,Male,18,CS,64.86,64.74,96.41,53.9,51.41,25.9,83.78,67.282,D,4.8,Yes,Yes,PhD,Low,9
S2701,Maria,Brown,student1701@university.edu,Female,22,Business,95.71,78.89,48.7,93.26,79.97,73.8,84.62,73.126,C,6.6,No,Yes,None,Medium,8
S2702,Liam,Johnson,student1702@university.edu,Female,23,CS,87.15,71.82,58.43,60.82,73.95,91.9,80.77,66.922,D,8.5,Yes,Yes,PhD,Medium,6
S2703,Ahmed,Williams,student1703@university.edu,Female,22,Mathematics,88.24,47.9,94.35,85.67,54.76,30.4,77.32,71.134,C,9.5,No,Yes,PhD,High,10
S2704,Ali,Smith,student1704@university.edu,Female,23,CS,50.04,96.38,59.36,74.67,89.46,8.7,65.26,59.683,E,3.6,No,Yes,PhD,High,6
S2705,Ali,Williams,student1705@university.edu,Female,18,Engineering,97.41,61.21,47.76,68.0,80.67,38.4,71.28,58.27,E,5.7,No,Yes,PhD,Medium,8
S2706,Emma,Johnson,student1706@university.edu,Female,24,CS,56.11,69.27,53.66,59.69,66.75,60.5,92.15,67.56,D,5.4,Yes,Yes,Master's,High,7
S2707,Emma,Williams,student1707@university.edu,Male,24,Business,56.16,94.39,80.97,96.71,74.23,2.8,75.68,70.888,C,7.8,No,Yes,Master's,Medium,6
S2708,Emma,Williams,student1708@university.edu,Female,24,Engineering,99.38,62.5,82.45,70.74,82.46,95.0,96.35,72.004,C,4.5,No,Yes,None,Low,10
S2709,Ali,Brown,student1709@university.edu,Male,21,Business,69.47,57.31,44.35,76.21,96.22,24.2,84.02,55.77,E,2.0,Yes,Yes,None,Medium,6
S2710,Omar,Davis,student1710@university.edu,Male,18,Mathematics,85.53,99.05,94.24,97.41,67.19,30.3,97.54,86.12,B,9.7,No,Yes,Bachelor's,Medium,7
S2711,Ali,Jones,student1711@university.edu,Male,20,Business,89.71,49.66,78.98,70.6,63.0,47.0,67.72,56.266,E,4.6,Yes,Yes,High School,Low,6
S2712,John,Johnson,student1712@university.edu,Female,22,Business,90.88,96.76,96.99,97.32,65.65,82.4,50.41,79.567,C,6.7,No,Yes,Master's,Medium,8
S2713,Ali,Johnson,student1713@university.edu,Male,19,Mathematics,93.29,54.67,43.03,81.04,78.73,96.1,65.2,66.169,D,9.8,No,Yes,Master's,Medium,3
S2714,Omar,Smith,student1714@university.edu,Female,23,CS,75.95,65.41,79.35,69.59,79.77,58.2,96.05,76.238,C,9.5,No,Yes,High School,High,9
S2715,Omar,Jones,student1715@university.edu,Male,24,Business,56.71,87.33,46.98,54.73,90.88,85.8,60.2,58.834,E,5.1,No,No,High School,High,3
S2716,Emma,Davis,student1716@university.edu,Female,21,Business,90.83,83.75,78.97,60.3,65.27,57.4,62.39,69.968,D,4.9,No,Yes,PhD,Medium,9
S2717,Sara,Jones,student1717@university.edu,Female,21,Mathematics,62.45,85.38,92.97,76.88,54.93,58.1,73.54,77.954,C,8.9,Yes,No,Master's,Medium,9
S2718,Liam,Brown,student1718@university.edu,Female,24,Business,54.52,77.35,98.05,88.87,84.88,24.4,48.07,70.015,C,2.6,Yes,Yes,PhD,High,1
S2719,Liam,Smith,student1719@university.edu,Male,18,CS,57.68,81.56,50.04,69.65,94.21,28.1,66.6,71.149,C,9.7,Yes,Yes,None,Medium,8
S2720,Liam,Johnson,student1720@university.edu,Female,22,Mathematics,80.77,98.47,50.14,96.54,70.19,93.1,78.34,81.02,B,9.3,No,Yes,None,High,7
S2721,Sara,Johnson,student1721@university.edu,Male,19,Engineering,63.81,78.85,83.27,93.51,85.81,54.6,89.64,77.202,C,5.8,No,Yes,Master's,High,3
S2722,Maria,Brown,student1722@university.edu,Male,18,Engineering,73.7,42.5,66.4,67.03,54.77,90.7,87.65,63.818,D,6.8,Yes,Yes,PhD,Medium,4
S2723,Omar,Davis,student1723@university.edu,Female,18,Mathematics,81.5,80.7,72.81,71.91,67.55,64.4,47.07,69.492,D,9.3,No,Yes,PhD,Medium,5
S2724,Sara,Davis,student1724@university.edu,Female,24,Mathematics,69.16,79.79,86.13,95.03,82.12,26.7,96.0,81.532,B,5.4,No,Yes,None,Medium,6
S2725,Omar,Smith,student1725@university.edu,Female,19,Engineering,80.67,46.28,57.04,65.88,75.18,6.5,77.99,51.91,E,3.1,No,Yes,Bachelor's,Low,2
S2726,Maria,Brown,student1726@university.edu,Female,20,Engineering,57.61,81.95,60.87,64.45,97.52,81.2,46.34,63.324,D,7.5,No,No,Master's,High,4
S2727,Ali,Brown,student1727@university.edu,Male,24,Business,56.22,99.64,98.71,74.87,97.52,71.5,78.54,82.138,B,9.1,No,Yes,None,Low,8
S2728,Maria,Smith,student1728@university.edu,Female,24,Business,57.83,86.38,63.37,57.87,73.9,58.4,51.08,71.787,C,9.4,No,Yes,Master's,Medium,8
S2729,Ahmed,Jones,student1729@university.edu,Female,24,Business,84.55,45.32,56.9,53.92,92.61,1.6,64.12,48.093,F,3.0,Yes,Yes,PhD,Medium,10
S2730,John,Johnson,student1730@university.edu,Male,22,Mathematics,64.18,87.41,51.62,71.99,70.13,22.5,72.3,57.041,E,4.3,No,No,High School,Low,7
S2731,Ali,Brown,student1731@university.edu,Male,19,Engineering,80.42,54.19,70.07,62.97,96.73,99.7,54.66,70.657,C,6.5,No,No,None,High,1
S2732,Sara,Jones,student1732@university.edu,Female,22,CS,60.94,71.37,63.28,82.2,74.98,68.1,77.82,62.888,D,3.5,Yes,Yes,Bachelor's,Low,8
S2733,John,Jones,student1733@university.edu,Male,23,Business,97.69,54.06,69.0,93.05,66.92,12.8,96.34,69.587,D,6.6,No,Yes,None,Low,9
S2734,John,Smith,student1734@university.edu,Male,18,Business,92.43,81.45,58.59,51.51,86.02,93.0,48.9,63.467,D,3.4,No,Yes,Bachelor's,Low,1
S2735,Ahmed,Williams,student1735@university.edu,Male,24,Engineering,84.3,55.43,81.65,92.56,93.44,42.6,82.19,69.542,D,5.0,Yes,Yes,PhD,High,9
S2736,Liam,Jones,student1736@university.edu,Male,23,CS,99.08,55.49,66.36,65.65,75.35,32.7,60.41,53.574,E,7.0,No,Yes,Master's,Low,7
S2737,Sara,Williams,student1737@university.edu,Male,19,Engineering,55.68,49.13,67.75,68.84,96.21,95.4,49.76,65.8,D,9.4,Yes,Yes,Master's,Medium,2
S2738,Liam,Jones,student1738@university.edu,Female,18,Business,86.5,88.25,97.98,89.68,68.97,4.7,66.63,75.658,C,8.9,Yes,Yes,PhD,Low,2
S2739,Ahmed,Smith,student1739@university.edu,Female,20,Engineering,83.94,57.8,46.76,57.28,97.61,50.4,79.34,57.782,E,3.6,No,Yes,Master's,High,9
S2740,Liam,Williams,student1740@university.edu,Female,24,CS,97.67,71.23,75.14,56.1,54.31,14.7,67.82,60.095,D,4.6,No,Yes,PhD,High,6
S2741,Sara,Smith,student1741@university.edu,Female,20,Mathematics,97.52,86.71,44.71,76.28,85.47,7.2,94.94,62.491,D,7.6,Yes,Yes,High School,Medium,4
S2742,Emma,Brown,student1742@university.edu,Female,20,CS,90.75,96.59,45.44,67.35,54.32,15.2,43.84,63.453,D,6.6,No,Yes,High School,Low,6
S2743,Maria,Brown,student1743@university.edu,Female,20,CS,93.56,69.91,81.35,63.15,94.08,40.4,84.72,70.12,C,5.1,Yes,Yes,Master's,Low,10
S2744,Omar,Davis,student1744@university.edu,Male,24,Engineering,71.97,73.7,79.47,96.48,78.89,20.5,85.97,69.156,D,3.6,No,No,PhD,High,7
S2745,John,Smith,student1745@university.edu,Female,19,Engineering,59.98,77.87,99.47,57.65,58.04,70.4,54.09,72.139,C,1.5,No,Yes,High School,Low,1
S2746,Liam,Brown,student1746@university.edu,Female,19,Mathematics,67.67,51.98,43.87,91.0,55.68,29.5,54.76,58.008,E,8.6,No,Yes,PhD,Low,3
S2747,Ahmed,Brown,student1747@university.edu,Male,18,Engineering,74.32,56.26,40.88,92.23,62.02,38.8,84.91,59.673,E,7.0,No,Yes,PhD,Medium,5
S2748,Ahmed,Smith,student1748@university.edu,Female,22,Mathematics,91.12,60.14,64.46,95.14,52.64,51.8,65.02,64.321,D,7.5,No,Yes,Master's,Medium,3
S2749,Omar,Johnson,student1749@university.edu,Female,21,Engineering,95.91,94.08,79.3,51.73,72.6,40.1,90.02,75.088,C,8.3,No,Yes,High School,Low,2
S2750,John,Smith,student1750@university.edu,Male,18,Business,93.43,93.46,96.49,83.91,67.71,15.6,87.73,75.393,C,5.7,Yes,No,Master's,High,1
S2751,John,Davis,student1751@university.edu,Female,21,CS,86.05,64.62,41.66,68.35,82.92,61.3,66.92,52.213,E,3.0,Yes,Yes,None,Medium,8
S2752,Omar,Jones,student1752@university.edu,Male,18,Mathematics,96.88,90.19,44.28,69.93,89.33,98.7,54.58,63.992,D,6.0,No,Yes,Master's,Medium,2
S2753,Sara,Jones,student1753@university.edu,Female,20,CS,90.45,51.62,83.22,88.67,89.76,88.4,92.03,68.927,D,2.6,Yes,Yes,Master's,High,1
S2754,Liam,Brown,student1754@university.edu,Male,23,Engineering,59.8,98.74,100.0,55.06,56.39,23.8,99.64,72.917,C,7.1,No,Yes,Bachelor's,Medium,9
S2755,Ali,Brown,student1755@university.edu,Female,21,Engineering,86.98,62.66,81.55,93.23,80.45,24.2,57.85,68.953,D,5.5,No,Yes,High School,Low,8
S2756,Emma,Smith,student1756@university.edu,Female,19,CS,55.65,92.65,74.13,79.15,69.14,54.6,91.94,74.267,C,2.3,Yes,No,Master's,Medium,8
S2757,Sara,Davis,student1757@university.edu,Male,23,Mathematics,89.89,60.11,47.48,67.42,91.91,38.9,62.35,53.769,E,2.2,Yes,Yes,Bachelor's,Medium,10
S2758,Ahmed,Davis,student1758@university.edu,Female,19,CS,92.08,50.33,79.57,91.38,97.56,25.5,47.55,63.001,D,4.1,Yes,Yes,None,Medium,3
S2759,John,Jones,student1759@university.edu,Male,21,Mathematics,68.21,95.87,85.13,99.82,56.16,0.1,74.81,78.922,C,4.2,Yes,Yes,High School,Low,2
S2760,Omar,Jones,student1760@university.edu,Male,23,Mathematics,93.43,80.3,93.96,56.94,66.65,10.4,96.84,76.642,C,2.5,No,Yes,None,High,7
S2761,Emma,Davis,student1761@university.edu,Female,22,Mathematics,79.59,45.07,70.28,69.96,93.64,86.3,60.58,72.577,C,8.7,Yes,Yes,None,Low,1
S2762,Sara,Jones,student1762@university.edu,Male,24,CS,65.04,42.85,66.41,76.62,59.86,63.4,72.24,55.802,E,3.4,Yes,Yes,Bachelor's,Medium,2
S2763,Ahmed,Jones,student1763@university.edu,Male,21,Business,68.19,74.85,99.17,50.59,77.36,77.9,46.22,73.118,C,5.6,Yes,Yes,High School,Medium,9
S2764,John,Williams,student1764@university.edu,Female,24,CS,95.68,77.81,66.78,64.38,58.08,98.6,88.62,74.734,C,8.2,No,Yes,Master's,Low,2
S2765,Ali,Jones,student1765@university.edu,Female,19,CS,94.99,75.83,95.71,66.61,77.3,52.1,60.78,68.454,D,2.7,No,Yes,Bachelor's,Medium,1
S2766,Maria,Davis,student1766@university.edu,Male,20,Mathematics,82.43,77.42,99.45,57.78,91.97,71.0,74.2,79.154,C,7.5,Yes,Yes,Master's,High,10
S2767,Emma,Williams,student1767@university.edu,Female,22,CS,77.11,48.01,72.78,51.02,74.43,87.7,45.02,55.579,E,4.9,Yes,Yes,PhD,Low,2
S2768,Sara,Williams,student1768@university.edu,Male,19,Business,51.39,60.11,79.89,62.1,61.61,70.1,76.24,63.369,D,2.4,Yes,No,Master's,High,9
S2769,Emma,Davis,student1769@university.edu,Male,23,Engineering,61.89,88.85,51.72,56.26,87.76,23.3,51.31,61.417,D,9.3,Yes,Yes,Master's,Low,1
S2770,Sara,Jones,student1770@university.edu,Female,19,Mathematics,85.69,54.44,67.48,92.39,93.29,58.6,99.09,76.363,C,9.7,No,Yes,None,High,10
S2771,Ali,Johnson,student1771@university.edu,Male,23,CS,53.25,98.47,52.52,86.59,61.38,77.9,63.0,69.369,D,4.1,Yes,Yes,Master's,Low,2
S2772,Liam,Smith,student1772@university.edu,Female,22,Mathematics,62.77,72.31,67.14,89.46,50.77,65.3,40.55,62.5,D,2.7,No,Yes,High School,High,5
S2773,Omar,Jones,student1773@university.edu,Female,23,Mathematics,58.93,63.24,97.45,99.17,95.73,88.9,46.85,74.798,C,2.7,No,No,Bachelor's,Low,10
S2774,Omar,Jones,student1774@university.edu,Female,24,Business,70.23,42.9,74.07,50.95,51.05,29.5,67.1,53.701,E,5.2,No,Yes,High School,Low,7
S2775,Sara,Smith,student1775@university.edu,Male,18,Business,76.53,92.32,79.06,80.69,55.76,73.9,81.22,84.212,B,9.6,No,No,PhD,High,5
S2776,Ali,Jones,student1776@university.edu,Female,23,Engineering,86.81,74.3,69.65,65.6,58.88,2.5,43.9,59.21,E,4.8,No,Yes,Master's,Medium,9
S2777,Maria,Smith,student1777@university.edu,Male,23,Engineering,70.65,84.99,78.16,68.29,91.24,27.1,46.06,68.268,D,8.1,Yes,Yes,Master's,Medium,1
S2778,John,Johnson,student1778@university.edu,Male,23,CS,58.28,62.67,95.22,72.37,57.63,78.1,84.86,69.562,D,1.9,No,Yes,High School,Low,5
S2779,Ahmed,Brown,student1779@university.edu,Male,22,CS,85.3,47.95,98.26,61.01,97.82,75.2,85.27,76.13,C,8.2,Yes,Yes,PhD,Medium,3
S2780,Emma,Brown,student1780@university.edu,Female,19,Business,55.25,50.93,49.81,88.06,84.65,7.2,70.04,59.423,E,4.7,No,No,Bachelor's,Medium,2
S2781,Ahmed,Williams,student1781@university.edu,Female,21,Business,80.72,97.24,96.73,70.98,76.03,19.3,87.65,78.109,C,7.7,Yes,Yes,None,Medium,3
S2782,John,Jones,student1782@university.edu,Female,21,CS,93.7,96.86,52.54,90.05,65.42,87.5,73.34,76.97,C,7.1,No,Yes,Bachelor's,Medium,2
S2783,Maria,Davis,student1783@university.edu,Male,21,Mathematics,98.0,91.77,68.05,58.38,96.71,1.6,83.25,71.676,C,9.2,No,Yes,Bachelor's,Medium,9
S2784,Omar,Johnson,student1784@university.edu,Male,23,Business,85.89,50.29,95.14,71.24,61.77,78.9,67.47,72.545,C,3.3,No,Yes,Bachelor's,Medium,4
S2785,Maria,Williams,student1785@university.edu,Male,19,Mathematics,78.52,56.79,72.87,56.6,92.7,73.4,77.41,66.041,D,8.9,Yes,No,None,Medium,7
S2786,Ali,Brown,student1786@university.edu,Female,24,Business,57.41,79.63,54.85,71.36,98.0,98.0,82.95,67.733,D,8.8,No,Yes,None,Low,5
S2787,Ali,Davis,student1787@university.edu,Male,22,Mathematics,74.92,45.37,60.99,77.04,76.44,58.0,49.89,63.197,D,6.2,No,Yes,PhD,Medium,10
S2788,John,Jones,student1788@university.edu,Male,18,CS,58.64,70.14,60.13,74.98,52.82,54.3,41.46,62.042,D,5.6,Yes,Yes,Master's,High,1
S2789,Ali,Jones,student1789@university.edu,Female,24,Engineering,75.59,91.54,71.67,97.42,64.55,46.7,65.08,71.559,C,2.2,No,Yes,Bachelor's,Medium,8
S2790,Ali,Williams,student1790@university.edu,Male,18,CS,99.15,70.92,92.87,81.53,70.85,25.7,67.99,71.563,C,3.3,Yes,Yes,PhD,Low,3
S2791,Ahmed,Jones,student1791@university.edu,Female,21,Business,56.16,84.58,78.68,52.14,61.85,35.1,68.76,63.775,D,3.2,Yes,Yes,Bachelor's,Low,7
S2792,Emma,Brown,student1792@university.edu,Female,19,Engineering,52.3,43.42,59.88,87.68,81.35,65.1,46.11,60.468,D,8.2,No,Yes,PhD,Medium,6
S2793,Omar,Davis,student1793@university.edu,Female,24,Engineering,87.46,62.37,58.97,99.09,63.71,40.2,88.6,69.533,D,8.2,No,Yes,Bachelor's,High,2
S2794,Maria,Johnson,student1794@university.edu,Male,21,CS,58.08,64.49,98.34,68.36,97.02,99.5,89.05,80.956,B,6.4,No,No,Master's,Low,4
S2795,Maria,Johnson,student1795@university.edu,Male,21,Mathematics,59.72,62.07,62.89,86.63,79.53,5.5,96.08,63.276,D,2.6,No,Yes,PhD,Low,6
S2796,Ahmed,Davis,student1796@university.edu,Female,20,Business,87.04,62.18,72.02,88.14,90.99,36.7,44.7,62.721,D,5.0,Yes,Yes,Bachelor's,Low,5
S2797,Emma,Jones,student1797@university.edu,Female,19,Mathematics,88.37,61.21,62.26,56.14,56.44,13.4,65.98,48.205,F,1.9,Yes,Yes,PhD,Medium,4
S2798,Sara,Williams,student1798@university.edu,Female,24,Mathematics,62.04,48.14,46.01,96.99,74.39,6.2,91.31,58.795,E,8.7,No,Yes,None,Medium,8
S2799,Liam,Williams,student1799@university.edu,Female,18,Mathematics,75.64,40.45,55.72,65.14,79.56,69.1,98.15,65.55,D,1.2,No,Yes,None,Low,1
S2800,Ahmed,Johnson,student1800@university.edu,Male,24,Business,79.8,88.63,77.84,99.92,86.55,30.0,82.82,76.2,C,5.3,No,Yes,Bachelor's,Medium,4
S2801,Sara,Smith,student1801@university.edu,Male,19,CS,97.97,54.07,40.04,74.15,50.21,62.7,43.96,42.405,F,1.4,No,Yes,High School,Medium,3
S2802,Maria,Johnson,student1802@university.edu,Male,22,CS,90.29,98.81,98.23,72.54,92.65,54.2,94.03,82.417,B,2.3,No,Yes,Bachelor's,Medium,2
S2803,Omar,Williams,student1803@university.edu,Female,20,CS,77.7,74.55,93.46,87.45,87.29,23.4,71.48,77.744,C,5.3,Yes,Yes,None,Low,2
S2804,Sara,Smith,student1804@university.edu,Female,18,Business,76.45,97.95,75.95,97.12,77.38,80.6,85.93,84.844,B,8.7,No,Yes,None,Medium,9
S2805,Liam,Williams,student1805@university.edu,Male,23,Mathematics,84.71,40.79,45.23,83.17,88.57,7.7,95.9,58.679,E,8.6,No,Yes,High School,Medium,9
S2806,Ali,Jones,student1806@university.edu,Female,18,Mathematics,83.39,55.78,44.8,96.11,55.23,1.2,87.23,55.14,E,6.4,Yes,Yes,Bachelor's,Low,9
S2807,Liam,Johnson,student1807@university.edu,Male,20,Engineering,59.93,43.2,46.84,83.37,75.8,83.7,64.04,61.397,D,5.9,No,Yes,Master's,High,2
S2808,John,Brown,student1808@university.edu,Female,20,Engineering,93.86,69.36,47.3,52.66,69.85,15.2,41.94,43.756,F,2.9,No,Yes,High School,Low,3
S2809,Sara,Williams,student1809@university.edu,Female,19,Business,77.87,77.79,52.39,66.36,99.83,69.4,78.2,66.143,D,4.8,No,Yes,Master's,Medium,4
S2810,Sara,Johnson,student1810@university.edu,Female,20,Mathematics,70.55,72.67,61.72,57.98,72.57,80.8,81.33,68.791,D,4.1,No,Yes,Master's,Low,2
S2811,Liam,Jones,student1811@university.edu,Male,24,Engineering,72.79,48.76,68.46,83.83,89.13,18.1,40.17,57.015,E,5.1,No,Yes,PhD,Low,6
S2812,Ali,Williams,student1812@university.edu,Male,21,Mathematics,63.29,48.62,65.1,74.89,71.62,75.8,86.67,64.333,D,9.2,Yes,No,High School,Medium,3
S2813,Omar,Brown,student1813@university.edu,Female,24,Mathematics,79.78,79.18,86.59,98.46,51.12,41.8,67.56,71.575,C,7.0,Yes,Yes,High School,Low,2
S2814,Ahmed,Williams,student1814@university.edu,Male,23,Mathematics,54.36,69.36,84.48,84.12,84.59,36.5,94.06,82.827,B,9.2,Yes,Yes,High School,Medium,1
S2815,Emma,Smith,student1815@university.edu,Male,20,Engineering,56.98,47.76,84.48,71.34,76.27,48.7,87.07,68.371,D,8.6,Yes,Yes,Bachelor's,High,1
S2816,Omar,Davis,student1816@university.edu,Female,23,Mathematics,86.23,61.94,98.09,94.85,78.13,69.6,60.49,72.401,C,1.9,Yes,Yes,Master's,High,1
S2817,Emma,Johnson,student1817@university.edu,Female,23,CS,91.36,64.76,68.54,78.47,86.98,96.6,97.1,76.156,C,9.5,Yes,Yes,Bachelor's,Low,4
S2818,Emma,Davis,student1818@university.edu,Female,24,CS,78.48,89.25,60.62,91.81,79.59,39.8,42.22,64.768,D,7.5,No,Yes,PhD,Low,9
S2819,Liam,Johnson,student1819@university.edu,Male,24,Mathematics,64.93,67.46,48.32,54.34,89.42,68.3,78.75,57.957,E,4.9,No,Yes,High School,Low,8
S2820,Ali,Smith,student1820@university.edu,Male,21,Engineering,95.49,79.59,81.12,76.61,53.65,68.4,79.77,70.201,C,2.5,No,Yes,Master's,Medium,3
S2821,Ahmed,Brown,student1821@university.edu,Female,18,Business,53.49,59.01,80.06,86.9,80.37,31.8,49.21,62.367,D,7.9,Yes,Yes,PhD,Medium,5
S2822,Maria,Smith,student1822@university.edu,Male,19,CS,98.68,64.47,95.3,78.07,61.48,30.1,47.96,69.908,D,5.8,Yes,Yes,High School,Medium,10
S2823,Ahmed,Williams,student1823@university.edu,Female,22,Mathematics,96.25,61.27,81.71,67.0,99.24,24.3,72.68,65.237,D,2.9,No,No,PhD,Medium,8
S2824,Ahmed,Smith,student1824@university.edu,Male,18,Engineering,53.34,71.97,73.7,51.59,95.69,14.7,52.97,61.729,D,6.6,Yes,Yes,Master's,Low,5
S2825,Emma,Brown,student1825@university.edu,Female,19,Engineering,73.35,95.59,58.66,89.94,74.77,11.9,74.64,66.178,D,2.7,No,Yes,Bachelor's,Medium,1
S2826,Ahmed,Johnson,student1826@university.edu,Female,19,Engineering,90.84,68.05,81.28,86.5,92.32,48.8,42.46,63.482,D,2.3,No,Yes,Bachelor's,High,10
S2827,Omar,Smith,student1827@university.edu,Female,19,Mathematics,96.98,59.35,78.6,95.36,88.82,54.0,68.84,76.208,C,9.4,No,Yes,Master's,Low,4
S2828,Ali,Johnson,student1828@university.edu,Female,18,CS,85.36,60.94,67.79,70.56,95.9,13.4,44.13,61.925,D,9.4,No,No,High School,Low,4
S2829,Liam,Jones,student1829@university.edu,Male,23,CS,93.43,90.78,49.59,82.08,93.25,79.4,84.3,68.119,D,4.8,Yes,Yes,Bachelor's,Medium,7
S2830,Ali,Brown,student1830@university.edu,Male,22,Mathematics,61.97,55.85,77.08,83.09,91.8,37.2,47.82,68.327,D,6.0,No,Yes,None,High,8
S2831,Sara,Johnson,student1831@university.edu,Female,18,CS,77.37,76.79,53.19,61.02,78.53,74.1,58.14,59.553,E,1.5,Yes,Yes,Bachelor's,Low,4
S2832,John,Smith,student1832@university.edu,Female,22,Business,75.69,69.09,74.96,79.24,73.26,82.7,56.99,71.241,C,4.7,No,Yes,Bachelor's,High,8
S2833,Sara,Brown,student1833@university.edu,Female,20,Engineering,91.36,50.85,91.96,68.51,55.58,35.8,92.63,72.478,C,7.0,No,Yes,PhD,Medium,9
S2834,Maria,Brown,student1834@university.edu,Male,24,Mathematics,69.34,91.36,88.01,76.67,94.7,56.7,43.29,76.651,C,3.6,No,Yes,PhD,High,7
S2835,Emma,Johnson,student1835@university.edu,Female,18,CS,80.72,42.91,85.32,52.67,89.19,26.7,44.27,56.557,E,1.3,Yes,No,Master's,Medium,8
S2836,Ali,Brown,student1836@university.edu,Male,19,Mathematics,95.65,63.95,54.24,51.33,60.82,46.7,50.08,58.444,E,5.4,No,Yes,None,Low,7
S2837,Ahmed,Brown,student1837@university.edu,Female,20,Business,72.58,50.56,75.92,96.41,98.13,98.3,68.8,75.407,C,4.1,Yes,Yes,Master's,High,5
S2838,Maria,Johnson,student1838@university.edu,Male,24,CS,86.65,58.05,64.44,96.72,95.56,55.1,44.53,66.46,D,6.9,No,Yes,High School,High,5
S2839,Sara,Williams,student1839@university.edu,Male,23,Engineering,98.19,86.57,94.94,96.96,88.1,18.0,78.45,81.145,B,7.3,No,Yes,None,Medium,6
S2840,Maria,Johnson,student1840@university.edu,Female,24,Engineering,87.33,63.35,50.16,73.7,97.68,56.3,83.7,63.22,D,6.0,No,Yes,None,Low,3
S2841,Emma,Jones,student1841@university.edu,Female,19,CS,73.11,71.36,62.03,72.44,51.81,13.1,77.53,63.579,D,9.4,Yes,No,None,Low,9
S2842,Ahmed,Williams,student1842@university.edu,Male,18,CS,56.54,48.41,96.06,73.94,62.71,89.9,48.29,68.54,D,6.4,No,Yes,PhD,Medium,5
S2843,Sara,Brown,student1843@university.edu,Female,20,Business,71.77,59.36,86.83,96.0,97.21,38.6,72.19,71.764,C,7.8,No,Yes,Master's,Medium,10
S2844,Sara,Williams,student1844@university.edu,Male,18,Engineering,93.55,85.02,57.89,77.49,73.02,1.2,46.15,60.973,D,8.1,No,Yes,PhD,Low,1
S2845,Ali,Brown,student1845@university.edu,Female,24,Business,86.24,45.05,78.25,60.49,74.75,45.4,54.07,63.135,D,3.8,Yes,Yes,Master's,Medium,3
S2846,Omar,Brown,student1846@university.edu,Male,23,Engineering,77.02,75.45,64.62,55.13,87.66,37.2,77.38,61.927,D,2.6,Yes,Yes,Bachelor's,High,2
S2847,Liam,Johnson,student1847@university.edu,Male,21,Engineering,92.49,74.09,43.58,94.22,50.69,47.8,92.1,57.464,E,3.9,Yes,Yes,Master's,Low,10
S2848,Liam,Williams,student1848@university.edu,Female,24,Mathematics,80.02,41.39,69.73,89.09,56.34,80.1,42.46,62.638,D,8.5,Yes,Yes,High School,Low,3
S2849,Emma,Jones,student1849@university.edu,Male,19,CS,66.3,43.25,96.72,88.17,94.51,62.0,85.39,73.657,C,1.1,No,Yes,Bachelor's,High,7
S2850,Maria,Johnson,student1850@university.edu,Male,24,Engineering,73.31,97.56,40.82,72.1,82.2,95.0,40.2,59.948,E,1.1,No,Yes,High School,Medium,9
S2851,Omar,Davis,student1851@university.edu,Female,18,CS,94.4,76.63,76.77,85.3,66.55,13.0,43.38,59.444,E,1.0,Yes,Yes,High School,High,9
S2852,Emma,Williams,student1852@university.edu,Male,20,CS,87.48,89.17,42.06,90.94,77.68,33.8,85.49,75.041,C,9.1,No,Yes,High School,Medium,3
S2853,Ahmed,Jones,student1853@university.edu,Male,22,CS,64.77,63.68,80.57,78.48,54.11,93.8,57.95,66.041,D,7.0,No,Yes,Bachelor's,Medium,9
S2854,Maria,Davis,student1854@university.edu,Female,20,Engineering,52.15,44.6,93.42,95.31,82.87,88.7,45.11,73.516,C,6.8,No,Yes,Bachelor's,Low,7
S2855,Liam,Davis,student1855@university.edu,Female,19,Business,59.55,40.49,81.87,92.79,86.13,65.3,84.28,75.969,C,6.4,Yes,Yes,Bachelor's,Medium,1
S2856,Liam,Smith,student1856@university.edu,Female,23,Engineering,93.74,59.11,69.85,67.23,72.15,97.4,64.74,71.835,C,6.3,Yes,Yes,Bachelor's,Low,9
S2857,Maria,Smith,student1857@university.edu,Male,21,Engineering,92.36,44.16,40.3,61.2,99.6,47.0,80.28,54.498,E,5.4,No,Yes,Bachelor's,High,5
S2858,Omar,Smith,student1858@university.edu,Male,19,CS,50.1,44.45,64.41,71.55,50.58,79.6,66.57,62.465,D,7.1,Yes,Yes,Master's,Medium,5
S2859,Emma,Johnson,student1859@university.edu,Male,22,Engineering,54.26,89.26,61.57,69.66,63.46,49.6,95.63,76.882,C,8.2,Yes,Yes,None,Medium,5
S2860,John,Johnson,student1860@university.edu,Female,20,Engineering,91.35,59.21,72.93,61.52,73.97,40.2,50.38,61.282,D,7.2,No,Yes,Master's,High,9
S2861,Emma,Johnson,student1861@university.edu,Female,22,Business,57.37,69.55,56.15,81.48,84.96,3.6,94.55,64.142,D,4.8,No,Yes,Master's,Medium,8
S2862,Liam,Jones,student1862@university.edu,Female,20,Engineering,66.84,47.55,80.28,56.18,85.11,27.7,95.12,65.93,D,2.6,No,Yes,None,Low,9
S2863,Ali,Johnson,student1863@university.edu,Female,19,Business,92.68,71.65,82.88,61.06,61.63,24.3,48.85,59.193,E,6.2,No,Yes,PhD,Low,8
S2864,Ahmed,Jones,student1864@university.edu,Male,23,Mathematics,78.77,93.0,74.71,64.71,91.68,37.2,42.15,68.567,D,9.4,Yes,Yes,PhD,Medium,2
S2865,Sara,Brown,student1865@university.edu,Female,22,Mathematics,66.6,68.76,95.43,57.78,98.37,43.2,86.18,76.046,C,9.9,No,Yes,High School,Medium,9
S2866,Liam,Brown,student1866@university.edu,Female,22,Engineering,72.98,90.75,97.68,88.88,63.29,37.9,85.49,84.104,B,6.6,No,Yes,Master's,Medium,4
S2867,Ahmed,Brown,student1867@university.edu,Male,23,Mathematics,88.66,54.92,62.07,92.99,87.84,18.9,40.16,57.335,E,3.2,Yes,Yes,Master's,High,4
S2868,Liam,Johnson,student1868@university.edu,Female,19,Mathematics,56.49,60.74,81.66,58.93,68.16,0.3,62.62,67.806,D,8.8,No,Yes,PhD,Low,10
S2869,Ali,Johnson,student1869@university.edu,Female,21,Mathematics,76.63,49.62,99.39,96.13,57.9,80.6,47.24,78.246,C,9.4,No,Yes,Bachelor's,Medium,2
S2870,Liam,Johnson,student1870@university.edu,Female,23,Business,68.27,81.67,92.63,77.93,51.23,14.5,50.62,65.303,D,7.9,Yes,Yes,PhD,Medium,10
S2871,Sara,Smith,student1871@university.edu,Female,24,Engineering,59.63,62.15,73.32,71.18,57.32,8.0,84.78,66.27,D,8.5,No,Yes,Master's,Medium,2
S2872,Sara,Smith,student1872@university.edu,Female,21,Mathematics,81.05,56.91,68.73,68.19,92.64,59.6,87.17,64.896,D,2.1,Yes,Yes,Bachelor's,Low,4
S2873,Emma,Williams,student1873@university.edu,Female,21,Engineering,93.75,77.75,73.89,80.44,60.12,64.7,84.41,71.452,C,5.8,No,Yes,Master's,Low,6
S2874,John,Smith,student1874@university.edu,Male,18,Mathematics,86.2,64.33,54.14,66.26,77.65,51.2,66.73,56.499,E,1.0,No,Yes,PhD,Low,3
S2875,Ali,Smith,student1875@university.edu,Male,19,Business,88.2,55.53,75.04,73.98,96.76,65.4,62.25,70.731,C,6.6,No,Yes,High School,Medium,2
S2876,Ali,Smith,student1876@university.edu,Female,23,Business,54.33,97.05,75.51,89.98,86.7,12.8,60.23,70.812,C,7.1,No,No,None,Low,4
S2877,Sara,Williams,student1877@university.edu,Female,20,Mathematics,50.29,67.31,46.08,82.05,80.36,44.4,74.72,62.65,D,8.6,No,Yes,Bachelor's,Medium,4
S2878,Ali,Williams,student1878@university.edu,Male,20,Mathematics,67.18,84.03,60.5,85.37,82.58,58.9,46.99,60.231,D,1.0,Yes,Yes,Bachelor's,Low,3
S2879,Omar,Smith,student1879@university.edu,Male,20,Mathematics,67.67,93.2,66.27,61.21,99.98,37.3,51.84,65.878,D,6.4,No,Yes,High School,Low,6
S2880,Omar,Jones,student1880@university.edu,Female,18,CS,65.57,76.32,85.26,61.45,86.06,46.5,59.93,75.106,C,9.7,Yes,Yes,Master's,Low,10
S2881,Maria,Johnson,student1881@university.edu,Female,24,CS,63.72,53.28,49.67,80.76,53.79,3.3,76.6,59.368,E,6.6,No,Yes,Bachelor's,Low,1
S2882,Liam,Brown,student1882@university.edu,Male,18,CS,93.86,40.99,42.71,57.85,84.16,89.3,75.02,62.548,D,8.3,No,Yes,None,Low,5
S2883,Liam,Williams,student1883@university.edu,Male,23,CS,79.79,83.23,67.34,61.91,55.56,73.5,76.77,72.838,C,7.9,Yes,Yes,PhD,Medium,4
S2884,Omar,Johnson,student1884@university.edu,Male,20,Mathematics,99.93,81.77,61.52,69.24,94.05,23.5,57.56,63.924,D,6.7,Yes,Yes,Bachelor's,Medium,2
S2885,Sara,Smith,student1885@university.edu,Female,18,CS,88.26,67.39,64.09,92.15,59.84,93.0,98.14,65.537,D,1.9,Yes,No,High School,Low,7
S2886,Omar,Brown,student1886@university.edu,Female,18,Mathematics,98.04,95.41,68.75,75.93,81.35,73.9,43.47,71.797,C,7.0,No,Yes,PhD,Medium,2
S2887,Sara,Williams,student1887@university.edu,Male,21,Engineering,74.59,80.22,79.09,89.17,88.13,4.8,72.49,70.657,C,7.0,Yes,Yes,PhD,High,5
S2888,Sara,Smith,student1888@university.edu,Female,18,Business,98.38,81.26,99.01,70.09,89.97,65.8,60.87,81.639,B,8.0,No,Yes,Master's,Medium,9
S2889,Liam,Williams,student1889@university.edu,Male,23,Business,74.95,46.5,90.95,88.53,94.0,66.9,81.14,76.609,C,8.3,No,Yes,Bachelor's,Medium,7
S2890,Ahmed,Williams,student1890@university.edu,Male,19,Engineering,92.43,82.81,94.84,69.8,65.11,15.6,70.26,66.633,D,4.5,No,Yes,High School,Medium,9
S2891,Sara,Williams,student1891@university.edu,Female,24,CS,78.62,58.79,63.85,99.48,90.84,59.3,87.98,66.566,D,1.3,Yes,Yes,High School,Medium,3
S2892,John,Johnson,student1892@university.edu,Female,23,CS,63.22,94.59,96.19,58.36,98.48,21.3,49.34,75.005,C,7.6,Yes,Yes,Bachelor's,Low,10
S2893,Liam,Brown,student1893@university.edu,Male,24,Engineering,92.4,52.33,58.77,65.2,91.95,44.7,66.14,65.651,D,2.2,Yes,Yes,Bachelor's,Low,2
S2894,Emma,Johnson,student1894@university.edu,Female,23,Business,61.26,69.09,74.55,59.24,70.85,17.3,67.88,61.839,D,8.0,No,Yes,PhD,Low,9
S2895,Liam,Williams,student1895@university.edu,Male,21,CS,81.24,76.61,61.8,96.05,82.36,19.9,54.46,58.766,E,1.1,No,No,Bachelor's,Medium,3
S2896,John,Johnson,student1896@university.edu,Female,20,Mathematics,55.56,41.63,76.37,89.48,83.81,14.3,98.07,72.732,C,6.0,No,No,None,Medium,2
S2897,Sara,Smith,student1897@university.edu,Male,19,Engineering,96.54,47.3,66.15,54.92,51.91,97.8,85.9,68.597,D,5.5,No,Yes,Bachelor's,Medium,1
S2898,Maria,Johnson,student1898@university.edu,Male,24,Business,80.0,61.2,83.68,91.4,59.7,88.6,80.07,68.915,D,1.9,Yes,Yes,PhD,Medium,9
S2899,Maria,Smith,student1899@university.edu,Male,23,CS,82.71,66.87,67.48,64.46,55.77,70.3,79.92,66.027,D,6.8,Yes,Yes,Master's,Medium,2
S2900,Ali,Jones,student1900@university.edu,Female,22,CS,82.76,75.19,94.84,68.16,93.15,2.5,81.29,71.448,C,1.9,No,Yes,Bachelor's,Medium,10
S2901,Liam,Williams,student1901@university.edu,Female,18,Mathematics,72.79,86.01,59.61,99.34,51.1,48.5,56.35,71.821,C,7.0,Yes,Yes,Master's,Medium,2
S2902,Maria,Smith,student1902@university.edu,Male,19,Business,69.4,55.02,54.47,91.05,74.38,75.8,65.24,71.694,C,7.1,No,Yes,None,High,10
S2903,Liam,Williams,student1903@university.edu,Female,23,Engineering,50.13,41.5,97.49,95.23,75.3,83.5,47.26,70.705,C,7.4,No,Yes,PhD,Medium,2
S2904,Ali,Smith,student1904@university.edu,Female,24,CS,53.27,50.24,76.26,87.66,66.07,79.0,92.93,69.795,D,4.7,No,Yes,Bachelor's,Low,1
S2905,Sara,Johnson,student1905@university.edu,Male,22,Business,80.36,93.84,74.58,97.44,57.57,49.2,60.9,79.639,C,2.4,Yes,Yes,Bachelor's,Low,6
S2906,Maria,Williams,student1906@university.edu,Male,23,Business,56.58,75.91,40.44,62.25,80.57,79.8,96.31,70.082,C,6.1,No,Yes,Bachelor's,Low,4
S2907,Omar,Smith,student1907@university.edu,Male,22,CS,96.11,85.55,96.73,79.0,89.22,80.8,87.51,87.387,B,9.1,No,Yes,Master's,Medium,7
S2908,Sara,Johnson,student1908@university.edu,Male,19,Business,86.06,70.74,61.33,59.46,82.51,99.1,95.15,66.167,D,3.5,No,No,None,High,10
S2909,Maria,Davis,student1909@university.edu,Male,23,Business,54.58,54.77,44.23,59.74,50.4,17.1,40.34,40.548,F,4.5,Yes,No,High School,Medium,2
S2910,John,Williams,student1910@university.edu,Male,22,Mathematics,55.74,91.45,95.02,76.73,53.59,12.8,52.21,75.433,C,4.1,Yes,Yes,PhD,Medium,9
S2911,Emma,Brown,student1911@university.edu,Male,21,Engineering,54.61,74.64,64.87,80.31,99.36,62.2,98.47,70.589,C,5.9,Yes,Yes,None,Low,4
S2912,Ahmed,Johnson,student1912@university.edu,Male,23,Engineering,79.95,98.05,52.35,69.86,54.34,49.0,85.5,62.707,D,2.5,No,Yes,High School,Low,2
S2913,Omar,Smith,student1913@university.edu,Female,23,Mathematics,59.98,69.39,50.64,59.71,78.44,0.4,52.69,53.975,E,3.7,No,Yes,High School,Medium,1
S2914,Sara,Johnson,student1914@university.edu,Female,22,Engineering,69.76,60.88,92.29,72.01,95.78,80.3,69.62,75.391,C,8.6,No,Yes,Master's,Medium,8
S2915,Ahmed,Johnson,student1915@university.edu,Female,20,CS,84.06,44.19,98.91,65.73,66.38,28.4,75.39,70.644,C,9.2,No,Yes,None,Low,7
S2916,John,Jones,student1916@university.edu,Male,24,Engineering,78.59,85.59,47.27,53.58,96.23,15.7,62.44,55.956,E,4.5,Yes,Yes,Bachelor's,High,2
S2917,Emma,Brown,student1917@university.edu,Male,23,CS,90.35,46.32,65.3,74.55,92.54,70.3,91.3,64.565,D,6.0,No,Yes,PhD,Low,9
S2918,Sara,Davis,student1918@university.edu,Male,23,Mathematics,71.89,73.11,54.59,95.34,63.64,21.4,55.2,63.131,D,9.4,Yes,No,Bachelor's,High,5
S2919,Omar,Williams,student1919@university.edu,Male,18,Business,64.16,56.14,71.16,54.95,95.09,21.3,95.73,62.981,D,1.5,Yes,Yes,Master's,Low,2
S2920,Emma,Smith,student1920@university.edu,Female,22,Business,59.45,88.27,47.75,95.79,67.16,25.6,80.36,62.722,D,5.0,Yes,Yes,Master's,Medium,1
S2921,Maria,Davis,student1921@university.edu,Male,19,Mathematics,75.23,58.76,73.48,53.15,87.94,34.2,62.77,59.457,E,2.8,No,Yes,PhD,Low,2
S2922,Ali,Davis,student1922@university.edu,Male,21,Mathematics,90.19,89.4,92.25,52.02,68.15,90.2,92.04,76.23,C,5.0,Yes,Yes,Master's,Medium,9
S2923,Emma,Williams,student1923@university.edu,Female,19,Mathematics,80.53,90.83,54.42,64.63,54.85,24.3,45.95,58.904,E,6.0,No,Yes,PhD,Medium,7
S2924,Sara,Brown,student1924@university.edu,Female,22,Business,75.46,80.91,95.11,98.3,61.62,89.1,60.74,75.802,C,9.3,No,Yes,High School,Low,4
S2925,Ali,Jones,student1925@university.edu,Male,21,Mathematics,90.56,59.26,58.55,91.04,78.16,32.6,42.67,61.947,D,8.3,Yes,Yes,PhD,Low,5
S2926,Maria,Williams,student1926@university.edu,Male,24,Business,76.01,57.46,91.99,62.83,83.01,34.4,90.88,61.329,D,2.6,Yes,Yes,Bachelor's,Low,7
S2927,Ahmed,Johnson,student1927@university.edu,Male,22,CS,98.55,86.67,98.75,51.83,51.04,76.2,60.19,71.825,C,5.8,No,Yes,Master's,Low,5
S2928,Ahmed,Smith,student1928@university.edu,Male,21,Engineering,89.85,45.51,43.35,67.68,50.33,9.2,57.68,39.908,F,6.1,No,Yes,Master's,Medium,7
S2929,Omar,Jones,student1929@university.edu,Male,21,Mathematics,50.9,49.76,62.84,57.72,84.93,41.5,56.25,57.392,E,6.7,Yes,Yes,Master's,High,1
S2930,John,Johnson,student1930@university.edu,Female,24,Engineering,50.61,92.68,61.44,97.86,78.52,46.0,89.69,76.125,C,3.6,No,Yes,High School,Low,6
S2931,Emma,Davis,student1931@university.edu,Male,21,Mathematics,66.24,49.64,74.65,88.97,66.83,47.2,61.62,64.71,D,4.3,Yes,No,Master's,Medium,10
S2932,Ahmed,Davis,student1932@university.edu,Male,18,Business,84.93,54.33,41.48,63.23,67.56,72.1,89.08,61.081,D,8.6,No,Yes,High School,Low,5
S2933,Maria,Jones,student1933@university.edu,Female,22,Engineering,87.49,50.82,88.92,53.08,50.56,86.3,75.7,70.182,C,7.6,No,Yes,Bachelor's,Medium,7
S2934,Liam,Williams,student1934@university.edu,Female,24,CS,54.54,79.03,98.86,68.41,61.55,87.9,58.44,78.696,C,5.1,No,Yes,High School,Medium,5
S2935,John,Johnson,student1935@university.edu,Female,20,Engineering,59.14,89.15,67.92,92.63,86.36,23.4,82.82,73.963,C,9.2,No,Yes,High School,High,4
S2936,John,Davis,student1936@university.edu,Male,23,CS,79.16,73.52,41.66,69.62,89.37,12.7,86.45,63.132,D,3.1,No,Yes,High School,Low,3
S2937,Omar,Williams,student1937@university.edu,Male,24,Business,93.73,41.5,84.54,74.68,84.7,68.4,65.79,73.055,C,9.1,No,Yes,Master's,Medium,10
S2938,Maria,Jones,student1938@university.edu,Male,23,Mathematics,89.87,69.47,76.68,66.31,93.84,34.6,45.33,61.423,D,1.7,Yes,Yes,Bachelor's,High,2
S2939,Liam,Davis,student1939@university.edu,Male,21,Engineering,62.91,78.35,86.19,72.67,78.97,59.7,47.07,68.245,D,6.8,No,Yes,High School,Low,4
S2940,Ahmed,Johnson,student1940@university.edu,Female,24,CS,53.51,94.71,98.94,57.78,91.3,13.6,59.85,68.326,D,3.2,Yes,Yes,Bachelor's,Low,5
S2941,Omar,Smith,student1941@university.edu,Male,19,CS,83.0,58.26,80.45,88.97,82.15,2.6,71.04,67.601,D,6.0,Yes,Yes,Master's,Medium,5
S2942,John,Johnson,student1942@university.edu,Male,23,Engineering,67.34,64.09,50.52,97.88,83.21,50.1,79.71,68.477,D,3.6,No,Yes,PhD,Low,5
S2943,Ahmed,Johnson,student1943@university.edu,Female,19,Engineering,52.2,80.08,42.07,71.37,96.1,55.3,72.47,69.726,D,7.1,Yes,Yes,Bachelor's,Medium,5
S2944,Sara,Jones,student1944@university.edu,Female,23,CS,77.16,64.17,91.82,75.2,93.09,31.2,77.35,77.385,C,8.6,No,Yes,Bachelor's,Medium,1
S2945,Maria,Jones,student1945@university.edu,Male,22,Mathematics,62.35,57.92,98.87,82.74,53.49,64.1,51.34,69.09,D,5.0,Yes,Yes,None,High,2
S2946,Maria,Williams,student1946@university.edu,Female,19,Engineering,93.64,89.47,76.65,80.15,72.86,32.9,91.42,68.32,D,3.5,Yes,Yes,Bachelor's,High,3
S2947,John,Davis,student1947@university.edu,Male,23,CS,81.46,45.1,92.32,53.3,85.67,88.4,54.17,69.949,D,7.4,Yes,No,None,Low,9
S2948,Ahmed,Jones,student1948@university.edu,Male,21,Mathematics,92.26,87.24,92.91,60.94,78.55,64.7,65.07,74.333,C,4.8,No,Yes,None,Low,10
S2949,John,Jones,student1949@university.edu,Male,19,Mathematics,52.19,41.88,82.99,50.68,65.84,26.4,70.44,58.723,E,3.3,No,Yes,High School,Medium,5
S2950,Omar,Williams,student1950@university.edu,Male,18,Business,86.96,66.97,42.6,99.6,93.55,58.7,83.73,70.515,C,8.3,Yes,Yes,High School,Low,4
S2951,Sara,Smith,student1951@university.edu,Male,21,Business,73.78,59.1,63.51,82.77,74.38,65.6,57.83,69.541,D,6.2,No,Yes,Master's,Low,10
S2952,Ali,Brown,student1952@university.edu,Female,19,CS,53.94,92.12,83.94,52.14,91.52,67.0,54.8,75.192,C,8.6,Yes,Yes,PhD,High,7
S2953,John,Johnson,student1953@university.edu,Female,21,Business,80.13,47.08,84.37,73.66,56.45,83.2,41.41,65.409,D,9.8,No,Yes,PhD,Low,9
S2954,Ali,Davis,student1954@university.edu,Female,22,Engineering,67.04,50.34,41.54,88.41,95.05,60.1,92.95,67.119,D,5.7,Yes,Yes,Bachelor's,Low,10
S2955,Sara,Williams,student1955@university.edu,Male,23,Business,94.17,55.3,57.05,55.68,99.96,91.4,71.48,66.154,D,5.0,No,Yes,None,Medium,7
S2956,Maria,Smith,student1956@university.edu,Male,21,Engineering,61.09,85.72,68.85,91.76,54.23,7.7,52.71,62.9,D,3.0,No,Yes,High School,Medium,3
S2957,John,Davis,student1957@university.edu,Male,23,Engineering,61.72,44.21,92.86,83.82,67.89,83.2,64.91,72.85,C,7.6,Yes,No,Bachelor's,Low,8
S2958,Sara,Smith,student1958@university.edu,Female,23,Mathematics,51.81,51.98,70.46,75.67,53.07,43.8,78.91,57.892,E,7.0,No,Yes,High School,Medium,5
S2959,Omar,Brown,student1959@university.edu,Male,21,Business,60.05,74.8,57.83,99.82,59.16,43.9,69.82,59.53,E,5.4,Yes,Yes,None,High,2
S2960,Ahmed,Williams,student1960@university.edu,Female,18,Business,86.79,47.75,75.32,62.94,88.98,4.7,43.5,51.858,E,2.7,Yes,Yes,High School,High,4
S2961,John,Smith,student1961@university.edu,Male,20,Business,55.09,86.04,53.84,64.55,79.14,23.5,88.68,64.378,D,9.4,No,Yes,PhD,Medium,1
S2962,Ali,Johnson,student1962@university.edu,Female,24,Mathematics,98.0,75.09,43.29,61.9,79.39,58.3,67.24,64.624,D,10.0,No,Yes,Master's,Low,4
S2963,Omar,Williams,student1963@university.edu,Male,18,CS,72.78,58.1,81.96,96.71,84.86,48.0,91.42,72.939,C,5.2,Yes,Yes,Master's,Medium,7
S2964,Ali,Jones,student1964@university.edu,Male,19,CS,85.62,54.64,40.37,85.1,99.94,79.9,55.02,63.246,D,5.6,Yes,Yes,PhD,High,3
S2965,Emma,Brown,student1965@university.edu,Female,21,Engineering,59.69,71.86,67.0,70.11,62.54,29.2,77.71,61.076,D,3.6,Yes,Yes,Master's,Low,10
S2966,Emma,Smith,student1966@university.edu,Female,22,Business,72.78,50.55,42.56,81.37,58.34,40.0,42.78,52.444,E,5.0,No,Yes,None,Low,10
S2967,Omar,Smith,student1967@university.edu,Female,21,Mathematics,57.95,86.06,83.39,80.39,59.67,80.4,47.32,72.526,C,8.0,Yes,Yes,Master's,Low,10
S2968,Maria,Smith,student1968@university.edu,Female,24,Mathematics,72.05,63.3,75.12,78.01,82.31,33.6,72.52,70.317,C,7.8,Yes,Yes,High School,High,7
S2969,Omar,Johnson,student1969@university.edu,Male,21,Business,75.86,99.39,55.96,76.41,78.16,80.9,98.53,74.709,C,9.4,No,Yes,PhD,Medium,8
S2970,Emma,Brown,student1970@university.edu,Female,20,Engineering,74.64,76.54,92.31,67.86,96.94,3.0,53.44,67.138,D,3.2,No,Yes,High School,Low,10
S2971,Ahmed,Brown,student1971@university.edu,Male,22,Mathematics,66.69,66.44,67.3,52.3,53.17,95.9,40.9,62.89,D,9.2,No,Yes,PhD,Low,4
S2972,Omar,Davis,student1972@university.edu,Male,22,CS,89.25,77.42,85.04,51.74,91.73,92.8,43.67,68.024,D,3.7,Yes,Yes,High School,Medium,1
S2973,Ahmed,Brown,student1973@university.edu,Male,23,Mathematics,63.0,81.43,98.31,55.65,85.27,72.7,74.08,80.242,B,9.3,Yes,Yes,Master's,High,8
S2974,John,Brown,student1974@university.edu,Female,22,Mathematics,68.64,45.2,92.96,60.59,56.9,71.7,99.12,73.758,C,8.9,No,Yes,Master's,Low,1
S2975,Emma,Johnson,student1975@university.edu,Female,18,Engineering,63.3,67.82,70.3,62.55,59.5,99.0,55.29,63.448,D,2.3,No,Yes,PhD,Low,6
S2976,Liam,Davis,student1976@university.edu,Female,22,CS,97.88,84.29,72.12,82.31,72.66,31.4,84.73,70.072,C,8.4,Yes,Yes,High School,Medium,8
S2977,Liam,Johnson,student1977@university.edu,Female,20,Mathematics,51.19,96.1,83.83,60.46,84.13,74.1,72.56,73.461,C,5.3,No,Yes,Bachelor's,Medium,3
S2978,John,Brown,student1978@university.edu,Female,18,Engineering,75.24,79.44,78.15,54.47,62.74,65.7,94.51,69.655,D,6.6,Yes,Yes,PhD,Low,1
S2979,John,Williams,student1979@university.edu,Female,19,Mathematics,67.02,93.83,49.08,85.76,76.07,23.2,80.32,64.051,D,2.3,No,Yes,PhD,Low,6
S2980,Emma,Jones,student1980@university.edu,Male,20,Business,53.7,98.19,96.81,74.75,81.07,21.7,67.47,74.394,C,8.8,Yes,Yes,High School,Medium,3
S2981,Ahmed,Williams,student1981@university.edu,Female,20,CS,90.45,56.65,98.9,91.27,62.55,43.4,45.0,70.801,C,6.0,No,Yes,High School,High,2
S2982,Maria,Williams,student1982@university.edu,Female,19,CS,71.53,45.29,86.19,95.39,99.63,57.4,78.31,75.33,C,7.5,No,Yes,High School,Low,9
S2983,Sara,Jones,student1983@university.edu,Female,21,Business,66.03,41.32,49.68,57.07,96.02,7.2,44.4,44.971,F,2.8,No,Yes,Bachelor's,Medium,6
S2984,Omar,Smith,student1984@university.edu,Female,20,CS,55.26,74.08,94.63,56.88,87.65,30.6,40.15,75.279,C,9.2,No,Yes,None,Medium,4
S2985,Ahmed,Brown,student1985@university.edu,Male,24,Engineering,70.62,71.99,71.57,70.47,61.19,41.7,63.18,64.66,D,2.5,No,Yes,Master's,High,8
S2986,Liam,Johnson,student1986@university.edu,Female,20,CS,51.33,86.33,65.01,51.73,98.62,26.0,50.16,57.192,E,1.9,No,Yes,PhD,High,5
S2987,Omar,Davis,student1987@university.edu,Female,21,Business,81.17,51.37,70.17,59.12,69.27,60.2,69.27,65.491,D,9.7,No,Yes,High School,Medium,7
S2988,Sara,Williams,student1988@university.edu,Male,23,Business,69.72,93.09,97.83,93.68,61.33,46.4,66.12,85.789,B,4.9,No,Yes,Master's,Low,6
S2989,Omar,Davis,student1989@university.edu,Female,21,CS,67.96,72.0,75.93,75.45,88.78,59.7,70.45,68.822,D,7.7,No,Yes,Master's,Medium,3
S2990,Maria,Brown,student1990@university.edu,Male,18,Engineering,93.82,73.64,42.46,69.91,89.64,43.8,45.48,55.027,E,3.2,No,Yes,Bachelor's,Low,2
S2991,Ali,Davis,student1991@university.edu,Male,18,Business,86.38,40.32,81.42,98.45,89.01,36.4,94.08,68.834,D,1.2,No,Yes,High School,High,10
S2992,Sara,Jones,student1992@university.edu,Female,23,Business,74.4,46.2,87.14,96.27,94.64,34.9,62.08,68.932,D,5.7,Yes,Yes,PhD,High,1
S2993,Sara,Williams,student1993@university.edu,Male,18,Mathematics,51.02,63.15,96.69,77.79,80.42,32.0,72.56,66.944,D,2.2,No,Yes,High School,Medium,1
S2994,Emma,Brown,student1994@university.edu,Male,21,Engineering,99.62,73.55,67.63,55.37,82.62,78.9,86.38,69.026,D,3.7,Yes,Yes,Master's,High,8
S2995,Ahmed,Davis,student1995@university.edu,Male,23,Business,83.78,81.27,53.98,90.97,94.12,93.7,70.15,72.792,C,8.5,No,Yes,None,High,4
S2996,Maria,Williams,student1996@university.edu,Male,18,Mathematics,57.0,66.56,65.4,51.58,93.81,2.6,92.45,67.83,D,6.3,Yes,No,High School,Medium,2
S2997,Sara,Davis,student1997@university.edu,Female,23,Engineering,69.47,95.94,59.37,83.34,60.93,47.3,62.75,62.254,D,2.4,Yes,Yes,Master's,Low,3
S2998,Maria,Davis,student1998@university.edu,Female,21,Engineering,91.79,62.65,71.56,90.43,93.08,20.6,74.22,67.727,D,7.3,Yes,Yes,PhD,Medium,3
S2999,Omar,Davis,student1999@university.edu,Male,18,Engineering,57.45,92.16,44.71,63.71,77.99,91.9,83.72,72.457,C,7.8,No,Yes,PhD,High,7
S3000,Emma,Brown,student2000@university.edu,Female,21,Business,72.44,91.37,43.71,65.79,56.74,69.5,81.77,61.134,D,4.2,No,Yes,Master's,Medium,5
S3001,Emma,Davis,student2001@university.edu,Female,18,Engineering,64.52,60.76,47.08,94.92,88.69,13.4,45.75,55.092,E,4.7,No,Yes,High School,Low,2
S3002,Liam,Davis,student2002@university.edu,Female,21,Business,76.78,94.9,79.5,75.59,78.66,59.7,74.85,78.819,C,1.9,No,Yes,Master's,Low,10
S3003,Liam,Brown,student2003@university.edu,Male,18,Business,91.61,68.28,50.19,72.62,85.14,68.3,83.92,61.265,D,2.2,Yes,Yes,High School,Medium,7
S3004,Liam,Brown,student2004@university.edu,Female,23,Engineering,80.92,86.34,40.52,80.93,54.21,55.9,57.6,58.085,E,3.0,No,Yes,High School,Medium,9
S3005,Omar,Johnson,student2005@university.edu,Female,24,Engineering,62.08,67.88,41.84,92.91,60.38,84.7,63.27,63.193,D,4.9,No,Yes,High School,Low,3
S3006,Liam,Johnson,student2006@university.edu,Male,21,Business,92.14,77.01,99.78,91.27,50.95,26.7,77.73,76.835,C,8.8,No,Yes,High School,Medium,1
S3007,Liam,Brown,student2007@university.edu,Female,21,Mathematics,55.56,76.94,96.62,61.67,98.44,81.4,82.23,79.325,C,5.6,No,Yes,Bachelor's,High,1
S3008,Maria,Brown,student2008@university.edu,Female,18,CS,88.33,55.41,62.36,68.5,99.79,35.7,91.63,65.682,D,1.8,No,No,None,Medium,5
S3009,Omar,Jones,student2009@university.edu,Female,22,Business,80.0,78.34,74.31,75.72,98.62,28.4,81.43,72.678,C,9.0,No,Yes,None,Medium,7
S3010,John,Williams,student2010@university.edu,Male,18,Business,62.01,43.13,89.55,53.12,87.5,70.1,56.5,68.087,D,6.5,Yes,Yes,Master's,Medium,7
S3011,Omar,Johnson,student2011@university.edu,Female,24,Business,64.41,50.43,81.04,50.41,74.61,32.4,97.46,64.803,D,5.2,No,Yes,Bachelor's,High,7
S3012,Omar,Brown,student2012@university.edu,Female,19,CS,98.96,83.07,58.37,95.65,60.05,44.4,59.73,62.828,D,6.1,No,Yes,PhD,Medium,1
S3013,Ali,Davis,student2013@university.edu,Female,22,Engineering,75.76,70.31,68.03,94.75,58.11,75.2,59.94,70.737,C,5.2,No,No,Bachelor's,Medium,8
S3014,Liam,Johnson,student2014@university.edu,Female,20,Business,53.05,90.56,76.44,70.96,59.19,47.1,74.88,62.353,D,5.0,No,Yes,None,Medium,1
S3015,Liam,Jones,student2015@university.edu,Male,19,CS,60.41,56.29,44.78,96.49,92.45,62.5,80.07,67.388,D,7.1,No,Yes,High School,Medium,7
S3016,Ali,Smith,student2016@university.edu,Female,22,Engineering,88.11,63.39,60.0,97.86,76.02,75.2,55.75,66.528,D,8.7,Yes,Yes,Master's,Medium,2
S3017,Ahmed,Williams,student2017@university.edu,Female,20,CS,59.52,41.9,42.17,52.33,61.88,7.5,97.76,53.642,E,9.0,Yes,Yes,PhD,High,5
S3018,Omar,Williams,student2018@university.edu,Female,18,Business,98.93,47.75,47.35,96.95,66.39,29.1,93.6,62.313,D,7.5,No,Yes,PhD,Low,6
S3019,Ahmed,Jones,student2019@university.edu,Male,21,Business,83.69,47.13,74.59,96.2,67.97,93.7,71.56,70.707,C,5.0,Yes,Yes,PhD,Low,8
S3020,John,Davis,student2020@university.edu,Male,18,Mathematics,85.36,65.55,98.75,89.86,54.36,14.5,93.05,69.372,D,2.1,Yes,Yes,Master's,Low,2
S3021,John,Brown,student2021@university.edu,Male,24,Engineering,84.45,94.59,49.94,72.83,86.53,73.4,78.55,63.739,D,4.1,Yes,Yes,Bachelor's,Low,5
S3022,Omar,Jones,student2022@university.edu,Male,24,Business,61.99,42.41,64.39,63.28,87.52,98.0,56.35,62.476,D,9.6,Yes,Yes,None,Low,3
S3023,Sara,Davis,student2023@university.edu,Male,18,Business,67.62,58.49,77.82,57.11,59.87,51.8,91.04,59.659,E,1.4,No,Yes,Bachelor's,Medium,4
S3024,Omar,Davis,student2024@university.edu,Male,20,Engineering,88.31,62.11,83.62,69.81,89.58,37.9,49.42,68.427,D,8.2,Yes,Yes,Bachelor's,Low,1
S3025,Maria,Brown,student2025@university.edu,Female,23,Business,89.04,72.14,52.53,96.05,70.35,70.5,53.49,66.364,D,3.4,No,Yes,High School,Medium,1
S3026,Emma,Johnson,student2026@university.edu,Female,20,CS,59.11,50.28,80.02,54.97,62.75,80.8,44.77,64.372,D,3.2,Yes,Yes,Bachelor's,Medium,2
S3027,Sara,Davis,student2027@university.edu,Female,23,Mathematics,90.81,52.83,54.38,53.13,72.93,21.8,77.56,58.741,E,3.8,Yes,Yes,PhD,Medium,3
S3028,Liam,Smith,student2028@university.edu,Male,21,Mathematics,61.34,48.1,82.77,78.67,89.21,92.7,87.49,78.034,C,6.5,No,Yes,Bachelor's,Low,9
S3029,Liam,Brown,student2029@university.edu,Female,24,Mathematics,61.32,73.64,41.57,78.84,99.18,3.2,74.33,62.029,D,9.7,No,Yes,None,Medium,4
S3030,Sara,Williams,student2030@university.edu,Male,21,Mathematics,80.92,63.21,97.24,63.42,98.77,84.8,41.31,78.943,C,8.5,Yes,Yes,None,Medium,5
S3031,Emma,Williams,student2031@university.edu,Female,21,Engineering,75.82,96.05,53.17,63.13,73.99,13.4,98.54,68.023,D,8.8,No,Yes,None,Low,8
S3032,Sara,Smith,student2032@university.edu,Female,19,Engineering,94.49,57.88,89.4,98.87,82.61,70.5,59.67,80.176,B,8.6,No,No,None,Low,7
S3033,Liam,Brown,student2033@university.edu,Female,19,CS,69.62,72.71,53.64,57.45,63.71,29.2,79.02,58.805,E,5.2,No,Yes,Bachelor's,Medium,1
S3034,Maria,Williams,student2034@university.edu,Male,23,Business,64.47,67.62,53.89,63.88,55.91,77.3,45.99,55.431,E,1.9,No,Yes,Bachelor's,High,5
S3035,Ali,Johnson,student2035@university.edu,Male,20,Engineering,87.54,98.13,54.39,58.32,50.4,55.7,84.62,59.782,E,2.2,No,Yes,High School,High,7
S3036,Ahmed,Brown,student2036@university.edu,Female,22,Mathematics,85.31,76.93,83.28,60.4,66.84,59.0,93.26,69.149,D,1.8,Yes,No,None,Medium,2
S3037,Omar,Smith,student2037@university.edu,Female,24,Mathematics,51.92,96.54,86.98,82.57,94.3,32.0,50.28,74.774,C,3.6,No,Yes,High School,Medium,5
S3038,Ahmed,Brown,student2038@university.edu,Male,19,Mathematics,70.3,65.89,50.76,62.59,80.54,18.0,90.72,58.842,E,4.4,Yes,Yes,Master's,Medium,1
S3039,Sara,Smith,student2039@university.edu,Female,19,Mathematics,75.23,97.97,81.71,70.07,72.6,26.5,83.84,75.486,C,8.5,Yes,Yes,None,Low,5
S3040,Omar,Jones,student2040@university.edu,Female,22,CS,91.86,98.39,66.84,94.47,84.67,38.5,87.97,82.252,B,6.3,No,Yes,Bachelor's,High,4
S3041,John,Johnson,student2041@university.edu,Male,21,Business,67.01,45.7,78.7,89.95,60.34,96.8,72.67,76.587,C,7.6,No,Yes,High School,Medium,7
S3042,Omar,Davis,student2042@university.edu,Female,24,Business,96.58,93.79,54.65,61.61,80.03,55.5,95.82,68.153,D,3.0,No,Yes,Bachelor's,Medium,9
S3043,John,Brown,student2043@university.edu,Female,19,Engineering,84.07,84.72,89.09,63.45,65.49,81.1,90.45,74.006,C,5.2,No,Yes,High School,Low,4
S3044,Ali,Williams,student2044@university.edu,Female,19,CS,70.35,64.21,76.74,72.19,77.16,28.8,64.06,70.273,C,9.7,Yes,Yes,None,High,7
S3045,Sara,Davis,student2045@university.edu,Male,21,Engineering,69.71,85.7,94.62,81.92,63.42,48.0,74.78,76.576,C,4.6,Yes,Yes,High School,Medium,3
S3046,John,Jones,student2046@university.edu,Male,22,Business,63.34,69.26,89.69,73.15,61.2,11.7,93.35,71.877,C,6.4,No,Yes,PhD,Low,3
S3047,Ahmed,Williams,student2047@university.edu,Male,23,Mathematics,80.8,84.45,74.44,99.44,72.31,81.9,44.65,75.506,C,7.7,Yes,Yes,High School,Low,6
S3048,Omar,Williams,student2048@university.edu,Male,24,CS,54.26,46.01,71.67,98.66,52.19,99.3,79.62,71.896,C,9.0,No,Yes,None,Medium,10
S3049,Liam,Brown,student2049@university.edu,Female,19,Engineering,52.77,55.14,47.21,84.13,93.08,94.0,83.73,68.181,D,4.6,No,Yes,None,Low,2
S3050,Maria,Williams,student2050@university.edu,Male,22,CS,50.42,57.06,51.93,69.54,53.23,48.1,57.97,54.025,E,2.3,Yes,Yes,High School,High,9
S3051,Ali,Davis,student2051@university.edu,Female,20,Engineering,77.97,90.26,48.0,57.31,62.88,64.1,45.22,56.618,E,4.4,No,Yes,None,Low,8
S3052,Maria,Williams,student2052@university.edu,Female,23,Mathematics,79.36,49.7,85.32,82.06,64.37,16.3,99.89,67.092,D,4.9,No,Yes,Bachelor's,High,4
S3053,Liam,Brown,student2053@university.edu,Female,18,CS,74.16,48.79,76.57,52.63,66.67,5.7,77.42,61.631,D,6.1,Yes,Yes,None,Low,3
S3054,Ahmed,Davis,student2054@university.edu,Female,22,CS,64.64,54.09,98.4,50.99,56.66,64.3,62.55,66.84,D,8.5,No,Yes,None,Medium,9
S3055,Ahmed,Williams,student2055@university.edu,Female,24,Mathematics,58.8,96.57,42.09,95.72,62.03,16.3,69.15,61.53,D,9.8,Yes,Yes,Bachelor's,Medium,8
S3056,Ali,Jones,student2056@university.edu,Female,18,Engineering,93.23,69.79,95.82,90.57,99.84,83.7,76.3,81.331,B,5.7,No,Yes,Master's,Medium,9
S3057,Maria,Johnson,student2057@university.edu,Male,23,Engineering,92.52,66.42,54.02,91.29,94.89,56.6,88.04,69.635,D,5.9,Yes,Yes,Master's,Medium,7
S3058,Maria,Jones,student2058@university.edu,Male,19,Business,80.89,83.25,49.5,82.06,78.9,27.5,67.31,64.154,D,3.3,Yes,Yes,High School,Medium,1
S3059,Emma,Davis,student2059@university.edu,Male,21,Business,75.26,93.41,68.79,70.06,55.74,13.9,76.37,75.722,C,8.2,No,No,None,Low,9
S3060,Liam,Smith,student2060@university.edu,Male,23,Business,83.92,44.39,80.13,57.88,60.78,44.1,87.93,64.583,D,9.0,No,Yes,High School,High,7
S3061,Maria,Brown,student2061@university.edu,Male,19,Business,96.11,69.15,56.07,67.15,93.67,36.3,93.67,67.335,D,9.0,No,Yes,High School,Medium,9
S3062,Liam,Davis,student2062@university.edu,Male,21,CS,82.89,45.08,79.76,54.0,50.06,79.6,44.93,65.467,D,7.5,No,Yes,Master's,Low,2
S3063,Liam,Johnson,student2063@university.edu,Male,18,Business,85.25,74.55,84.77,70.29,93.74,15.1,57.74,73.519,C,7.8,No,Yes,Bachelor's,Low,9
S3064,Maria,Davis,student2064@university.edu,Male,20,Business,54.33,61.09,64.46,78.33,98.96,23.2,82.21,66.21,D,2.2,No,Yes,PhD,Medium,4
S3065,John,Smith,student2065@university.edu,Male,19,CS,76.72,71.14,81.86,50.52,66.84,8.2,88.18,66.004,D,7.5,Yes,No,High School,High,9
S3066,Ali,Smith,student2066@university.edu,Female,23,Engineering,84.45,80.06,56.27,84.02,73.53,71.2,53.05,69.983,D,4.3,No,Yes,Bachelor's,Medium,2
S3067,Sara,Brown,student2067@university.edu,Female,24,Engineering,72.57,77.81,43.0,51.11,96.95,33.2,45.91,57.109,E,6.2,No,Yes,PhD,Medium,5
S3068,John,Jones,student2068@university.edu,Female,21,CS,81.17,99.96,55.21,79.04,84.99,64.7,77.35,77.178,C,7.9,Yes,Yes,High School,High,8
S3069,Omar,Jones,student2069@university.edu,Female,19,Mathematics,87.05,78.74,74.6,52.52,58.64,26.1,89.14,71.548,C,5.7,No,Yes,PhD,Medium,6
S3070,John,Davis,student2070@university.edu,Female,19,CS,97.09,76.12,65.25,71.36,66.43,64.1,47.63,61.427,D,2.3,No,Yes,Master's,Medium,4
S3071,Emma,Williams,student2071@university.edu,Male,20,CS,70.8,44.66,49.9,72.73,69.23,71.6,84.27,64.501,D,8.4,Yes,No,None,Low,9
S3072,Emma,Jones,student2072@university.edu,Female,19,CS,77.87,45.39,79.67,51.58,51.22,40.5,65.54,56.037,E,5.8,No,Yes,PhD,Medium,8
S3073,Ahmed,Smith,student2073@university.edu,Female,19,CS,79.0,90.48,84.82,89.87,61.21,34.8,58.28,78.302,C,9.8,Yes,Yes,PhD,Low,4
S3074,Emma,Jones,student2074@university.edu,Female,18,Business,88.84,45.93,48.31,87.53,63.31,31.7,89.14,59.105,E,6.7,Yes,Yes,Master's,Low,9
S3075,Liam,Jones,student2075@university.edu,Female,22,Mathematics,69.58,80.83,53.06,56.9,88.94,36.8,94.21,67.445,D,6.2,No,Yes,Master's,Low,10
S3076,Emma,Williams,student2076@university.edu,Female,23,Business,86.99,89.02,58.37,90.57,87.91,93.2,83.33,78.244,C,8.6,Yes,Yes,PhD,Medium,1
S3077,Sara,Johnson,student2077@university.edu,Female,24,Mathematics,52.13,59.4,78.21,81.43,53.85,98.1,48.46,68.536,D,7.3,Yes,Yes,High School,Low,7
S3078,Ahmed,Johnson,student2078@university.edu,Male,24,Business,52.12,56.86,44.86,67.73,94.96,0.4,53.23,53.176,E,9.1,No,Yes,None,Medium,2
S3079,Liam,Brown,student2079@university.edu,Female,24,Mathematics,87.55,77.66,61.46,91.04,83.14,67.5,69.03,73.619,C,9.3,Yes,Yes,Master's,Low,7
S3080,Ali,Davis,student2080@university.edu,Male,21,Mathematics,67.22,47.34,84.52,99.6,89.04,71.0,79.51,75.361,C,7.6,No,Yes,Master's,Low,2
S3081,Emma,Williams,student2081@university.edu,Male,20,CS,66.62,63.32,64.34,70.31,68.34,74.3,91.47,69.555,D,8.8,Yes,Yes,Master's,Medium,8
S3082,Emma,Davis,student2082@university.edu,Male,18,CS,72.55,64.92,52.62,72.22,52.69,58.0,78.96,55.086,E,3.9,No,Yes,None,Medium,1
S3083,Sara,Williams,student2083@university.edu,Female,20,Mathematics,92.82,54.44,58.73,78.13,84.63,22.6,52.94,58.747,E,4.8,No,Yes,Bachelor's,Medium,9
S3084,Ahmed,Jones,student2084@university.edu,Female,24,CS,62.92,43.82,88.4,76.76,54.43,82.2,45.71,69.03,D,6.6,No,Yes,None,High,9
S3085,Sara,Jones,student2085@university.edu,Male,18,Business,74.25,56.41,60.69,59.96,64.33,30.8,68.24,50.294,E,2.3,No,Yes,High School,High,7
S3086,Liam,Smith,student2086@university.edu,Male,20,Engineering,85.07,65.56,98.55,86.17,79.86,55.1,54.0,71.126,C,3.9,No,Yes,PhD,High,9
S3087,Liam,Davis,student2087@university.edu,Female,20,CS,96.84,67.67,57.34,79.97,94.19,27.2,66.05,60.61,D,2.0,Yes,Yes,None,Low,8
S3088,Emma,Brown,student2088@university.edu,Male,18,Mathematics,76.94,80.98,89.98,96.18,99.85,71.5,43.01,81.403,B,3.9,No,Yes,Bachelor's,Medium,4
S3089,Maria,Brown,student2089@university.edu,Female,21,CS,88.96,58.25,42.72,60.53,66.35,99.8,49.61,58.791,E,7.2,Yes,Yes,PhD,High,5
S3090,Sara,Jones,student2090@university.edu,Male,18,Mathematics,80.64,77.32,53.8,50.18,77.29,37.3,40.99,58.11,E,8.5,No,Yes,Master's,High,8
S3091,Ahmed,Davis,student2091@university.edu,Male,22,Engineering,86.29,43.38,93.68,80.6,78.58,48.1,99.98,66.451,D,1.9,Yes,Yes,None,Low,10
S3092,Omar,Williams,student2092@university.edu,Female,20,Engineering,99.14,96.35,84.19,93.6,61.2,52.5,44.07,78.717,C,7.7,No,No,PhD,High,9
S3093,Ali,Johnson,student2093@university.edu,Female,24,Mathematics,75.59,88.33,41.81,59.85,50.07,93.0,52.55,56.547,E,1.7,No,Yes,Master's,Medium,9
S3094,Maria,Davis,student2094@university.edu,Male,23,CS,85.36,76.02,73.39,58.47,94.17,29.3,72.85,73.109,C,9.3,No,Yes,Bachelor's,Medium,2
S3095,Ahmed,Johnson,student2095@university.edu,Male,22,Business,65.12,88.47,88.4,85.32,83.55,64.1,58.25,73.629,C,4.9,Yes,Yes,None,High,5
S3096,Ahmed,Jones,student2096@university.edu,Female,22,Business,55.03,78.0,87.79,71.9,80.9,30.7,73.76,70.401,C,4.0,No,Yes,High School,High,10
S3097,Omar,Davis,student2097@university.edu,Male,24,Mathematics,53.4,82.95,91.09,89.95,68.86,40.5,45.64,78.984,C,7.1,No,Yes,Master's,Medium,7
S3098,Ahmed,Jones,student2098@university.edu,Male,19,Mathematics,68.92,53.63,63.1,50.69,52.85,25.7,63.29,52.233,E,2.5,No,Yes,High School,Low,2
S3099,Ali,Brown,student2099@university.edu,Male,20,CS,63.28,67.95,44.38,81.78,66.61,33.5,73.86,60.662,D,7.0,No,Yes,Master's,Medium,10
S3100,Ali,Jones,student2100@university.edu,Male,18,Engineering,85.77,77.3,72.85,59.2,74.21,75.1,70.92,72.703,C,8.2,No,Yes,Bachelor's,Low,8
S3101,Emma,Jones,student2101@university.edu,Female,23,Business,99.21,70.52,52.59,57.2,98.86,15.9,48.11,49.755,F,3.9,No,Yes,Bachelor's,Low,5
S3102,Emma,Williams,student2102@university.edu,Male,23,Engineering,57.16,52.46,98.38,60.48,58.23,9.2,44.35,58.974,E,6.2,No,Yes,High School,Medium,10
S3103,Ali,Williams,student2103@university.edu,Female,22,CS,60.35,49.97,46.96,96.26,77.41,67.9,91.76,62.772,D,4.5,Yes,Yes,None,Low,8
S3104,Omar,Davis,student2104@university.edu,Male,19,Mathematics,58.72,44.19,57.84,80.02,92.58,73.7,40.56,58.747,E,2.0,Yes,Yes,PhD,Medium,5
S3105,John,Johnson,student2105@university.edu,Female,19,Business,58.49,78.95,59.73,93.17,79.28,7.8,61.32,70.031,C,9.5,Yes,Yes,Master's,High,2
S3106,Omar,Davis,student2106@university.edu,Female,23,Business,59.94,73.2,83.76,95.81,74.66,8.0,70.17,67.987,D,1.8,No,Yes,Master's,High,5
S3107,John,Smith,student2107@university.edu,Male,23,Engineering,75.68,65.97,81.87,98.74,76.38,18.2,79.19,69.472,D,8.2,No,No,PhD,Medium,4
S3108,Emma,Jones,student2108@university.edu,Male,20,CS,59.31,55.5,70.08,87.79,66.82,47.0,93.89,62.508,D,5.0,No,Yes,Master's,Low,6
S3109,Liam,Jones,student2109@university.edu,Female,18,CS,61.77,95.56,84.24,65.17,50.17,87.4,67.7,67.278,D,2.9,No,Yes,Master's,Medium,10
S3110,Ali,Brown,student2110@university.edu,Male,18,Mathematics,95.2,43.18,75.11,83.08,94.01,30.9,56.88,59.855,E,6.8,No,Yes,Bachelor's,Low,2
S3111,Omar,Jones,student2111@university.edu,Male,22,Business,77.61,82.46,69.61,55.12,54.19,76.5,72.39,66.153,D,5.1,No,Yes,None,Low,10
S3112,Ali,Smith,student2112@university.edu,Male,19,Business,58.31,71.78,63.53,86.71,54.88,78.5,42.23,68.685,D,7.8,Yes,Yes,Master's,Low,1
S3113,Emma,Johnson,student2113@university.edu,Male,22,CS,96.26,90.17,66.53,68.74,67.28,21.7,78.39,70.775,C,9.5,Yes,Yes,Bachelor's,High,1
S3114,Omar,Williams,student2114@university.edu,Female,21,Business,97.96,84.41,63.68,85.4,57.88,59.6,89.79,65.642,D,8.9,Yes,Yes,PhD,High,1
S3115,Omar,Johnson,student2115@university.edu,Female,19,Mathematics,77.19,43.55,96.22,66.06,54.89,62.2,76.88,68.231,D,8.7,No,Yes,PhD,Low,5
S3116,Liam,Davis,student2116@university.edu,Female,22,Engineering,63.3,61.81,44.3,78.59,52.06,19.3,60.32,59.36,E,8.0,Yes,Yes,None,Medium,10
S3117,John,Smith,student2117@university.edu,Male,23,Mathematics,88.78,83.95,44.67,94.25,86.37,74.8,55.02,67.566,D,4.0,Yes,Yes,Bachelor's,Low,9
S3118,John,Brown,student2118@university.edu,Female,24,CS,85.72,98.43,63.28,83.05,61.96,88.2,45.4,69.829,D,1.3,Yes,No,PhD,Low,2
S3119,Emma,Brown,student2119@university.edu,Male,22,Engineering,86.85,85.52,96.25,91.38,51.44,29.1,96.75,82.445,B,7.4,No,Yes,PhD,High,1
S3120,Omar,Davis,student2120@university.edu,Female,24,Business,85.94,51.38,58.21,72.59,83.32,40.2,75.4,64.176,D,3.8,No,Yes,High School,High,5
S3121,Ahmed,Johnson,student2121@university.edu,Male,18,Engineering,72.16,42.43,48.67,88.16,84.43,28.7,64.97,47.991,F,2.0,No,Yes,None,Medium,5
S3122,Ali,Davis,student2122@university.edu,Male,22,Business,92.39,66.49,74.88,85.14,68.85,42.4,71.11,60.434,D,3.7,Yes,Yes,Master's,Low,10
S3123,Sara,Davis,student2123@university.edu,Female,19,Mathematics,81.25,95.57,44.06,59.7,73.35,34.5,51.39,58.761,E,4.5,No,Yes,Bachelor's,Low,3
S3124,Omar,Johnson,student2124@university.edu,Male,18,Business,67.44,85.13,85.98,86.42,73.39,8.6,63.85,77.532,C,8.0,No,Yes,Bachelor's,Low,7
S3125,Liam,Brown,student2125@university.edu,Female,24,Engineering,56.58,93.06,89.87,86.62,61.57,32.4,71.35,73.369,C,2.4,No,Yes,High School,Medium,9
S3126,Sara,Brown,student2126@university.edu,Male,23,Engineering,50.42,88.75,44.79,59.51,70.89,27.0,57.9,55.733,E,5.2,Yes,Yes,None,Medium,9
S3127,Omar,Smith,student2127@university.edu,Female,23,Business,84.33,69.65,69.61,71.0,92.0,45.5,47.74,60.314,D,3.0,No,Yes,None,Low,2
S3128,Liam,Brown,student2128@university.edu,Male,21,CS,90.55,73.49,90.28,88.06,97.25,29.8,81.76,80.796,B,7.8,No,Yes,PhD,High,9
S3129,Omar,Smith,student2129@university.edu,Male,24,Business,67.67,80.33,43.58,91.02,75.67,96.3,88.14,68.728,D,9.2,Yes,Yes,None,High,3
S3130,Omar,Jones,student2130@university.edu,Male,22,Business,73.57,75.07,65.39,93.8,61.91,83.3,43.17,67.971,D,6.0,No,No,Master's,Medium,4
S3131,Maria,Jones,student2131@university.edu,Male,19,Engineering,99.51,95.34,81.05,99.99,93.19,76.3,90.98,91.702,A,9.4,Yes,Yes,None,Low,5
S3132,Maria,Brown,student2132@university.edu,Female,19,Engineering,96.09,57.14,99.43,88.75,89.0,90.2,44.92,75.923,C,7.1,Yes,Yes,PhD,High,2
S3133,Emma,Brown,student2133@university.edu,Male,24,CS,60.74,86.51,81.18,74.03,72.67,32.5,51.07,76.456,C,8.6,Yes,Yes,None,Low,4
S3134,Sara,Davis,student2134@university.edu,Male,21,Engineering,93.81,90.38,74.25,70.13,90.68,95.8,45.48,70.871,C,9.0,No,No,PhD,Medium,3
S3135,Sara,Williams,student2135@university.edu,Female,18,Business,77.04,80.35,75.15,87.19,86.07,49.6,92.86,81.041,B,8.8,Yes,Yes,PhD,Medium,3
S3136,Ali,Johnson,student2136@university.edu,Female,20,CS,69.34,41.63,52.1,79.7,54.54,29.0,60.89,53.075,E,1.5,Yes,Yes,Bachelor's,Low,3
S3137,John,Smith,student2137@university.edu,Female,23,CS,63.72,65.07,93.83,77.29,51.62,9.9,62.95,73.343,C,9.3,No,Yes,None,Medium,8
S3138,Emma,Jones,student2138@university.edu,Male,24,Engineering,95.3,62.11,54.91,51.31,60.22,73.1,75.9,57.922,E,4.1,Yes,Yes,None,High,5
S3139,Ahmed,Jones,student2139@university.edu,Female,19,Engineering,76.23,85.94,62.08,72.72,64.86,29.7,47.72,62.966,D,9.2,Yes,Yes,High School,Low,10
S3140,Ahmed,Williams,student2140@university.edu,Male,18,Engineering,88.61,59.04,58.25,70.71,70.11,26.7,71.27,61.053,D,3.9,Yes,Yes,High School,High,10
S3141,Emma,Jones,student2141@university.edu,Female,22,Mathematics,61.48,98.68,68.72,93.47,68.63,1.2,54.14,68.041,D,1.2,No,Yes,Master's,High,7
S3142,John,Williams,student2142@university.edu,Female,24,Engineering,97.45,66.95,89.82,95.55,75.0,57.7,82.5,75.094,C,4.1,Yes,No,Bachelor's,Low,9
S3143,Liam,Williams,student2143@university.edu,Female,23,Engineering,62.48,79.33,63.0,87.8,78.69,9.4,61.54,62.188,D,2.6,No,Yes,Bachelor's,Low,5
S3144,Ahmed,Brown,student2144@university.edu,Male,21,Engineering,56.82,42.29,45.46,98.98,80.79,40.7,77.92,53.953,E,3.9,Yes,Yes,Master's,Low,9
S3145,Maria,Jones,student2145@university.edu,Male,20,CS,63.46,89.18,62.34,60.93,51.04,69.8,92.31,73.007,C,9.2,Yes,Yes,High School,High,5
S3146,John,Brown,student2146@university.edu,Male,22,CS,76.93,48.62,66.69,65.43,72.08,94.6,52.15,62.354,D,7.1,No,Yes,PhD,High,8
S3147,Ahmed,Smith,student2147@university.edu,Male,23,Business,74.37,50.52,89.72,55.89,82.57,48.1,44.07,59.369,E,5.3,No,Yes,Bachelor's,Low,8
S3148,Maria,Davis,student2148@university.edu,Male,18,Engineering,53.1,99.04,61.85,75.23,93.96,46.2,76.36,70.947,C,2.8,Yes,Yes,PhD,High,9
S3149,Liam,Johnson,student2149@university.edu,Male,23,Mathematics,65.08,64.01,88.01,99.74,93.06,44.3,40.71,67.688,D,3.6,Yes,Yes,Bachelor's,Medium,7
S3150,Omar,Johnson,student2150@university.edu,Male,23,Engineering,59.92,73.67,48.65,77.16,95.07,45.0,89.23,64.273,D,3.7,No,Yes,None,Medium,8
S3151,Ahmed,Smith,student2151@university.edu,Male,22,Mathematics,76.16,72.96,58.93,92.84,60.03,11.3,99.41,69.169,D,6.6,Yes,Yes,Bachelor's,Medium,6
S3152,Sara,Williams,student2152@university.edu,Female,23,CS,66.36,46.09,78.46,62.1,85.33,69.7,75.08,68.015,D,1.6,No,No,High School,Medium,10
S3153,Sara,Davis,student2153@university.edu,Male,19,Mathematics,65.98,96.57,71.81,78.45,52.82,79.1,51.33,65.575,D,2.8,Yes,Yes,Master's,High,10
S3154,Emma,Smith,student2154@university.edu,Male,23,Mathematics,76.03,70.91,46.34,66.31,99.04,55.4,81.34,67.909,D,9.9,Yes,Yes,Master's,Medium,4
S3155,Emma,Brown,student2155@university.edu,Female,20,Engineering,70.82,59.25,60.17,93.12,76.79,47.9,88.51,74.243,C,9.6,No,Yes,Master's,Low,6
S3156,Ahmed,Davis,student2156@university.edu,Female,22,CS,73.06,73.86,41.02,58.81,93.33,88.8,61.06,59.144,E,3.1,Yes,No,High School,Medium,6
S3157,Emma,Jones,student2157@university.edu,Female,19,CS,91.4,49.94,83.62,72.58,51.32,97.9,81.68,72.425,C,2.8,No,Yes,PhD,Low,8
S3158,Emma,Brown,student2158@university.edu,Female,19,Engineering,88.11,56.46,63.47,50.46,58.71,60.3,79.55,55.381,E,7.2,No,Yes,Bachelor's,High,9
S3159,Emma,Jones,student2159@university.edu,Male,19,Mathematics,64.15,77.99,82.98,67.97,77.32,30.8,54.2,61.276,D,6.9,No,Yes,Bachelor's,Medium,7
S3160,Emma,Smith,student2160@university.edu,Female,23,CS,92.46,60.15,45.02,84.63,89.92,59.3,79.78,69.25,D,7.5,No,Yes,Master's,Low,4
S3161,Emma,Smith,student2161@university.edu,Female,24,CS,83.46,71.15,53.25,90.31,54.68,79.5,42.85,59.84,E,6.8,No,Yes,Master's,Low,9
S3162,Liam,Johnson,student2162@university.edu,Female,23,CS,52.9,63.82,40.47,98.2,89.48,79.5,99.94,64.037,D,3.9,No,Yes,PhD,Medium,8
S3163,Liam,Johnson,student2163@university.edu,Female,22,Mathematics,98.16,41.27,84.73,64.47,93.81,65.3,41.95,62.579,D,7.9,No,Yes,High School,Low,1
S3164,Emma,Johnson,student2164@university.edu,Male,20,Engineering,86.93,40.34,46.84,88.37,79.21,28.7,72.92,56.119,E,2.6,Yes,Yes,Bachelor's,High,4
S3165,Sara,Brown,student2165@university.edu,Female,22,CS,88.93,83.3,98.84,59.16,98.92,66.0,63.66,79.135,C,8.4,No,Yes,Bachelor's,High,6
S3166,Ali,Jones,student2166@university.edu,Male,23,Business,87.55,44.24,82.14,54.79,52.14,17.8,46.35,53.795,E,1.3,No,Yes,Bachelor's,Low,2
S3167,Ahmed,Johnson,student2167@university.edu,Male,23,Engineering,56.89,62.36,61.54,54.25,69.31,52.0,57.61,60.207,D,8.2,No,Yes,High School,Medium,4
S3168,Liam,Jones,student2168@university.edu,Male,20,Engineering,68.03,75.18,44.11,71.94,81.57,51.1,76.85,56.042,E,3.6,Yes,Yes,Bachelor's,Medium,5
S3169,Ahmed,Davis,student2169@university.edu,Male,20,CS,72.25,94.34,68.3,76.46,57.35,55.4,82.26,70.726,C,6.7,Yes,Yes,High School,Low,10
S3170,Omar,Williams,student2170@university.edu,Female,19,Mathematics,73.05,86.31,43.33,60.56,94.66,59.8,66.27,62.521,D,2.2,No,Yes,Master's,High,3
S3171,Sara,Jones,student2171@university.edu,Male,19,CS,55.01,91.99,79.95,83.24,74.44,69.0,64.24,72.799,C,2.8,No,Yes,High School,Low,8
S3172,Maria,Johnson,student2172@university.edu,Female,24,CS,95.57,44.89,84.24,86.46,64.76,93.4,98.34,81.51,B,5.3,No,Yes,None,Low,6
S3173,Liam,Jones,student2173@university.edu,Male,20,Mathematics,58.82,70.5,57.11,74.39,61.67,20.3,73.51,57.456,E,4.1,No,Yes,High School,Medium,10
S3174,Liam,Jones,student2174@university.edu,Male,20,CS,80.97,52.81,88.28,82.94,94.7,72.4,99.65,76.938,C,7.7,Yes,Yes,None,Medium,5
S3175,Ahmed,Smith,student2175@university.edu,Male,22,Engineering,78.01,68.44,52.68,56.95,59.49,76.7,78.44,66.365,D,9.4,No,Yes,Bachelor's,Low,5
S3176,Maria,Jones,student2176@university.edu,Female,22,Business,67.4,74.34,54.38,69.02,63.55,83.7,44.34,61.595,D,2.9,No,Yes,High School,Medium,1
S3177,Omar,Smith,student2177@university.edu,Female,23,Engineering,69.47,87.8,64.79,60.54,85.33,79.2,62.04,68.274,D,5.6,No,Yes,High School,Medium,7
S3178,Liam,Smith,student2178@university.edu,Male,20,Business,98.17,98.9,86.28,93.5,73.54,78.1,60.84,81.113,B,8.2,No,Yes,Bachelor's,Low,4
S3179,Sara,Jones,student2179@university.edu,Male,18,Business,68.14,55.18,71.97,60.68,95.49,77.5,96.04,73.042,C,8.7,No,Yes,PhD,Low,8
S3180,Omar,Smith,student2180@university.edu,Female,18,CS,83.18,68.89,96.51,85.69,87.83,76.2,99.24,81.267,B,6.0,Yes,Yes,High School,Low,8
S3181,Liam,Williams,student2181@university.edu,Male,19,CS,77.94,75.55,69.58,56.12,72.42,4.8,84.3,65.576,D,3.2,Yes,Yes,PhD,Low,1
S3182,Omar,Williams,student2182@university.edu,Female,22,CS,64.07,50.9,93.42,85.98,59.64,40.0,63.0,68.652,D,8.0,Yes,Yes,Master's,Low,6
S3183,Omar,Davis,student2183@university.edu,Female,19,CS,71.5,49.32,61.84,96.42,96.28,6.0,70.03,61.431,D,3.1,No,Yes,Bachelor's,Low,9
S3184,Ahmed,Jones,student2184@university.edu,Male,19,Mathematics,92.79,68.5,69.99,59.04,73.07,64.8,61.15,63.483,D,6.0,Yes,Yes,None,High,7
S3185,Ali,Jones,student2185@university.edu,Male,20,Business,83.3,87.35,94.63,92.71,87.09,0.9,44.6,75.088,C,5.5,Yes,Yes,High School,Low,4
S3186,Maria,Jones,student2186@university.edu,Female,23,Engineering,58.14,95.55,45.71,69.94,55.82,88.1,96.02,66.768,D,3.9,Yes,Yes,PhD,Low,3
S3187,Emma,Smith,student2187@university.edu,Male,19,Engineering,93.95,68.62,77.25,77.79,96.11,16.3,48.69,67.867,D,7.6,No,No,Master's,Medium,10
S3188,Liam,Brown,student2188@university.edu,Male,22,CS,52.64,56.29,68.45,80.24,99.81,64.4,40.83,60.707,D,6.1,Yes,Yes,High School,Medium,3
S3189,Ali,Brown,student2189@university.edu,Female,21,Engineering,85.4,87.08,82.85,52.16,82.3,62.4,44.37,70.906,C,5.4,No,Yes,Bachelor's,Medium,9
S3190,Ahmed,Smith,student2190@university.edu,Male,20,Engineering,55.37,90.63,41.99,61.47,77.03,75.1,48.49,61.221,D,2.7,No,Yes,Master's,Medium,1
S3191,Ali,Brown,student2191@university.edu,Female,23,Mathematics,75.36,75.37,72.16,50.0,69.39,10.8,47.28,60.017,D,6.0,Yes,No,High School,High,1
S3192,John,Jones,student2192@university.edu,Male,22,Mathematics,97.2,94.7,70.08,99.66,92.39,66.1,87.52,74.741,C,1.2,Yes,Yes,None,Low,4
S3193,John,Johnson,student2193@university.edu,Female,20,Engineering,68.28,55.49,78.79,53.33,78.14,7.9,58.91,58.049,E,8.4,Yes,Yes,PhD,High,6
S3194,Maria,Williams,student2194@university.edu,Male,21,CS,78.62,98.95,87.86,89.91,67.57,26.7,52.36,69.695,D,2.5,No,No,None,Low,9
S3195,John,Jones,student2195@university.edu,Female,22,Business,61.41,45.01,74.97,58.5,73.37,6.2,40.19,56.203,E,3.7,No,Yes,PhD,Low,9
S3196,Liam,Davis,student2196@university.edu,Female,21,Business,93.78,68.63,58.2,80.83,79.55,29.8,57.96,62.816,D,7.5,Yes,Yes,PhD,Medium,3
S3197,Maria,Smith,student2197@university.edu,Female,24,Engineering,59.79,77.59,92.44,65.83,52.43,4.9,81.22,69.078,D,4.6,No,Yes,High School,Low,2
S3198,Sara,Johnson,student2198@university.edu,Male,24,CS,69.02,66.0,65.61,96.8,64.98,19.0,89.69,71.372,C,7.2,No,Yes,None,Medium,4
S3199,John,Williams,student2199@university.edu,Male,24,CS,97.45,76.57,93.92,75.65,87.18,97.0,91.45,83.877,B,4.4,No,Yes,High School,Medium,7
S3200,Liam,Brown,student2200@university.edu,Female,24,CS,84.25,53.98,44.57,90.97,78.09,29.8,88.37,64.453,D,3.6,No,Yes,Bachelor's,Low,5
S3201,Omar,Smith,student2201@university.edu,Female,21,Engineering,78.95,69.06,91.72,60.22,53.41,14.8,96.2,66.581,D,9.3,No,Yes,None,Medium,5
S3202,John,Jones,student2202@university.edu,Female,20,CS,93.91,50.68,58.52,92.28,87.17,52.8,78.88,66.793,D,3.3,No,Yes,Bachelor's,High,9
S3203,Sara,Johnson,student2203@university.edu,Female,19,Engineering,67.13,85.61,76.02,75.51,51.23,56.3,52.94,67.264,D,4.6,No,Yes,High School,Medium,2
S3204,Emma,Davis,student2204@university.edu,Female,24,Business,59.64,72.5,48.59,58.19,59.9,84.4,82.77,66.62,D,9.2,Yes,Yes,Bachelor's,Low,3
S3205,Ali,Davis,student2205@university.edu,Female,23,Engineering,94.22,92.67,78.9,57.74,65.61,64.3,97.51,72.342,C,6.1,No,Yes,Master's,Medium,2
S3206,Ahmed,Smith,student2206@university.edu,Male,21,Business,95.34,84.82,92.83,77.97,89.93,64.6,87.3,76.074,C,3.7,No,Yes,Bachelor's,Low,2
S3207,Liam,Brown,student2207@university.edu,Female,23,Mathematics,60.28,62.39,76.55,59.2,58.3,56.3,85.24,75.168,C,9.5,Yes,Yes,None,Low,5
S3208,Omar,Davis,student2208@university.edu,Male,22,CS,90.79,63.4,84.57,64.84,79.35,79.5,84.55,75.823,C,3.1,No,Yes,None,High,6
S3209,Sara,Davis,student2209@university.edu,Female,23,Mathematics,67.65,68.62,56.25,77.88,86.95,61.7,70.92,64.589,D,3.1,No,Yes,None,High,9
S3210,Sara,Jones,student2210@university.edu,Male,24,Business,71.51,42.93,83.11,96.41,52.81,44.2,93.38,62.427,D,4.3,Yes,Yes,High School,Medium,7
S3211,Sara,Jones,student2211@university.edu,Male,18,Engineering,82.93,40.49,67.51,69.95,66.24,6.3,43.31,55.908,E,7.3,No,Yes,High School,High,8
S3212,Omar,Williams,student2212@university.edu,Female,20,Mathematics,55.36,64.25,70.91,90.2,97.5,89.7,50.53,70.228,C,7.0,Yes,Yes,None,Medium,1
S3213,Liam,Johnson,student2213@university.edu,Female,18,Engineering,79.85,89.73,88.88,66.86,56.31,93.9,90.93,84.412,B,7.6,No,No,PhD,Medium,5
S3214,John,Smith,student2214@university.edu,Male,24,Business,91.72,50.46,49.16,73.86,79.22,73.8,43.12,57.915,E,4.7,No,Yes,None,Medium,6
S3215,Ali,Johnson,student2215@university.edu,Female,20,Business,98.52,69.83,66.28,84.79,75.62,34.6,95.62,72.762,C,5.2,Yes,Yes,None,Low,2
S3216,Sara,Williams,student2216@university.edu,Male,22,Mathematics,67.72,54.14,84.5,62.82,98.37,86.8,66.06,67.716,D,4.1,No,Yes,Bachelor's,Medium,7
S3217,Sara,Jones,student2217@university.edu,Male,21,Mathematics,65.34,79.53,67.76,77.02,55.01,84.6,99.41,79.101,C,9.5,Yes,No,None,Low,1
S3218,Emma,Johnson,student2218@university.edu,Female,23,Mathematics,86.95,43.05,87.31,77.32,94.97,59.0,76.36,72.019,C,3.5,No,Yes,Master's,High,10
S3219,Liam,Brown,student2219@university.edu,Female,24,Business,89.21,90.53,70.9,73.55,94.17,26.1,75.47,70.369,C,3.5,No,No,PhD,Low,4
S3220,Liam,Johnson,student2220@university.edu,Female,24,Business,59.77,67.29,62.15,78.22,74.54,78.3,54.31,66.592,D,7.6,No,Yes,Bachelor's,Medium,7
S3221,Emma,Johnson,student2221@university.edu,Female,19,Business,66.0,67.49,43.25,88.81,93.14,5.9,61.75,57.63,E,6.1,Yes,Yes,High School,Low,6
S3222,Maria,Brown,student2222@university.edu,Male,22,Mathematics,85.95,43.74,61.72,95.88,85.95,85.5,72.18,67.217,D,4.4,No,Yes,PhD,Medium,6
S3223,Emma,Davis,student2223@university.edu,Male,20,CS,51.91,76.42,97.66,86.98,96.43,61.1,49.25,77.356,C,5.9,No,No,None,High,10
S3224,John,Smith,student2224@university.edu,Female,22,Business,97.93,66.85,74.64,81.83,92.56,41.0,56.79,66.231,D,6.2,No,Yes,High School,Medium,5
S3225,Liam,Johnson,student2225@university.edu,Male,21,Engineering,89.88,76.89,84.96,95.57,74.74,47.3,88.33,71.61,C,5.8,No,Yes,High School,Medium,3
S3226,Ali,Smith,student2226@university.edu,Male,23,CS,98.28,97.54,93.56,58.1,92.13,6.2,88.49,79.336,C,8.4,No,Yes,Master's,Low,2
S3227,Liam,Davis,student2227@university.edu,Male,22,Business,59.65,69.4,87.65,77.66,73.33,51.3,57.7,68.561,D,6.7,Yes,Yes,None,Medium,3
S3228,Ahmed,Brown,student2228@university.edu,Male,18,Engineering,93.98,55.45,69.31,54.07,84.76,20.8,55.83,47.761,F,1.9,No,Yes,High School,Low,10
S3229,Ahmed,Jones,student2229@university.edu,Female,20,Mathematics,77.76,84.63,99.13,61.15,60.92,72.9,43.04,74.455,C,4.2,No,Yes,Master's,Low,4
S3230,Ali,Jones,student2230@university.edu,Female,23,Business,86.09,66.09,78.29,97.92,90.33,36.5,46.83,69.374,D,8.1,No,Yes,PhD,Medium,1
S3231,Liam,Davis,student2231@university.edu,Female,21,Business,61.89,58.81,63.69,56.86,53.98,59.1,66.64,56.122,E,3.7,Yes,No,None,High,2
S3232,John,Johnson,student2232@university.edu,Female,21,Mathematics,61.37,68.22,69.36,69.91,73.59,25.8,71.6,67.354,D,7.3,Yes,Yes,None,Medium,8
S3233,Omar,Brown,student2233@university.edu,Female,23,Mathematics,75.38,70.64,99.35,70.2,87.17,49.5,51.6,79.814,C,9.7,No,Yes,Bachelor's,Medium,4
S3234,John,Williams,student2234@university.edu,Male,23,CS,57.92,92.15,73.38,88.31,58.47,39.1,46.39,59.478,E,1.5,No,Yes,High School,Low,4
S3235,Omar,Jones,student2235@university.edu,Female,22,CS,98.77,75.12,75.31,50.7,65.38,8.2,64.26,61.997,D,3.1,Yes,Yes,Bachelor's,Low,3
S3236,Sara,Johnson,student2236@university.edu,Male,23,Mathematics,57.98,58.22,55.25,63.17,98.39,75.0,79.8,56.91,E,2.2,No,Yes,Master's,Low,1
S3237,Omar,Brown,student2237@university.edu,Female,24,Mathematics,82.78,81.21,59.39,78.49,65.57,36.7,97.47,69.26,D,5.4,No,Yes,Master's,Medium,2
S3238,John,Brown,student2238@university.edu,Female,19,Business,54.76,91.81,80.71,89.57,56.48,43.4,67.41,77.941,C,9.8,Yes,Yes,Master's,Medium,3
S3239,Omar,Smith,student2239@university.edu,Female,19,Mathematics,92.19,49.28,43.17,93.17,89.59,26.5,73.03,61.862,D,8.2,No,Yes,None,Low,4
S3240,Sara,Jones,student2240@university.edu,Female,20,Engineering,83.45,83.97,53.53,87.93,61.96,96.9,54.99,73.243,C,9.5,No,Yes,PhD,Medium,1
S3241,John,Johnson,student2241@university.edu,Male,24,Mathematics,93.22,73.44,77.38,70.4,58.72,42.8,77.39,64.527,D,2.5,No,Yes,PhD,Medium,8
S3242,Omar,Williams,student2242@university.edu,Male,23,CS,66.97,70.86,96.09,58.06,67.17,46.8,91.1,76.684,C,8.1,Yes,Yes,Master's,Medium,2
S3243,Sara,Johnson,student2243@university.edu,Female,21,Mathematics,62.97,58.66,85.95,82.11,51.98,22.4,64.99,58.349,E,2.1,Yes,Yes,High School,High,4
S3244,Ahmed,Jones,student2244@university.edu,Female,20,Mathematics,71.78,67.8,85.67,63.57,56.25,11.9,89.87,64.064,D,3.6,No,Yes,Master's,Low,2
S3245,Sara,Brown,student2245@university.edu,Female,21,Engineering,87.69,73.35,54.64,97.58,69.95,72.8,45.5,60.639,D,4.1,Yes,Yes,High School,Medium,6
S3246,Sara,Johnson,student2246@university.edu,Male,24,Business,92.76,42.79,90.01,81.67,90.21,44.2,97.37,75.714,C,7.4,Yes,Yes,PhD,Low,4
S3247,Emma,Williams,student2247@university.edu,Male,18,Mathematics,78.94,43.43,67.77,87.36,52.38,19.0,43.84,52.473,E,8.6,No,No,None,Low,10
S3248,Sara,Davis,student2248@university.edu,Male,22,Business,64.84,58.29,50.85,77.4,77.57,78.3,59.89,62.03,D,4.7,Yes,Yes,High School,Low,7
S3249,Omar,Johnson,student2249@university.edu,Male,20,CS,92.74,47.01,66.46,90.04,71.28,29.3,42.34,57.061,E,4.1,Yes,Yes,None,Medium,1
S3250,Emma,Davis,student2250@university.edu,Female,21,CS,51.87,48.23,66.06,91.38,85.76,91.1,45.26,64.973,D,6.4,Yes,Yes,PhD,Medium,3
S3251,Sara,Davis,student2251@university.edu,Female,20,CS,54.0,88.52,80.73,52.48,50.86,13.8,43.19,62.058,D,2.2,Yes,Yes,PhD,High,6
S3252,John,Smith,student2252@university.edu,Male,22,Mathematics,82.96,70.43,59.15,79.33,56.4,48.2,94.75,64.911,D,3.6,No,Yes,PhD,Low,6
S3253,Maria,Williams,student2253@university.edu,Male,20,CS,75.1,80.82,58.79,50.9,67.88,54.8,66.35,58.477,E,4.0,No,No,High School,High,8
S3254,Liam,Brown,student2254@university.edu,Male,19,Mathematics,71.92,56.43,98.05,97.95,50.79,80.9,99.29,77.842,C,6.2,No,Yes,PhD,Medium,4
S3255,Sara,Brown,student2255@university.edu,Male,22,Business,68.45,76.74,97.69,53.24,82.91,33.8,53.87,64.907,D,5.6,Yes,Yes,Bachelor's,Medium,10
S3256,Omar,Smith,student2256@university.edu,Female,23,Mathematics,53.06,62.32,80.86,62.56,59.24,60.3,71.76,61.975,D,2.2,Yes,Yes,Bachelor's,Medium,10
S3257,Sara,Johnson,student2257@university.edu,Male,24,Engineering,92.93,43.41,66.9,76.96,63.61,58.6,60.26,56.518,E,3.8,Yes,No,None,Medium,9
S3258,Sara,Brown,student2258@university.edu,Female,24,Engineering,83.61,60.95,93.47,54.31,53.26,92.2,69.63,69.978,D,5.2,Yes,Yes,PhD,Low,3
S3259,Omar,Johnson,student2259@university.edu,Female,19,CS,58.9,72.36,65.38,94.2,70.74,21.6,70.21,65.659,D,7.3,No,Yes,Bachelor's,Medium,9
S3260,Omar,Williams,student2260@university.edu,Female,19,Engineering,55.22,50.96,72.25,78.55,99.82,6.6,47.44,62.86,D,5.8,No,Yes,PhD,High,7
S3261,Sara,Jones,student2261@university.edu,Female,18,Mathematics,58.86,49.88,68.36,83.0,90.7,78.0,99.58,67.36,D,1.4,Yes,Yes,High School,High,6
S3262,Maria,Smith,student2262@university.edu,Male,20,Mathematics,91.17,42.11,57.51,78.42,76.6,85.1,86.7,72.054,C,9.8,No,Yes,None,High,10
S3263,Emma,Davis,student2263@university.edu,Female,21,Business,90.45,81.17,86.76,66.21,83.33,99.2,87.1,73.838,C,2.8,No,Yes,PhD,Low,1
S3264,Maria,Davis,student2264@university.edu,Female,18,Engineering,70.86,91.6,58.0,79.5,68.39,56.8,51.64,60.243,D,1.1,No,Yes,Bachelor's,Medium,10
S3265,Maria,Jones,student2265@university.edu,Female,18,Business,79.72,66.01,90.98,67.9,95.76,34.0,57.76,68.912,D,5.2,No,Yes,Master's,Low,7
S3266,Omar,Brown,student2266@university.edu,Male,20,Mathematics,94.44,45.46,82.1,83.81,66.1,78.1,48.67,64.073,D,3.6,No,Yes,Bachelor's,Low,3
S3267,Maria,Brown,student2267@university.edu,Male,21,Business,65.6,96.7,56.39,58.75,59.5,44.5,97.8,65.257,D,3.5,No,Yes,PhD,Low,5
S3268,Ali,Davis,student2268@university.edu,Male,24,CS,90.06,84.47,51.99,99.25,74.17,60.8,76.42,68.454,D,7.7,Yes,Yes,None,Low,6
S3269,Sara,Williams,student2269@university.edu,Male,24,Mathematics,87.04,89.45,58.66,56.44,98.65,98.7,90.61,74.752,C,4.6,Yes,No,Master's,Low,5
S3270,Sara,Smith,student2270@university.edu,Female,22,Mathematics,62.6,62.4,97.3,87.31,98.87,41.8,90.87,79.694,C,4.8,No,Yes,None,Medium,6
S3271,Omar,Smith,student2271@university.edu,Male,19,Engineering,89.65,76.66,80.98,62.56,76.76,41.9,97.98,75.186,C,7.5,No,Yes,PhD,Low,2
S3272,Omar,Williams,student2272@university.edu,Female,18,Mathematics,53.37,80.13,47.79,65.85,74.39,51.8,80.1,68.889,D,7.8,No,Yes,Bachelor's,High,6
S3273,Ahmed,Smith,student2273@university.edu,Female,19,Engineering,71.99,82.6,82.93,88.75,91.91,75.7,98.89,82.292,B,8.0,No,Yes,PhD,High,9
S3274,Ahmed,Davis,student2274@university.edu,Male,22,CS,53.12,49.2,99.29,98.71,96.87,26.7,47.27,76.542,C,6.2,No,No,PhD,Low,9
S3275,Ahmed,Brown,student2275@university.edu,Male,23,Engineering,73.08,70.78,88.7,74.75,85.42,63.4,84.95,77.766,C,2.2,Yes,No,PhD,Medium,5
S3276,Ahmed,Johnson,student2276@university.edu,Male,24,Engineering,97.11,64.7,94.17,65.65,81.91,41.5,59.57,68.83,D,4.7,Yes,Yes,High School,Low,8
S3277,Omar,Williams,student2277@university.edu,Male,22,CS,74.52,73.76,96.91,55.85,79.31,28.7,71.47,73.106,C,4.2,Yes,No,None,Low,1
S3278,Omar,Davis,student2278@university.edu,Male,23,Business,80.77,86.99,78.99,67.68,91.83,34.8,81.59,75.089,C,8.5,No,Yes,Master's,Medium,4
S3279,Sara,Davis,student2279@university.edu,Male,22,CS,74.54,50.69,82.97,79.04,83.75,50.5,60.15,70.247,C,5.4,Yes,Yes,Master's,High,6
S3280,Omar,Williams,student2280@university.edu,Male,23,Mathematics,79.01,48.43,59.39,96.72,86.21,55.8,60.66,67.532,D,6.7,Yes,Yes,Master's,Low,9
S3281,Sara,Johnson,student2281@university.edu,Female,18,Mathematics,86.51,93.12,49.28,80.12,67.07,16.3,62.12,68.77,D,9.6,Yes,Yes,High School,Medium,8
S3282,John,Johnson,student2282@university.edu,Male,22,Mathematics,80.31,60.85,41.05,67.04,94.97,64.3,59.16,54.953,E,3.4,No,Yes,Bachelor's,Low,4
S3283,Liam,Johnson,student2283@university.edu,Male,21,Business,64.77,80.9,65.4,87.23,88.57,98.4,92.9,73.951,C,2.1,No,Yes,High School,Medium,7
S3284,Maria,Davis,student2284@university.edu,Male,19,Engineering,66.45,47.56,86.36,74.54,55.9,24.4,93.21,70.368,C,9.4,No,Yes,None,Low,3
S3285,Maria,Johnson,student2285@university.edu,Male,18,CS,90.43,86.61,71.47,71.09,88.77,48.0,79.6,73.365,C,4.0,Yes,Yes,Bachelor's,Medium,1
S3286,John,Brown,student2286@university.edu,Male,21,CS,75.79,80.43,95.47,51.04,54.3,78.9,99.1,79.083,C,6.4,Yes,Yes,PhD,Low,3
S3287,Ahmed,Brown,student2287@university.edu,Female,21,Engineering,94.22,53.34,65.67,96.02,80.78,45.6,57.55,64.523,D,2.5,No,Yes,Master's,Medium,10
S3288,Emma,Brown,student2288@university.edu,Male,18,Business,73.02,77.22,98.72,79.93,85.57,95.1,75.59,77.544,C,5.8,Yes,Yes,None,Low,1
S3289,John,Smith,student2289@university.edu,Male,21,CS,77.44,95.73,58.6,74.67,91.16,16.2,67.42,66.729,D,4.1,Yes,Yes,None,Medium,9
S3290,Liam,Williams,student2290@university.edu,Male,21,CS,71.34,84.87,48.0,73.28,91.35,83.5,68.25,68.495,D,3.2,No,Yes,Master's,Low,5
S3291,Omar,Williams,student2291@university.edu,Male,19,CS,89.05,88.28,70.04,56.17,51.53,36.4,45.43,62.251,D,5.6,Yes,Yes,PhD,Medium,10
S3292,Sara,Jones,student2292@university.edu,Male,18,CS,62.2,42.56,50.98,84.94,82.4,29.7,61.36,55.249,E,3.4,No,Yes,None,Low,2
S3293,John,Brown,student2293@university.edu,Female,20,CS,82.08,78.21,42.36,87.71,64.3,95.8,45.56,64.392,D,9.0,No,Yes,None,Medium,6
S3294,Maria,Davis,student2294@university.edu,Male,18,Business,60.99,79.55,46.14,57.45,76.08,93.4,54.91,59.099,E,3.3,No,Yes,PhD,Medium,6
S3295,Emma,Jones,student2295@university.edu,Male,23,CS,94.06,48.54,60.21,79.83,95.27,63.1,44.85,59.479,E,6.2,No,No,PhD,Low,10
S3296,Maria,Smith,student2296@university.edu,Male,22,Mathematics,58.9,77.3,52.06,52.54,81.42,13.9,99.08,59.502,E,3.4,Yes,Yes,High School,Medium,2
S3297,John,Johnson,student2297@university.edu,Female,18,Mathematics,90.06,66.35,98.08,91.18,90.32,40.6,67.96,76.846,C,8.4,No,No,None,Medium,10
S3298,Ahmed,Williams,student2298@university.edu,Female,19,Business,56.99,81.69,46.96,99.38,93.51,81.2,76.74,69.331,D,5.8,No,Yes,Master's,Medium,4
S3299,Omar,Brown,student2299@university.edu,Female,23,Business,74.0,60.85,97.09,87.64,69.96,87.1,67.97,73.654,C,1.5,No,Yes,PhD,Medium,6
S3300,John,Jones,student2300@university.edu,Female,22,CS,54.08,46.39,59.5,58.95,79.34,62.3,55.12,58.332,E,4.5,No,Yes,High School,Low,7
S3301,Maria,Davis,student2301@university.edu,Female,20,Business,59.76,56.21,74.83,86.31,55.07,85.6,84.08,64.371,D,1.1,Yes,No,Bachelor's,High,7
S3302,Liam,Williams,student2302@university.edu,Male,24,CS,73.85,43.89,69.35,81.99,85.77,14.5,87.07,55.302,E,1.3,No,Yes,High School,Low,5
S3303,John,Jones,student2303@university.edu,Female,18,CS,99.59,87.93,53.79,93.46,62.04,88.5,89.64,80.829,B,8.6,Yes,Yes,PhD,Medium,5
S3304,Sara,Johnson,student2304@university.edu,Female,24,CS,50.14,59.9,46.03,98.64,61.16,45.8,64.91,53.858,E,7.1,No,Yes,High School,Low,6
S3305,Ahmed,Jones,student2305@university.edu,Female,22,Engineering,66.52,64.03,83.93,55.65,87.01,7.2,97.88,66.022,D,3.1,No,Yes,Bachelor's,High,2
S3306,Emma,Brown,student2306@university.edu,Female,19,Engineering,69.16,44.03,46.65,65.56,50.72,95.1,98.33,64.187,D,7.1,Yes,No,PhD,Low,9
S3307,Ahmed,Williams,student2307@university.edu,Male,18,CS,79.84,54.93,86.62,62.3,61.83,66.7,80.25,72.475,C,4.3,No,Yes,None,High,5
S3308,Ali,Smith,student2308@university.edu,Female,21,Mathematics,76.3,96.42,61.65,57.59,95.21,45.1,59.72,70.305,C,7.1,Yes,No,Bachelor's,Medium,6
S3309,Maria,Davis,student2309@university.edu,Female,19,Business,99.25,61.6,43.35,59.95,93.4,39.3,46.44,53.873,E,6.1,No,Yes,High School,High,9
S3310,Omar,Jones,student2310@university.edu,Female,20,Engineering,67.52,50.95,64.09,82.11,59.1,70.1,69.99,67.495,D,7.1,Yes,Yes,None,High,4
S3311,John,Davis,student2311@university.edu,Male,18,Engineering,54.01,44.28,70.47,69.24,88.56,28.7,48.09,55.94,E,5.5,No,No,Master's,Low,2
S3312,Ali,Johnson,student2312@university.edu,Male,20,Engineering,91.79,42.92,92.31,84.4,50.09,88.4,77.13,64.352,D,1.6,No,Yes,Master's,Low,1
S3313,Liam,Smith,student2313@university.edu,Male,19,CS,91.34,96.25,96.55,73.2,64.59,77.2,84.17,77.332,C,4.8,No,No,Bachelor's,Medium,3
S3314,Ali,Brown,student2314@university.edu,Female,18,Mathematics,72.47,88.56,64.39,57.04,59.94,24.3,92.85,74.28,C,9.7,No,Yes,Master's,Low,8
S3315,Ahmed,Smith,student2315@university.edu,Male,23,Mathematics,70.69,60.56,62.39,90.73,70.02,81.7,89.6,75.419,C,7.9,Yes,Yes,PhD,High,2
S3316,Emma,Smith,student2316@university.edu,Male,19,Engineering,84.3,90.35,65.17,64.84,78.75,88.8,47.35,69.185,D,6.8,Yes,Yes,High School,High,5
S3317,Maria,Davis,student2317@university.edu,Female,23,Engineering,86.56,64.54,87.07,83.86,53.15,22.8,56.49,66.192,D,7.1,Yes,Yes,PhD,Low,6
S3318,Ahmed,Jones,student2318@university.edu,Male,18,Mathematics,66.77,48.02,69.77,74.59,75.74,25.7,63.4,63.272,D,9.3,No,Yes,High School,Low,1
S3319,Maria,Williams,student2319@university.edu,Male,22,Engineering,90.35,90.18,95.62,89.16,51.83,38.6,57.69,75.163,C,4.1,Yes,Yes,None,High,8
S3320,Ali,Davis,student2320@university.edu,Female,23,Mathematics,52.74,77.55,54.62,84.21,92.42,56.8,81.7,69.727,D,8.3,No,Yes,Master's,Medium,1
S3321,Maria,Smith,student2321@university.edu,Female,24,CS,97.94,65.8,67.4,98.44,61.9,69.7,70.63,78.171,C,9.5,Yes,Yes,Master's,Medium,3
S3322,Liam,Johnson,student2322@university.edu,Male,21,CS,77.49,94.2,59.02,52.78,87.14,59.5,86.38,67.648,D,1.5,No,No,High School,Medium,5
S3323,Sara,Smith,student2323@university.edu,Female,19,Mathematics,67.28,87.82,96.52,80.36,83.76,27.8,59.98,74.102,C,2.3,No,Yes,Master's,High,10
S3324,Omar,Johnson,student2324@university.edu,Male,21,Mathematics,66.86,55.41,83.9,86.43,91.69,99.1,42.1,69.558,D,5.8,No,Yes,PhD,Medium,2
S3325,Liam,Brown,student2325@university.edu,Male,24,Mathematics,88.83,97.53,83.2,88.35,70.23,71.5,78.02,83.652,B,7.8,No,Yes,Master's,Low,6
S3326,Sara,Jones,student2326@university.edu,Female,21,CS,61.18,70.57,74.27,65.89,58.64,51.3,71.66,65.252,D,8.1,Yes,Yes,PhD,Medium,1
S3327,Emma,Davis,student2327@university.edu,Male,18,Mathematics,70.42,87.45,73.22,82.91,50.42,98.8,62.26,71.921,C,8.2,Yes,Yes,High School,Low,10
S3328,Omar,Davis,student2328@university.edu,Male,24,CS,96.97,63.29,92.49,74.77,77.96,43.3,99.89,75.384,C,1.5,No,No,None,Medium,9
S3329,Emma,Brown,student2329@university.edu,Female,18,Mathematics,98.25,47.75,50.32,72.26,64.4,81.7,78.46,61.899,D,4.3,No,Yes,Master's,High,1
S3330,John,Jones,student2330@university.edu,Female,19,CS,70.25,72.54,49.13,67.9,64.38,77.1,40.98,57.068,E,5.1,No,Yes,None,Medium,6
S3331,Omar,Jones,student2331@university.edu,Male,18,Mathematics,58.53,76.27,52.56,75.62,84.3,86.4,96.36,67.377,D,7.8,No,Yes,PhD,Low,5
S3332,Omar,Williams,student2332@university.edu,Female,24,Business,62.34,55.36,93.72,57.85,73.21,58.7,66.17,66.382,D,4.3,Yes,Yes,High School,High,5
S3333,Omar,Brown,student2333@university.edu,Female,24,Business,56.49,46.0,91.19,52.47,71.0,52.4,56.96,61.35,D,2.2,No,Yes,Master's,High,9
S3334,Maria,Davis,student2334@university.edu,Male,20,Engineering,57.0,72.27,62.61,68.63,74.57,4.2,64.15,63.236,D,3.5,No,Yes,Bachelor's,Low,4
S3335,Ali,Jones,student2335@university.edu,Female,18,Engineering,96.38,94.35,85.3,95.58,78.07,73.0,62.78,76.666,C,7.5,Yes,Yes,Master's,Medium,4
S3336,Liam,Johnson,student2336@university.edu,Male,22,Business,85.17,75.17,85.87,76.74,97.85,29.7,67.92,71.687,C,4.2,No,Yes,Master's,Low,4
S3337,Ali,Smith,student2337@university.edu,Male,23,Business,64.77,95.88,40.23,87.62,58.42,30.9,79.81,67.052,D,9.9,Yes,Yes,Bachelor's,Medium,2
S3338,Ahmed,Williams,student2338@university.edu,Female,18,Mathematics,60.99,46.49,82.46,88.68,51.34,14.1,75.18,67.158,D,9.9,No,Yes,None,Low,9
S3339,Emma,Jones,student2339@university.edu,Female,24,Engineering,51.02,88.93,53.64,65.79,60.98,83.8,62.53,65.117,D,7.7,Yes,Yes,High School,Medium,9
S3340,Ali,Davis,student2340@university.edu,Male,23,CS,79.24,63.13,53.55,82.4,92.07,63.6,45.88,65.101,D,6.5,No,Yes,High School,Medium,7
S3341,Ahmed,Jones,student2341@university.edu,Female,23,CS,80.88,89.23,58.2,76.1,94.87,17.8,88.2,65.262,D,2.6,Yes,Yes,High School,Low,9
S3342,Omar,Johnson,student2342@university.edu,Male,22,Engineering,91.49,65.78,68.62,82.77,98.32,92.0,76.12,68.143,D,2.9,No,Yes,Bachelor's,High,1
S3343,Emma,Johnson,student2343@university.edu,Female,19,Engineering,66.08,77.85,67.41,74.88,94.8,82.3,50.78,75.092,C,7.8,Yes,Yes,None,Medium,2
S3344,John,Jones,student2344@university.edu,Female,18,Engineering,51.67,96.13,66.65,86.41,82.09,99.7,85.31,79.021,C,8.3,No,Yes,Master's,Low,10
S3345,Maria,Brown,student2345@university.edu,Male,20,CS,65.64,41.9,62.59,82.72,60.07,56.4,64.83,58.167,E,4.8,No,Yes,High School,High,6
S3346,Maria,Brown,student2346@university.edu,Female,20,CS,66.88,88.65,45.07,69.1,58.41,89.6,82.84,66.975,D,3.6,No,Yes,None,Medium,3
S3347,Emma,Brown,student2347@university.edu,Female,21,CS,91.17,81.51,95.04,56.71,87.94,52.0,66.3,76.678,C,6.5,Yes,Yes,PhD,Medium,6
S3348,Omar,Williams,student2348@university.edu,Female,19,Business,96.42,51.0,52.25,71.47,66.53,96.8,96.99,68.939,D,8.6,Yes,Yes,High School,High,3
S3349,Sara,Johnson,student2349@university.edu,Female,21,CS,82.8,49.8,91.63,92.28,98.5,41.4,73.33,76.543,C,6.9,Yes,Yes,PhD,Low,4
S3350,Liam,Johnson,student2350@university.edu,Female,18,Engineering,62.71,96.77,40.07,97.5,70.49,62.1,75.28,68.059,D,4.8,Yes,Yes,None,Low,7
S3351,Liam,Williams,student2351@university.edu,Female,22,Business,58.86,58.86,41.84,68.63,55.03,98.0,82.47,61.103,D,5.3,No,No,None,Low,10
S3352,Ahmed,Johnson,student2352@university.edu,Male,18,Business,97.7,73.92,44.31,66.65,75.19,21.8,69.51,56.744,E,6.2,No,Yes,Bachelor's,Medium,4
S3353,John,Smith,student2353@university.edu,Female,19,Mathematics,78.57,42.87,46.62,93.85,69.55,76.8,83.08,60.391,D,7.9,No,Yes,PhD,Low,1
S3354,Liam,Smith,student2354@university.edu,Male,22,CS,71.82,97.78,73.91,84.09,58.63,82.3,50.76,76.648,C,8.6,Yes,Yes,PhD,High,8
S3355,Omar,Williams,student2355@university.edu,Male,23,Mathematics,60.16,55.76,93.4,85.29,76.36,20.1,90.91,75.68,C,7.3,Yes,Yes,None,Medium,2
S3356,Liam,Williams,student2356@university.edu,Female,23,CS,76.14,41.84,95.8,94.0,53.45,4.9,50.54,64.34,D,4.6,Yes,Yes,Master's,High,6
S3357,John,Brown,student2357@university.edu,Female,21,Engineering,64.1,84.91,40.36,74.51,88.84,68.6,91.31,69.532,D,2.4,Yes,Yes,Master's,Low,10
S3358,Sara,Johnson,student2358@university.edu,Male,18,Mathematics,54.95,85.69,78.29,66.7,86.43,56.0,60.4,72.302,C,6.0,No,Yes,PhD,Low,6
S3359,Omar,Smith,student2359@university.edu,Male,22,Mathematics,93.64,56.91,57.96,72.34,54.95,56.3,41.78,52.498,E,1.4,Yes,Yes,PhD,High,2
S3360,Ahmed,Williams,student2360@university.edu,Female,22,Business,56.57,87.22,94.04,84.72,82.34,62.0,45.21,73.76,C,1.3,Yes,No,Master's,Medium,2
S3361,Ali,Davis,student2361@university.edu,Male,21,Business,51.8,94.38,96.72,50.28,53.9,96.3,69.0,73.347,C,8.7,Yes,Yes,None,Medium,9
S3362,Liam,Jones,student2362@university.edu,Female,19,CS,64.71,79.1,62.87,79.67,51.68,48.1,83.01,66.962,D,4.8,Yes,Yes,Master's,Medium,10
S3363,Liam,Johnson,student2363@university.edu,Female,19,Mathematics,84.42,96.2,76.08,87.16,90.39,43.4,77.95,75.683,C,4.4,Yes,Yes,Bachelor's,High,1
S3364,Sara,Williams,student2364@university.edu,Male,21,Engineering,81.19,75.58,63.71,72.34,82.21,71.0,75.47,74.443,C,9.1,Yes,No,Bachelor's,Medium,2
S3365,John,Johnson,student2365@university.edu,Male,22,Business,50.45,44.36,66.73,61.02,56.96,86.9,88.06,59.15,E,3.4,Yes,Yes,High School,Medium,3
S3366,John,Brown,student2366@university.edu,Male,21,Engineering,56.66,76.99,73.32,99.93,65.7,43.5,61.18,66.964,D,1.6,Yes,Yes,Master's,Medium,10
S3367,Maria,Smith,student2367@university.edu,Female,22,Business,85.27,59.71,64.01,73.82,66.62,45.2,72.34,52.806,E,1.8,Yes,Yes,Bachelor's,Low,8
S3368,Ahmed,Jones,student2368@university.edu,Male,18,Business,89.47,52.24,80.28,67.22,69.02,54.9,84.87,70.695,C,5.8,Yes,Yes,PhD,Medium,4
S3369,Ali,Davis,student2369@university.edu,Male,20,Business,63.84,79.69,64.67,82.48,75.45,73.5,82.22,74.761,C,9.6,No,No,PhD,Medium,8
S3370,John,Johnson,student2370@university.edu,Female,24,Mathematics,99.39,69.15,85.51,55.37,53.08,15.2,81.09,60.961,D,2.7,No,Yes,High School,High,10
S3371,Liam,Jones,student2371@university.edu,Female,24,Engineering,95.79,69.24,86.83,79.95,80.57,84.9,41.69,71.978,C,4.7,No,Yes,PhD,Low,1
S3372,Ali,Johnson,student2372@university.edu,Male,20,Business,55.41,63.56,43.41,58.26,85.07,91.7,44.13,55.263,E,3.6,No,Yes,PhD,High,10
S3373,John,Johnson,student2373@university.edu,Female,18,Engineering,90.44,78.43,91.37,73.7,95.72,7.9,59.63,70.848,C,9.1,Yes,Yes,High School,High,4
S3374,Omar,Johnson,student2374@university.edu,Female,20,CS,72.91,42.33,45.13,97.09,72.46,42.9,61.7,59.197,E,9.3,No,Yes,High School,High,9
S3375,Sara,Williams,student2375@university.edu,Male,24,Engineering,70.08,66.0,73.78,90.12,98.91,58.4,98.94,73.626,C,3.8,Yes,No,High School,High,1
S3376,Emma,Brown,student2376@university.edu,Female,21,CS,78.72,90.67,81.03,53.68,89.45,62.3,86.47,85.196,B,9.5,No,Yes,Master's,Medium,8
S3377,Maria,Johnson,student2377@university.edu,Male,19,Business,93.46,68.26,75.33,76.75,51.21,23.4,82.8,68.312,D,6.4,No,Yes,Bachelor's,Medium,4
S3378,Ahmed,Johnson,student2378@university.edu,Female,21,Mathematics,58.58,42.07,43.06,82.09,62.74,94.5,96.12,63.463,D,6.9,No,Yes,PhD,Medium,10
S3379,Emma,Johnson,student2379@university.edu,Male,22,Engineering,56.33,78.58,60.53,74.13,77.18,62.5,47.88,60.457,D,4.7,Yes,Yes,Bachelor's,Medium,1
S3380,Sara,Jones,student2380@university.edu,Female,19,Business,67.24,77.94,58.86,57.13,92.27,10.8,73.56,62.972,D,8.4,Yes,Yes,PhD,Low,10
S3381,Omar,Smith,student2381@university.edu,Male,23,Business,94.63,56.39,91.03,95.32,99.74,43.0,78.81,74.987,C,7.0,No,Yes,None,High,2
S3382,Ali,Brown,student2382@university.edu,Female,18,CS,88.87,47.55,80.33,82.38,59.55,22.3,90.97,68.33,D,7.2,Yes,Yes,Bachelor's,Low,4
S3383,Ali,Williams,student2383@university.edu,Female,18,CS,59.47,72.6,95.89,55.25,71.16,94.6,54.07,74.633,C,8.8,No,Yes,None,Medium,1
S3384,Omar,Johnson,student2384@university.edu,Male,22,CS,56.13,61.9,43.45,64.53,70.76,51.8,77.62,62.26,D,3.2,No,Yes,PhD,Medium,6
S3385,Sara,Johnson,student2385@university.edu,Female,21,Mathematics,97.64,59.44,62.57,70.44,90.49,36.3,55.82,59.094,E,8.1,No,Yes,Master's,Medium,6
S3386,Omar,Williams,student2386@university.edu,Female,18,Engineering,59.85,71.63,69.62,69.05,57.8,79.0,47.23,61.966,D,6.0,Yes,Yes,Bachelor's,High,2
S3387,John,Brown,student2387@university.edu,Female,19,Engineering,91.73,77.59,47.28,76.41,97.79,13.7,62.54,58.745,E,9.5,Yes,Yes,None,Medium,5
S3388,Omar,Smith,student2388@university.edu,Female,24,Mathematics,66.82,71.18,73.33,89.7,84.85,98.3,71.57,74.784,C,1.7,No,Yes,High School,Medium,4
S3389,Emma,Williams,student2389@university.edu,Male,24,Engineering,57.73,67.55,51.57,95.81,96.83,42.7,48.24,60.841,D,1.8,No,Yes,Bachelor's,High,1
S3390,Ali,Davis,student2390@university.edu,Female,18,Mathematics,75.55,97.3,96.37,66.26,57.38,43.0,60.59,73.906,C,8.5,No,Yes,None,High,5
S3391,Sara,Williams,student2391@university.edu,Male,20,Engineering,66.71,74.48,59.4,84.8,54.6,24.8,64.15,62.227,D,7.2,No,Yes,PhD,High,3
S3392,Liam,Smith,student2392@university.edu,Male,18,CS,51.32,64.33,69.96,97.63,60.46,68.1,87.28,68.588,D,3.6,Yes,Yes,High School,Low,8
S3393,Ahmed,Jones,student2393@university.edu,Male,20,Mathematics,95.78,75.77,73.44,79.37,93.01,76.9,91.57,72.098,C,3.1,No,Yes,Master's,High,1
S3394,Emma,Johnson,student2394@university.edu,Female,18,Mathematics,96.65,41.18,89.17,50.49,88.46,14.0,76.15,58.989,E,1.4,Yes,Yes,High School,Medium,4
S3395,Maria,Smith,student2395@university.edu,Male,24,Mathematics,72.93,79.97,51.62,52.14,79.76,16.1,82.64,58.275,E,3.1,No,Yes,Bachelor's,Medium,1
S3396,Omar,Davis,student2396@university.edu,Female,21,Business,71.49,68.02,88.71,81.82,87.88,38.8,91.51,75.063,C,3.4,Yes,Yes,PhD,Low,6
S3397,Maria,Smith,student2397@university.edu,Male,19,CS,90.49,52.59,60.85,91.35,93.06,0.4,86.99,60.631,D,5.2,No,Yes,Bachelor's,Low,10
S3398,Maria,Jones,student2398@university.edu,Female,18,Engineering,63.1,47.46,76.6,62.54,62.73,41.4,89.68,64.965,D,2.2,Yes,Yes,Bachelor's,Medium,1
S3399,Ali,Davis,student2399@university.edu,Female,24,Mathematics,91.34,72.2,97.2,71.75,83.66,56.5,66.56,72.545,C,1.2,Yes,Yes,None,Low,3
S3400,Emma,Smith,student2400@university.edu,Male,23,Engineering,99.55,89.68,61.92,71.25,71.36,91.7,43.59,67.956,D,7.8,Yes,Yes,Bachelor's,Medium,2
S3401,Maria,Jones,student2401@university.edu,Male,24,Mathematics,55.9,87.15,71.41,77.81,80.75,24.0,84.61,73.709,C,2.8,No,No,Master's,Low,8
S3402,Sara,Davis,student2402@university.edu,Male,21,Mathematics,50.15,45.32,81.13,67.33,90.8,94.2,61.38,66.843,D,7.5,Yes,Yes,High School,High,5
S3403,Liam,Jones,student2403@university.edu,Female,19,Business,93.57,78.86,47.96,59.81,80.19,40.7,75.1,64.198,D,5.6,No,Yes,None,Low,6
S3404,Ali,Davis,student2404@university.edu,Male,23,CS,75.95,76.28,81.32,79.47,56.69,84.1,95.34,77.586,C,9.0,No,Yes,Bachelor's,Medium,9
S3405,Emma,Brown,student2405@university.edu,Male,18,Business,61.36,60.83,82.35,63.12,85.1,91.0,44.56,70.813,C,7.2,Yes,Yes,Bachelor's,Low,10
S3406,Omar,Jones,student2406@university.edu,Female,20,CS,92.44,99.76,42.81,86.12,75.4,9.6,58.83,60.38,D,3.3,No,Yes,None,Medium,7
S3407,Ali,Jones,student2407@university.edu,Female,21,Mathematics,53.77,58.63,86.27,70.7,73.27,44.3,69.61,68.465,D,4.0,No,Yes,Bachelor's,Low,2
S3408,Maria,Williams,student2408@university.edu,Female,21,Engineering,80.69,77.51,85.0,96.51,58.93,26.1,77.93,77.155,C,5.8,Yes,Yes,Bachelor's,Medium,2
S3409,Sara,Brown,student2409@university.edu,Male,22,Engineering,56.14,92.15,90.77,62.09,76.4,80.9,53.69,80.935,B,7.4,Yes,Yes,None,High,1
S3410,Omar,Davis,student2410@university.edu,Female,22,CS,98.63,53.38,58.78,82.46,50.83,60.9,68.08,59.83,E,3.8,Yes,Yes,PhD,Medium,1
S3411,Sara,Davis,student2411@university.edu,Female,24,Mathematics,69.31,90.22,68.29,98.66,93.84,5.7,45.4,68.483,D,8.1,No,Yes,None,Low,3
S3412,Maria,Johnson,student2412@university.edu,Female,24,CS,68.58,70.06,85.95,68.05,50.97,24.8,45.32,59.193,E,3.3,No,Yes,Master's,Low,10
S3413,Liam,Smith,student2413@university.edu,Male,23,Mathematics,86.89,69.6,84.93,65.76,50.76,21.6,55.56,69.8,D,9.4,Yes,Yes,Bachelor's,Low,5
S3414,Liam,Smith,student2414@university.edu,Male,19,Business,80.92,88.43,40.79,73.45,92.73,72.1,93.62,67.547,D,4.1,Yes,Yes,Master's,Medium,9
S3415,Sara,Davis,student2415@university.edu,Male,19,Business,86.11,40.72,40.17,59.84,99.87,86.2,84.79,56.678,E,2.8,No,No,PhD,Medium,2
S3416,Emma,Williams,student2416@university.edu,Female,19,Mathematics,76.7,95.0,83.6,85.79,55.15,24.6,66.26,75.903,C,7.5,Yes,Yes,Bachelor's,Low,10
S3417,Emma,Jones,student2417@university.edu,Female,24,Engineering,74.69,84.64,49.71,99.91,50.32,93.1,83.69,67.433,D,7.5,Yes,Yes,High School,High,6
S3418,Sara,Williams,student2418@university.edu,Female,19,Mathematics,92.67,47.89,76.3,52.3,96.19,53.9,51.2,64.38,D,5.7,No,Yes,High School,Medium,10
S3419,Ali,Johnson,student2419@university.edu,Female,20,Business,76.04,60.06,63.61,61.82,86.7,35.1,52.94,61.848,D,7.8,Yes,Yes,PhD,High,4
S3420,John,Davis,student2420@university.edu,Female,21,Business,92.05,55.9,53.39,74.55,67.95,20.8,76.56,61.181,D,6.6,No,Yes,Master's,High,4
S3421,Maria,Davis,student2421@university.edu,Male,24,Engineering,78.58,68.41,49.1,85.13,92.27,34.7,77.52,65.857,D,5.2,Yes,Yes,None,Low,9
S3422,Emma,Smith,student2422@university.edu,Male,24,Business,62.64,48.48,81.53,54.63,92.5,28.1,50.53,62.297,D,4.0,No,No,Master's,Medium,2
S3423,Emma,Brown,student2423@university.edu,Female,24,Business,76.13,63.38,72.95,87.81,54.51,39.5,69.84,68.134,D,6.6,Yes,Yes,None,Low,3
S3424,Maria,Davis,student2424@university.edu,Female,24,Mathematics,63.39,61.65,76.59,73.54,94.22,61.7,51.42,70.722,C,6.0,No,Yes,None,Low,2
S3425,Ahmed,Smith,student2425@university.edu,Female,22,CS,71.29,54.05,66.85,60.98,72.25,6.9,97.09,55.945,E,2.9,No,No,Master's,High,9
S3426,Maria,Brown,student2426@university.edu,Female,19,Business,54.75,54.78,57.28,66.24,78.36,12.9,67.8,56.114,E,6.5,No,No,None,Low,8
S3427,Emma,Jones,student2427@university.edu,Male,21,Mathematics,90.8,68.99,60.64,61.99,78.88,4.3,63.13,59.928,E,10.0,Yes,Yes,PhD,High,6
S3428,Ahmed,Williams,student2428@university.edu,Female,22,CS,84.0,96.58,96.04,90.85,60.08,88.5,51.54,76.239,C,1.3,No,Yes,Master's,High,1
S3429,Sara,Davis,student2429@university.edu,Male,24,Business,78.74,71.13,56.62,98.88,70.19,98.3,79.78,77.156,C,8.3,Yes,Yes,Bachelor's,Low,10
S3430,Ahmed,Johnson,student2430@university.edu,Male,19,Business,90.62,87.79,92.98,93.67,55.41,92.0,78.21,83.908,B,5.0,Yes,Yes,PhD,Medium,4
S3431,Sara,Williams,student2431@university.edu,Female,18,Mathematics,66.75,90.58,79.8,76.87,59.25,67.4,99.77,86.867,B,5.6,No,No,PhD,Medium,5
S3432,Maria,Williams,student2432@university.edu,Female,20,Business,71.09,42.66,49.72,93.83,66.49,34.1,72.75,50.823,E,2.8,No,Yes,Master's,Medium,3
S3433,Maria,Jones,student2433@university.edu,Female,21,Engineering,81.22,75.51,58.39,51.5,50.6,33.5,54.2,48.733,F,1.3,No,Yes,None,Low,1
S3434,Ali,Williams,student2434@university.edu,Female,24,Business,77.47,69.79,92.16,83.11,74.94,41.7,59.99,70.506,C,4.7,No,Yes,Bachelor's,Low,3
S3435,Ali,Brown,student2435@university.edu,Male,22,Business,58.06,57.42,62.23,58.43,75.53,0.3,99.53,56.379,E,8.8,Yes,Yes,Master's,Low,1
S3436,John,Johnson,student2436@university.edu,Female,20,Engineering,80.34,63.19,76.02,55.75,81.42,55.8,68.9,60.996,D,8.1,No,Yes,None,Medium,10
S3437,Emma,Johnson,student2437@university.edu,Female,24,CS,78.79,57.15,49.19,66.04,64.52,11.7,44.0,52.245,E,5.9,No,Yes,Master's,Low,1
S3438,John,Davis,student2438@university.edu,Male,21,CS,76.64,61.55,44.18,70.04,91.56,12.1,88.64,55.881,E,3.1,No,Yes,Master's,Low,3
S3439,Sara,Jones,student2439@university.edu,Male,20,Engineering,96.96,70.64,51.87,87.04,99.79,75.6,89.79,79.084,C,9.6,No,Yes,Master's,Medium,9
S3440,Emma,Jones,student2440@university.edu,Female,18,Engineering,77.86,56.88,98.6,99.73,52.65,0.7,92.22,69.686,D,7.2,Yes,Yes,PhD,Medium,1
S3441,Omar,Davis,student2441@university.edu,Female,18,Engineering,77.98,65.12,77.52,73.9,93.84,99.0,76.25,78.26,C,9.3,No,Yes,Bachelor's,Medium,6
S3442,Ahmed,Brown,student2442@university.edu,Female,23,CS,59.79,52.22,61.31,51.78,64.23,76.3,51.01,49.947,F,1.2,No,Yes,High School,Low,6
S3443,John,Brown,student2443@university.edu,Male,18,Engineering,84.14,44.48,40.99,55.65,65.36,67.7,59.37,53.574,E,5.8,No,Yes,Master's,Low,8
S3444,Maria,Jones,student2444@university.edu,Male,20,Mathematics,53.65,66.33,60.76,54.02,59.07,17.3,51.57,53.559,E,3.7,No,No,High School,High,8
S3445,Liam,Johnson,student2445@university.edu,Female,18,Mathematics,66.91,54.72,56.33,95.29,61.35,57.9,55.47,49.995,F,3.9,No,No,Bachelor's,High,4
S3446,Ali,Jones,student2446@university.edu,Male,21,CS,50.06,71.48,77.6,96.84,90.41,13.5,70.4,74.341,C,6.7,No,Yes,High School,Low,6
S3447,Liam,Jones,student2447@university.edu,Female,21,CS,91.07,56.28,77.44,81.88,87.05,16.6,92.13,68.129,D,3.8,No,Yes,None,High,1
S3448,Maria,Jones,student2448@university.edu,Female,20,Mathematics,59.78,57.88,99.17,73.3,57.65,13.6,78.02,66.422,D,7.3,Yes,Yes,Master's,High,1
S3449,John,Smith,student2449@university.edu,Male,18,Mathematics,84.11,66.68,70.41,65.23,67.69,60.6,78.4,63.539,D,2.1,Yes,Yes,Master's,High,3
S3450,Ahmed,Davis,student2450@university.edu,Female,18,CS,91.26,44.24,92.81,99.67,85.55,78.3,73.68,72.172,C,1.3,No,Yes,High School,High,7
S3451,John,Brown,student2451@university.edu,Male,21,CS,91.54,62.68,70.19,60.38,78.1,50.6,88.04,61.111,D,2.8,No,Yes,Bachelor's,Medium,2
S3452,Liam,Johnson,student2452@university.edu,Female,24,CS,94.72,51.98,85.56,81.82,80.98,36.7,40.05,67.327,D,8.5,No,No,PhD,Medium,9
S3453,Maria,Davis,student2453@university.edu,Male,21,Mathematics,58.18,71.86,66.87,96.49,74.1,4.3,73.98,59.694,E,2.6,No,Yes,PhD,Low,8
S3454,Omar,Williams,student2454@university.edu,Male,20,Mathematics,94.46,94.99,78.61,99.68,62.7,58.2,42.94,75.693,C,7.8,No,Yes,Master's,High,9
S3455,Sara,Davis,student2455@university.edu,Male,23,CS,64.17,44.89,59.2,78.36,65.62,59.4,53.5,58.859,E,8.8,No,Yes,Master's,Medium,3
S3456,Liam,Johnson,student2456@university.edu,Male,18,Mathematics,68.24,88.37,56.11,85.16,82.09,35.1,62.96,67.347,D,7.7,No,Yes,High School,High,9
S3457,Omar,Jones,student2457@university.edu,Female,23,CS,71.93,83.13,94.33,64.45,78.3,30.0,74.14,75.519,C,2.8,No,Yes,Bachelor's,Low,9
S3458,Emma,Smith,student2458@university.edu,Male,22,CS,72.36,51.77,88.26,73.05,84.64,8.3,99.47,69.699,D,3.4,Yes,Yes,Master's,High,7
S3459,Liam,Davis,student2459@university.edu,Male,21,Business,61.06,96.67,43.76,74.13,99.99,16.1,71.29,59.321,E,1.1,Yes,Yes,PhD,Medium,5
S3460,Ali,Davis,student2460@university.edu,Male,24,Business,89.89,66.25,83.11,92.56,93.57,61.7,83.02,75.549,C,4.7,No,Yes,Bachelor's,Medium,5
S3461,Maria,Davis,student2461@university.edu,Female,18,Engineering,53.18,86.12,46.12,77.83,97.51,94.9,65.52,71.728,C,9.3,No,Yes,Master's,Low,1
S3462,Sara,Williams,student2462@university.edu,Female,21,Business,65.93,64.97,64.11,80.98,83.57,31.9,66.97,61.54,D,3.0,No,Yes,Bachelor's,Medium,3
S3463,Emma,Smith,student2463@university.edu,Male,23,Mathematics,88.29,88.08,47.64,96.0,96.17,62.2,83.12,76.522,C,3.7,No,Yes,None,Medium,5
S3464,Maria,Davis,student2464@university.edu,Male,19,CS,74.95,98.0,72.56,95.13,58.54,35.5,43.54,69.561,D,8.6,No,Yes,High School,High,4
S3465,Emma,Davis,student2465@university.edu,Male,21,Business,80.27,82.05,43.58,81.71,84.74,46.2,41.59,65.459,D,7.7,Yes,Yes,PhD,Medium,6
S3466,Ahmed,Davis,student2466@university.edu,Female,22,Business,69.49,46.54,48.93,80.2,51.93,7.4,49.35,49.649,F,6.9,Yes,Yes,Master's,High,10
S3467,Omar,Williams,student2467@university.edu,Female,21,CS,70.81,98.65,51.93,89.12,56.44,98.3,74.25,76.736,C,6.5,Yes,Yes,PhD,Low,4
S3468,Maria,Smith,student2468@university.edu,Female,19,Mathematics,58.24,43.95,89.24,58.46,76.34,30.9,76.88,63.458,D,4.8,No,Yes,None,Low,3
S3469,Liam,Smith,student2469@university.edu,Male,23,Mathematics,95.79,56.89,61.44,80.46,64.43,1.7,54.07,50.91,E,2.2,No,Yes,High School,Medium,4
S3470,Maria,Johnson,student2470@university.edu,Female,23,Business,68.67,66.86,48.59,57.39,87.08,40.8,66.45,62.015,D,8.8,No,Yes,High School,High,4
S3471,Ahmed,Brown,student2471@university.edu,Female,18,Engineering,86.66,61.86,50.1,59.28,71.19,60.3,40.42,50.452,E,5.7,Yes,Yes,Master's,High,1
S3472,Liam,Smith,student2472@university.edu,Male,23,Business,80.55,79.34,63.22,94.44,68.32,44.1,55.14,65.789,D,7.4,Yes,Yes,None,High,7
S3473,Liam,Brown,student2473@university.edu,Male,19,Business,74.64,58.88,72.07,92.34,66.36,63.1,72.04,69.007,D,6.5,No,Yes,PhD,Low,6
S3474,Omar,Brown,student2474@university.edu,Male,18,Business,90.84,62.53,46.37,89.16,97.33,2.2,92.83,57.455,E,3.5,Yes,Yes,Bachelor's,Medium,8
S3475,John,Brown,student2475@university.edu,Male,23,Business,55.5,62.04,57.58,83.13,75.27,30.8,77.52,62.042,D,7.5,Yes,Yes,Master's,Low,7
S3476,Ali,Williams,student2476@university.edu,Male,21,Mathematics,70.36,50.48,64.91,92.08,99.42,0.4,92.23,64.491,D,3.1,No,Yes,High School,Medium,1
S3477,Maria,Williams,student2477@university.edu,Female,18,Mathematics,87.33,50.55,69.55,58.38,59.1,60.4,85.81,63.935,D,5.5,Yes,Yes,Bachelor's,Medium,1
S3478,Ali,Davis,student2478@university.edu,Female,23,Business,95.07,92.21,70.33,83.68,94.23,23.4,95.59,73.361,C,3.5,No,Yes,Master's,Low,1
S3479,Ali,Smith,student2479@university.edu,Female,23,CS,86.57,94.91,40.94,55.09,77.83,17.5,52.98,51.867,E,1.1,No,Yes,PhD,Low,5
S3480,Emma,Jones,student2480@university.edu,Female,21,Mathematics,91.95,58.14,61.91,97.13,70.52,72.8,82.21,67.524,D,6.1,Yes,Yes,PhD,Medium,3
S3481,Ahmed,Brown,student2481@university.edu,Female,22,Business,93.99,71.4,91.98,57.07,92.09,93.9,92.9,79.588,C,8.0,Yes,Yes,Bachelor's,Medium,3
S3482,Ali,Brown,student2482@university.edu,Female,18,Business,72.08,49.77,77.43,88.95,81.94,96.4,88.13,77.0,C,5.0,Yes,Yes,PhD,Medium,8
S3483,Ali,Davis,student2483@university.edu,Male,21,CS,63.25,84.2,87.45,59.35,98.52,81.6,75.45,71.926,C,8.3,Yes,Yes,None,High,1
S3484,Maria,Smith,student2484@university.edu,Female,20,Mathematics,97.68,93.48,70.24,62.38,91.44,48.9,49.55,69.458,D,8.4,No,Yes,None,Medium,4
S3485,Ali,Brown,student2485@university.edu,Male,22,CS,51.68,62.78,98.37,74.86,74.48,27.9,70.52,66.603,D,2.1,No,Yes,None,Medium,4
S3486,Sara,Brown,student2486@university.edu,Male,22,Engineering,53.27,43.93,40.92,81.76,57.25,46.6,40.58,55.498,E,7.5,Yes,No,Master's,Medium,8
S3487,Ali,Smith,student2487@university.edu,Female,20,Business,70.29,90.04,70.79,66.81,50.76,22.9,67.85,65.916,D,2.3,No,Yes,Bachelor's,High,6
S3488,John,Jones,student2488@university.edu,Female,21,Mathematics,63.19,68.73,99.93,71.47,64.21,71.6,55.83,68.995,D,3.9,No,Yes,None,High,1
S3489,Sara,Jones,student2489@university.edu,Male,24,CS,92.11,52.76,42.15,75.12,81.49,31.6,69.29,55.492,E,4.3,No,Yes,None,Low,1
S3490,John,Johnson,student2490@university.edu,Male,23,Mathematics,58.27,84.76,51.15,96.41,76.99,71.4,61.32,66.467,D,5.2,Yes,Yes,High School,Medium,2
S3491,Ali,Smith,student2491@university.edu,Male,19,Business,77.81,53.36,41.78,57.29,93.42,68.1,61.68,55.915,E,6.9,No,Yes,Bachelor's,Medium,7
S3492,Ali,Brown,student2492@university.edu,Female,18,CS,51.86,73.15,49.75,54.7,50.4,6.9,49.37,49.866,F,4.3,No,Yes,PhD,High,9
S3493,Emma,Davis,student2493@university.edu,Female,18,Mathematics,53.02,61.81,82.67,70.13,85.22,76.8,77.02,73.32,C,9.2,Yes,Yes,None,Medium,9
S3494,Omar,Williams,student2494@university.edu,Female,18,Mathematics,72.73,99.52,65.68,85.19,74.02,19.3,59.13,71.927,C,1.9,No,No,Bachelor's,Low,7
S3495,Emma,Smith,student2495@university.edu,Female,18,Business,52.05,96.0,77.12,82.42,66.77,85.3,80.77,82.805,B,9.9,Yes,Yes,Master's,Medium,7
S3496,Maria,Williams,student2496@university.edu,Female,20,Mathematics,67.21,56.77,68.0,53.34,77.57,38.6,40.3,60.795,D,8.4,Yes,Yes,PhD,Medium,3
S3497,John,Brown,student2497@university.edu,Male,21,Engineering,62.08,48.97,52.92,54.37,91.82,32.6,68.11,57.584,E,6.4,No,Yes,PhD,Medium,7
S3498,Omar,Brown,student2498@university.edu,Female,24,CS,95.42,53.98,50.72,56.19,82.23,90.9,58.7,58.282,E,7.6,No,Yes,None,High,8
S3499,Ahmed,Jones,student2499@university.edu,Male,19,Mathematics,50.27,65.64,42.85,68.06,78.61,17.9,48.63,43.438,F,1.1,Yes,Yes,PhD,Medium,8
S3500,Liam,Johnson,student2500@university.edu,Male,23,CS,68.1,69.38,80.86,61.6,88.79,66.3,58.55,67.347,D,6.2,No,Yes,None,Low,2
S3501,Emma,Williams,student2501@university.edu,Male,24,CS,82.28,77.68,44.64,55.76,89.41,68.9,54.59,54.769,E,1.3,No,Yes,None,Medium,9
S3502,John,Jones,student2502@university.edu,Female,22,Mathematics,91.2,52.49,89.58,72.65,86.34,13.7,93.88,79.868,C,9.6,No,Yes,PhD,High,10
S3503,Ahmed,Williams,student2503@university.edu,Female,20,CS,62.93,91.5,88.44,69.16,76.41,26.1,84.39,73.501,C,4.7,Yes,Yes,Bachelor's,Medium,10
S3504,Emma,Brown,student2504@university.edu,Male,24,Mathematics,53.83,62.21,75.54,64.99,65.84,45.4,90.54,61.618,D,3.9,No,Yes,PhD,Low,10
S3505,Ahmed,Jones,student2505@university.edu,Female,21,CS,61.3,71.52,79.73,80.98,95.11,22.6,80.73,65.901,D,2.9,No,Yes,High School,Low,5
S3506,Sara,Smith,student2506@university.edu,Male,20,Business,61.19,63.37,51.28,80.94,69.93,6.4,55.32,57.071,E,3.6,No,Yes,Master's,Low,9
S3507,Sara,Smith,student2507@university.edu,Male,24,Mathematics,96.02,71.92,59.0,88.64,81.74,26.5,79.41,59.574,E,1.3,No,Yes,Master's,Low,6
S3508,Omar,Davis,student2508@university.edu,Female,20,Business,76.76,56.86,67.81,82.97,52.59,46.9,60.3,69.676,D,8.5,Yes,No,High School,Medium,9
S3509,Emma,Davis,student2509@university.edu,Female,24,Business,66.85,79.88,69.81,61.12,74.11,26.7,76.66,64.556,D,1.5,Yes,Yes,High School,Medium,2
S3510,Omar,Jones,student2510@university.edu,Female,21,Mathematics,94.71,43.04,82.0,84.68,89.51,21.4,54.13,65.729,D,6.6,No,Yes,Master's,Medium,1
S3511,Liam,Smith,student2511@university.edu,Female,19,Mathematics,87.15,48.73,91.42,83.88,93.55,85.3,76.47,79.012,C,7.8,No,Yes,Bachelor's,High,5
S3512,Ali,Williams,student2512@university.edu,Female,21,Business,66.53,85.45,86.39,64.98,61.62,72.8,93.98,74.657,C,6.9,No,Yes,Master's,Low,5
S3513,John,Brown,student2513@university.edu,Female,21,Engineering,83.68,79.29,98.24,93.45,52.12,14.2,95.08,78.523,C,6.6,No,Yes,PhD,High,7
S3514,Maria,Jones,student2514@university.edu,Female,19,Mathematics,77.8,46.4,65.12,63.13,94.74,89.5,68.95,70.689,C,5.2,No,No,Bachelor's,Low,1
S3515,Omar,Johnson,student2515@university.edu,Female,19,Business,87.65,52.81,62.68,56.13,75.89,16.8,98.41,61.405,D,3.2,Yes,Yes,Master's,High,2
S3516,Omar,Davis,student2516@university.edu,Female,21,Mathematics,86.74,86.77,68.62,57.55,77.76,43.0,59.83,70.484,C,9.6,No,Yes,Bachelor's,Medium,6
S3517,Ali,Brown,student2517@university.edu,Male,21,Engineering,83.2,74.42,84.32,59.12,61.16,63.1,97.34,72.442,C,5.6,No,Yes,PhD,High,5
S3518,Ahmed,Smith,student2518@university.edu,Male,19,Business,80.72,68.08,44.72,90.04,94.27,23.8,95.28,69.238,D,9.6,Yes,Yes,PhD,High,8
S3519,Maria,Brown,student2519@university.edu,Male,20,Engineering,61.05,85.94,85.53,86.41,79.51,72.6,99.93,82.136,B,7.7,No,Yes,PhD,Low,7
S3520,Liam,Williams,student2520@university.edu,Female,19,CS,86.67,41.62,45.34,66.1,57.75,13.9,58.11,51.583,E,4.9,No,Yes,High School,Medium,9
S3521,Omar,Davis,student2521@university.edu,Male,20,Mathematics,87.21,63.88,87.19,94.34,66.06,56.9,53.42,66.185,D,2.6,Yes,Yes,High School,Medium,5
S3522,Ahmed,Jones,student2522@university.edu,Female,18,Mathematics,87.63,73.08,52.64,60.28,88.36,62.1,84.87,65.801,D,6.0,No,No,High School,Low,6
S3523,Ahmed,Johnson,student2523@university.edu,Female,21,Mathematics,87.02,67.18,87.59,75.41,82.4,92.0,48.23,68.973,D,1.6,Yes,Yes,Master's,Medium,8
S3524,John,Johnson,student2524@university.edu,Female,22,Engineering,76.22,92.22,90.4,96.67,60.74,27.1,81.31,82.483,B,8.9,No,Yes,Master's,Low,5
S3525,Omar,Jones,student2525@university.edu,Male,24,Business,56.91,93.53,46.71,77.68,58.05,81.7,65.6,71.718,C,8.4,No,Yes,PhD,High,1
S3526,John,Williams,student2526@university.edu,Male,20,CS,87.08,68.62,91.67,91.15,92.99,20.8,85.1,77.323,C,8.7,No,Yes,Master's,Medium,2
S3527,Liam,Brown,student2527@university.edu,Female,18,Business,85.96,66.58,72.89,59.18,83.62,99.7,52.0,66.018,D,2.0,Yes,Yes,High School,Medium,2
S3528,John,Brown,student2528@university.edu,Female,23,CS,65.46,43.85,83.58,56.3,70.16,3.6,69.25,61.466,D,8.2,No,Yes,PhD,Medium,6
S3529,Ali,Brown,student2529@university.edu,Male,19,CS,90.85,90.41,80.49,68.87,82.83,44.6,71.11,69.892,D,3.9,No,Yes,Master's,High,7
S3530,Omar,Jones,student2530@university.edu,Female,19,Business,68.37,71.67,77.31,56.68,95.32,86.5,44.07,68.867,D,2.7,Yes,No,None,Medium,9
S3531,Sara,Davis,student2531@university.edu,Female,21,CS,73.15,64.01,50.37,63.16,68.33,0.7,83.76,56.628,E,3.9,No,Yes,None,Low,1
S3532,Omar,Davis,student2532@university.edu,Female,21,CS,95.42,41.88,75.23,90.27,65.7,35.8,86.78,68.418,D,5.7,Yes,Yes,None,Medium,6
S3533,Ahmed,Smith,student2533@university.edu,Male,23,Mathematics,79.54,47.85,93.55,50.46,54.71,89.3,67.67,69.157,D,4.4,No,Yes,High School,High,5
S3534,Sara,Johnson,student2534@university.edu,Male,23,Business,98.24,91.92,96.6,94.12,66.38,63.6,62.18,88.767,B,9.0,No,Yes,PhD,Medium,3
S3535,Maria,Smith,student2535@university.edu,Female,22,Business,52.73,99.94,93.51,94.84,78.66,4.2,96.29,83.532,B,3.1,No,Yes,None,Low,4
S3536,Ahmed,Jones,student2536@university.edu,Female,22,Business,77.47,50.8,64.35,77.16,56.31,92.8,49.01,54.3,E,2.7,Yes,Yes,High School,Medium,9
S3537,Sara,Smith,student2537@university.edu,Female,22,Business,73.27,91.0,97.54,59.44,99.32,58.9,74.92,78.547,C,1.1,No,Yes,Bachelor's,Low,8
S3538,Sara,Johnson,student2538@university.edu,Female,18,Engineering,95.46,78.57,76.05,91.49,73.39,64.4,85.4,78.451,C,5.2,Yes,Yes,Bachelor's,Low,5
S3539,John,Davis,student2539@university.edu,Female,18,Engineering,59.86,97.19,71.53,67.2,58.64,26.7,55.73,61.072,D,1.5,No,Yes,High School,Medium,10
S3540,Liam,Smith,student2540@university.edu,Male,20,Engineering,63.46,95.33,40.08,65.56,66.58,61.5,74.85,60.284,D,2.9,No,Yes,PhD,Low,7
S3541,Sara,Smith,student2541@university.edu,Male,19,Business,56.99,75.4,42.32,80.06,83.71,98.7,55.22,62.716,D,1.7,No,Yes,Master's,Medium,8
S3542,Ahmed,Smith,student2542@university.edu,Male,19,Engineering,90.38,86.39,41.46,69.9,76.82,73.8,93.25,61.464,D,3.7,Yes,Yes,High School,Low,9
S3543,Maria,Brown,student2543@university.edu,Male,22,CS,64.35,84.91,71.38,95.34,83.28,99.5,53.0,74.316,C,3.5,No,Yes,None,Medium,9
S3544,Emma,Davis,student2544@university.edu,Male,18,Business,61.94,50.63,72.65,54.91,92.35,0.4,40.51,54.775,E,8.6,No,Yes,Bachelor's,Medium,6
S3545,Sara,Johnson,student2545@university.edu,Male,23,Mathematics,78.83,94.08,99.01,62.0,62.13,63.9,52.36,77.135,C,8.8,Yes,Yes,Bachelor's,Medium,2
S3546,Sara,Davis,student2546@university.edu,Female,19,CS,73.53,47.24,58.87,82.0,64.44,8.6,50.6,54.006,E,6.0,Yes,Yes,Bachelor's,Medium,5
S3547,Ali,Davis,student2547@university.edu,Female,23,Engineering,56.42,79.86,64.18,61.52,74.5,29.2,61.61,60.394,D,8.8,Yes,Yes,PhD,Medium,1
S3548,Ali,Davis,student2548@university.edu,Male,24,Business,55.82,72.6,52.52,92.99,62.33,50.4,58.38,55.897,E,3.9,Yes,Yes,PhD,Low,5
S3549,John,Smith,student2549@university.edu,Female,23,Engineering,92.67,62.88,90.76,66.02,65.48,95.4,71.18,73.131,C,4.7,No,Yes,Master's,High,7
S3550,Ali,Davis,student2550@university.edu,Female,22,Business,96.42,90.78,95.67,51.94,60.92,30.9,79.37,72.623,C,4.7,No,Yes,PhD,Low,6
S3551,Omar,Johnson,student2551@university.edu,Female,18,CS,91.99,74.43,51.86,52.52,73.99,48.5,54.08,56.355,E,6.7,Yes,Yes,None,High,6
S3552,John,Williams,student2552@university.edu,Male,24,CS,57.84,69.73,76.09,53.07,60.06,88.4,99.3,70.456,C,2.5,No,No,High School,Low,9
S3553,Liam,Smith,student2553@university.edu,Male,18,CS,62.13,87.78,89.77,63.35,72.99,74.7,79.47,79.704,C,3.8,No,Yes,PhD,Medium,8
S3554,Emma,Williams,student2554@university.edu,Female,19,Engineering,90.68,41.14,66.53,81.74,66.66,13.9,79.72,69.622,D,5.7,Yes,Yes,Bachelor's,Low,8
S3555,Sara,Jones,student2555@university.edu,Male,20,Engineering,91.58,98.29,65.72,95.95,56.95,49.6,83.95,79.062,C,7.1,No,Yes,None,Medium,2
S3556,John,Williams,student2556@university.edu,Male,24,CS,73.39,86.65,75.08,90.7,57.84,64.4,44.42,72.108,C,9.1,Yes,Yes,Bachelor's,Low,1
S3557,Liam,Davis,student2557@university.edu,Male,19,CS,89.03,87.71,65.37,58.72,81.24,8.1,58.79,61.487,D,9.0,No,Yes,Master's,High,9
S3558,Ahmed,Smith,student2558@university.edu,Female,21,Engineering,98.34,99.69,95.12,61.04,78.8,2.4,73.81,69.486,D,3.2,Yes,Yes,Master's,Low,1
S3559,Liam,Williams,student2559@university.edu,Female,23,Mathematics,69.7,65.11,58.92,83.22,71.4,3.4,76.01,55.886,E,4.9,Yes,Yes,Master's,Low,8
S3560,Sara,Brown,student2560@university.edu,Male,18,Engineering,60.49,50.75,52.25,70.11,73.15,16.5,51.22,54.838,E,7.2,No,Yes,Master's,High,2
S3561,Ahmed,Williams,student2561@university.edu,Male,20,CS,76.76,87.03,89.8,95.98,72.95,85.3,42.39,78.637,C,6.8,Yes,Yes,None,Medium,7
S3562,Ali,Davis,student2562@university.edu,Female,20,Mathematics,78.47,90.03,51.12,84.02,60.8,87.4,69.54,65.704,D,4.0,Yes,Yes,Master's,Medium,2
S3563,Ali,Brown,student2563@university.edu,Male,18,CS,83.73,92.85,61.91,85.98,68.57,10.3,55.97,58.037,E,5.7,Yes,Yes,Bachelor's,Low,7
S3564,Ahmed,Johnson,student2564@university.edu,Female,24,Business,91.25,84.11,91.0,54.49,72.96,40.7,57.68,66.695,D,4.2,No,Yes,High School,Medium,5
S3565,Emma,Johnson,student2565@university.edu,Male,20,Engineering,50.29,73.06,85.66,78.24,97.76,71.4,69.94,78.077,C,1.7,No,Yes,High School,Medium,5
S3566,Sara,Brown,student2566@university.edu,Female,22,Mathematics,83.67,69.37,90.11,82.58,89.41,71.4,86.19,78.714,C,6.4,No,Yes,Bachelor's,Medium,3
S3567,Maria,Brown,student2567@university.edu,Male,19,Engineering,65.98,61.2,68.92,96.26,50.56,90.8,71.74,64.478,D,2.8,Yes,Yes,PhD,Low,10
S3568,Ahmed,Jones,student2568@university.edu,Female,22,CS,74.18,63.42,71.27,67.36,69.03,57.2,88.99,68.73,D,6.8,Yes,Yes,Master's,Low,8
S3569,John,Brown,student2569@university.edu,Female,21,Engineering,51.46,89.72,47.14,98.15,96.89,92.5,73.86,68.515,D,4.0,No,No,Bachelor's,Low,3
S3570,Ali,Williams,student2570@university.edu,Female,24,CS,98.48,64.69,66.12,65.05,90.79,26.8,61.21,57.607,E,7.2,Yes,Yes,High School,Medium,7
S3571,Ahmed,Brown,student2571@university.edu,Female,20,Business,68.79,60.58,47.2,59.07,66.02,83.5,91.06,58.044,E,2.7,No,Yes,Bachelor's,Medium,3
S3572,Liam,Davis,student2572@university.edu,Male,22,Mathematics,72.14,60.17,50.11,62.47,93.12,29.5,72.34,60.974,D,6.6,No,Yes,None,Low,6
S3573,Sara,Brown,student2573@university.edu,Male,18,Engineering,83.72,85.22,50.5,87.86,70.81,63.5,40.55,60.564,D,3.6,Yes,Yes,High School,Medium,7
S3574,Maria,Jones,student2574@university.edu,Female,22,Engineering,54.56,44.77,78.34,81.28,68.74,4.4,81.85,63.193,D,9.0,Yes,Yes,None,Low,10
S3575,John,Brown,student2575@university.edu,Male,22,CS,82.96,56.97,91.01,63.68,86.54,90.2,53.64,73.448,C,9.2,No,Yes,Master's,Low,8
S3576,Liam,Smith,student2576@university.edu,Female,20,Business,70.47,67.85,41.21,79.42,95.12,43.6,66.6,60.896,D,5.4,No,Yes,High School,Medium,7
S3577,John,Jones,student2577@university.edu,Male,24,CS,96.72,92.34,92.57,61.17,99.63,94.6,92.27,84.02,B,6.9,No,Yes,Bachelor's,Medium,9
S3578,Ali,Williams,student2578@university.edu,Male,23,Mathematics,68.36,56.08,41.22,91.54,87.5,85.4,66.39,62.166,D,1.2,Yes,Yes,PhD,High,8
S3579,John,Williams,student2579@university.edu,Female,24,Mathematics,88.98,62.59,41.57,84.18,67.98,76.6,92.83,63.601,D,8.0,Yes,Yes,Bachelor's,Medium,10
S3580,Liam,Davis,student2580@university.edu,Male,20,Engineering,57.78,65.66,69.22,60.3,97.38,85.0,61.81,62.622,D,6.6,Yes,No,Bachelor's,Medium,7
S3581,Ali,Williams,student2581@university.edu,Male,23,Business,52.31,62.85,97.17,98.38,86.95,48.1,84.69,72.131,C,2.2,Yes,Yes,None,Medium,10
S3582,Emma,Jones,student2582@university.edu,Female,23,Business,50.89,57.59,94.39,76.53,51.4,95.6,60.26,71.787,C,7.4,Yes,Yes,Master's,Low,2
S3583,John,Smith,student2583@university.edu,Female,20,CS,80.81,45.82,50.57,50.25,68.4,34.8,94.21,55.429,E,5.9,Yes,Yes,Master's,Low,2
S3584,Ali,Brown,student2584@university.edu,Male,20,Engineering,71.68,62.46,71.37,98.82,94.6,52.9,41.74,74.278,C,3.6,Yes,Yes,Bachelor's,Medium,8
S3585,Sara,Jones,student2585@university.edu,Male,22,CS,99.42,44.37,64.92,99.8,60.72,37.3,59.68,58.743,E,2.0,Yes,Yes,Master's,Medium,5
S3586,Ali,Johnson,student2586@university.edu,Male,20,Engineering,55.02,96.02,86.83,97.87,93.19,15.2,71.16,79.508,C,6.7,Yes,Yes,High School,High,2
S3587,Sara,Johnson,student2587@university.edu,Female,18,CS,92.04,59.18,72.06,50.27,77.35,96.9,99.07,67.759,D,4.6,Yes,Yes,PhD,Low,1
S3588,Emma,Smith,student2588@university.edu,Male,21,Business,56.54,99.84,54.59,94.79,81.32,18.1,62.15,68.746,D,6.8,Yes,Yes,High School,Medium,9
S3589,Sara,Williams,student2589@university.edu,Female,19,Engineering,63.1,78.01,60.14,98.23,98.11,66.5,58.55,70.657,C,5.7,No,Yes,High School,Low,2
S3590,Emma,Williams,student2590@university.edu,Female,20,Mathematics,83.49,76.16,45.42,89.39,54.13,99.0,86.65,72.906,C,8.7,Yes,Yes,None,Medium,6
S3591,Omar,Brown,student2591@university.edu,Male,21,Engineering,55.23,78.73,88.19,67.24,72.04,99.8,75.98,71.388,C,4.0,Yes,No,Bachelor's,Medium,2
S3592,John,Davis,student2592@university.edu,Female,21,CS,68.62,66.5,88.04,92.68,70.91,3.0,47.17,64.715,D,6.2,Yes,Yes,Master's,Medium,10
S3593,Maria,Smith,student2593@university.edu,Male,18,CS,93.29,86.35,95.91,71.24,69.94,73.0,79.21,82.648,B,6.9,No,Yes,Bachelor's,High,3
S3594,Maria,Johnson,student2594@university.edu,Male,22,Engineering,52.55,46.87,41.23,69.47,70.42,98.9,86.9,66.775,D,5.2,No,Yes,Master's,Medium,4
S3595,Ali,Davis,student2595@university.edu,Female,23,Engineering,65.42,47.95,70.27,94.25,52.29,44.3,66.39,65.217,D,2.0,Yes,Yes,Master's,Low,4
S3596,Sara,Williams,student2596@university.edu,Female,19,Engineering,50.32,62.81,88.67,71.0,99.54,15.7,63.71,68.363,D,7.6,No,Yes,Master's,Low,1
S3597,Emma,Davis,student2597@university.edu,Male,24,CS,57.92,59.96,46.6,70.95,68.88,23.7,41.57,55.696,E,6.2,No,Yes,None,Low,10
S3598,Maria,Smith,student2598@university.edu,Male,21,CS,91.65,50.75,41.22,61.76,54.35,74.4,66.11,55.697,E,4.2,Yes,Yes,None,Low,7
S3599,Omar,Brown,student2599@university.edu,Male,18,Engineering,60.04,51.53,85.3,97.18,64.8,7.7,49.01,64.515,D,3.4,Yes,Yes,High School,Low,9
S3600,Maria,Smith,student2600@university.edu,Male,22,Business,58.47,59.31,55.68,79.54,80.16,14.1,40.69,48.974,F,3.6,No,Yes,High School,Medium,10
S3601,Emma,Jones,student2601@university.edu,Female,20,Business,80.07,74.7,74.04,51.26,53.16,84.8,98.06,75.522,C,5.5,No,Yes,None,Medium,7
S3602,John,Jones,student2602@university.edu,Male,20,Business,69.97,41.18,58.25,84.29,95.14,97.3,90.33,66.754,D,4.9,Yes,Yes,PhD,Low,5
S3603,Sara,Davis,student2603@university.edu,Male,18,CS,68.06,62.79,57.8,67.4,85.98,65.7,52.45,61.265,D,9.1,Yes,No,High School,Medium,4
S3604,Ali,Brown,student2604@university.edu,Female,18,Business,99.95,77.37,53.56,60.14,74.42,22.0,95.03,65.962,D,5.0,No,Yes,High School,Medium,6
S3605,Emma,Jones,student2605@university.edu,Female,19,Mathematics,60.56,72.45,58.73,75.53,88.73,66.9,44.6,68.374,D,8.6,No,Yes,PhD,High,8
S3606,Ali,Brown,student2606@university.edu,Female,23,Business,71.13,75.66,46.59,72.84,66.02,27.2,67.06,58.504,E,6.6,No,Yes,High School,Medium,10
S3607,Ali,Jones,student2607@university.edu,Male,24,Mathematics,62.77,48.23,62.23,72.39,97.87,90.2,84.34,67.751,D,6.4,No,Yes,None,Low,6
S3608,Sara,Williams,student2608@university.edu,Female,24,Engineering,83.01,88.88,97.78,51.05,96.53,65.7,91.97,81.479,B,3.5,No,Yes,High School,Medium,4
S3609,John,Davis,student2609@university.edu,Female,21,Mathematics,53.45,60.0,40.29,61.17,86.88,84.7,82.36,53.306,E,1.3,Yes,Yes,Bachelor's,High,9
S3610,John,Davis,student2610@university.edu,Male,23,CS,75.9,44.77,70.6,52.91,88.44,36.5,48.21,54.964,E,8.7,No,No,Bachelor's,High,10
S3611,Sara,Brown,student2611@university.edu,Female,22,Engineering,50.2,80.08,42.94,89.71,79.96,40.6,83.35,69.197,D,5.7,No,Yes,High School,High,3
S3612,John,Jones,student2612@university.edu,Female,18,CS,89.05,83.16,47.05,63.01,51.99,81.1,50.27,57.47,E,8.4,Yes,Yes,High School,High,4
S3613,Ahmed,Davis,student2613@university.edu,Female,22,Mathematics,70.7,56.04,56.68,64.9,91.04,95.6,78.64,72.834,C,5.3,No,Yes,Master's,High,5
S3614,Ali,Smith,student2614@university.edu,Female,21,Engineering,99.45,88.85,60.68,67.64,78.6,83.7,71.94,72.228,C,7.3,No,Yes,None,High,9
S3615,Maria,Williams,student2615@university.edu,Female,21,Engineering,58.34,70.21,74.23,96.69,93.53,10.9,42.4,65.622,D,8.8,No,Yes,None,Low,7
S3616,Ali,Smith,student2616@university.edu,Female,18,Engineering,96.15,94.18,59.57,65.26,82.98,52.9,84.64,71.636,C,9.7,No,Yes,High School,Low,4
S3617,Sara,Johnson,student2617@university.edu,Male,21,Engineering,64.47,62.18,56.78,74.67,61.05,19.4,93.85,65.592,D,4.7,No,Yes,Bachelor's,Medium,5
S3618,Ahmed,Davis,student2618@university.edu,Female,20,Business,84.73,62.62,67.88,79.52,69.5,38.2,63.24,65.103,D,4.7,Yes,No,High School,Medium,1
S3619,Omar,Smith,student2619@university.edu,Male,20,Engineering,70.34,41.91,87.76,78.4,79.12,35.7,64.43,65.267,D,5.9,No,Yes,Bachelor's,Medium,6
S3620,Ali,Brown,student2620@university.edu,Female,22,Mathematics,82.88,95.62,79.22,60.31,67.68,42.7,77.57,65.395,D,4.0,Yes,Yes,None,Medium,3
S3621,Omar,Davis,student2621@university.edu,Female,24,Business,71.62,88.49,47.5,77.13,54.48,71.1,96.01,68.991,D,4.5,Yes,Yes,PhD,Medium,3
S3622,Maria,Smith,student2622@university.edu,Male,19,Mathematics,80.74,93.55,76.69,89.66,77.91,76.7,98.72,85.723,B,9.4,Yes,Yes,High School,Low,8
S3623,Ali,Brown,student2623@university.edu,Male,19,Business,60.79,70.91,89.93,64.28,71.79,0.3,73.27,68.459,D,8.9,Yes,Yes,High School,Low,1
S3624,Sara,Johnson,student2624@university.edu,Female,23,Engineering,79.65,62.78,80.6,69.76,71.8,58.8,40.94,59.273,E,3.8,Yes,Yes,Bachelor's,Medium,1
S3625,Sara,Davis,student2625@university.edu,Female,19,Engineering,65.58,71.11,86.54,60.32,89.57,56.7,64.76,71.927,C,7.2,No,Yes,Bachelor's,Medium,7
S3626,Liam,Smith,student2626@university.edu,Male,19,CS,50.67,61.93,93.11,87.05,97.51,32.8,76.76,78.242,C,7.3,Yes,Yes,None,Medium,4
S3627,Omar,Williams,student2627@university.edu,Female,24,Mathematics,96.98,66.32,59.13,87.48,87.18,62.7,42.57,61.847,D,7.0,Yes,No,Master's,Medium,5
S3628,Ali,Davis,student2628@university.edu,Female,22,Mathematics,64.22,69.34,66.21,87.47,84.8,49.7,93.49,79.051,C,8.1,No,Yes,None,Medium,5
S3629,Maria,Davis,student2629@university.edu,Female,18,Engineering,78.86,91.74,99.51,93.79,93.98,18.4,61.04,76.55,C,3.4,No,Yes,High School,Medium,2
S3630,Sara,Johnson,student2630@university.edu,Female,22,CS,90.06,85.26,78.64,63.24,60.32,41.2,40.93,67.201,D,7.9,No,Yes,Master's,Low,5
S3631,Ali,Brown,student2631@university.edu,Male,18,CS,76.05,78.19,85.68,61.03,63.69,65.7,74.59,72.314,C,6.3,Yes,Yes,PhD,Low,2
S3632,Sara,Smith,student2632@university.edu,Male,20,Engineering,55.31,77.42,49.72,66.11,64.03,87.0,42.13,66.416,D,8.8,No,Yes,High School,Low,4
S3633,Maria,Johnson,student2633@university.edu,Female,21,Mathematics,78.76,89.26,59.02,98.18,65.25,30.5,93.67,65.388,D,2.2,Yes,Yes,PhD,Low,4
S3634,Sara,Davis,student2634@university.edu,Male,19,Mathematics,73.8,77.22,47.56,90.68,88.5,20.2,51.51,57.624,E,3.0,Yes,Yes,High School,High,6
S3635,Emma,Johnson,student2635@university.edu,Male,21,CS,81.33,66.53,61.26,62.92,59.97,48.8,97.42,66.491,D,4.5,Yes,Yes,High School,Low,3
S3636,John,Smith,student2636@university.edu,Male,18,Mathematics,89.47,75.3,59.88,60.16,75.19,28.8,47.64,59.513,E,8.5,Yes,Yes,Bachelor's,High,9
S3637,Ahmed,Davis,student2637@university.edu,Male,20,Engineering,74.85,68.64,92.84,60.7,75.55,98.5,60.83,72.422,C,6.0,Yes,Yes,High School,Medium,9
S3638,Maria,Jones,student2638@university.edu,Female,24,Business,56.19,87.04,100.0,65.16,79.29,18.7,80.46,79.002,C,5.9,No,Yes,High School,Low,3
S3639,Liam,Brown,student2639@university.edu,Female,19,Mathematics,83.17,96.06,88.48,76.7,66.6,82.8,72.5,86.386,B,8.3,No,Yes,Master's,High,1
S3640,John,Davis,student2640@university.edu,Male,20,Mathematics,72.31,83.14,46.04,94.29,87.28,85.3,79.31,68.211,D,1.2,No,Yes,Master's,Medium,4
S3641,Emma,Jones,student2641@university.edu,Female,20,Mathematics,53.03,93.38,76.73,86.62,85.88,60.4,82.56,75.933,C,7.4,No,Yes,Master's,High,4
S3642,John,Williams,student2642@university.edu,Male,19,Mathematics,53.32,82.01,55.2,87.23,72.4,21.1,77.17,71.566,C,10.0,Yes,Yes,PhD,Medium,5
S3643,Maria,Williams,student2643@university.edu,Male,23,Business,85.15,52.57,77.86,65.69,69.71,80.6,65.99,76.919,C,9.5,No,Yes,Bachelor's,Medium,5
S3644,Emma,Davis,student2644@university.edu,Female,20,CS,75.79,75.29,62.66,89.56,68.97,4.4,41.86,55.808,E,3.1,Yes,Yes,PhD,Medium,8
S3645,Emma,Brown,student2645@university.edu,Male,18,Mathematics,58.36,97.81,77.06,71.61,89.34,22.1,52.18,74.595,C,7.6,Yes,Yes,PhD,High,9
S3646,Ali,Brown,student2646@university.edu,Male,20,Mathematics,97.97,43.23,99.06,75.53,78.72,41.7,56.26,75.019,C,9.1,No,Yes,Bachelor's,Low,3
S3647,Ahmed,Jones,student2647@university.edu,Male,23,Business,85.67,67.53,99.83,59.04,89.76,43.3,98.38,76.244,C,6.3,No,Yes,None,Low,7
S3648,Ali,Johnson,student2648@university.edu,Female,24,Mathematics,87.84,92.75,51.27,61.6,80.07,59.7,54.2,59.671,E,2.5,No,Yes,None,Medium,9
S3649,Omar,Jones,student2649@university.edu,Male,22,CS,88.43,59.31,55.07,69.48,69.36,39.8,83.71,61.462,D,9.8,No,Yes,PhD,Medium,9
S3650,Sara,Davis,student2650@university.edu,Male,24,Engineering,85.82,76.9,60.27,79.96,90.59,31.9,92.66,64.035,D,1.8,Yes,Yes,Bachelor's,Medium,4
S3651,John,Williams,student2651@university.edu,Female,21,CS,58.53,40.51,53.37,81.75,82.41,66.3,93.43,63.461,D,7.5,No,Yes,PhD,Low,2
S3652,John,Brown,student2652@university.edu,Male,20,Mathematics,95.32,89.49,63.15,61.57,84.85,11.1,78.51,66.722,D,8.9,Yes,Yes,Bachelor's,Medium,2
S3653,Maria,Williams,student2653@university.edu,Male,23,Business,88.97,42.02,74.59,99.87,55.16,0.6,89.51,60.372,D,7.4,Yes,Yes,Bachelor's,Low,5
S3654,Omar,Davis,student2654@university.edu,Male,19,Engineering,93.81,58.41,71.09,76.65,80.69,53.9,58.88,66.725,D,6.2,Yes,Yes,PhD,Low,5
S3655,Emma,Jones,student2655@university.edu,Female,21,CS,64.83,84.67,95.25,56.46,58.98,7.1,94.78,72.386,C,8.5,Yes,Yes,PhD,High,9
S3656,Emma,Jones,student2656@university.edu,Male,23,Mathematics,68.13,47.95,60.06,61.15,92.62,51.2,58.98,60.344,D,9.9,No,Yes,None,Medium,7
S3657,Emma,Brown,student2657@university.edu,Male,18,CS,61.35,65.07,59.39,73.27,68.9,22.0,43.07,53.648,E,3.3,Yes,Yes,High School,Medium,6
S3658,Omar,Jones,student2658@university.edu,Female,23,Business,88.21,72.68,93.28,82.45,76.29,14.2,57.4,72.077,C,6.3,No,No,PhD,Medium,6
S3659,John,Brown,student2659@university.edu,Female,21,Engineering,56.2,65.68,41.76,57.56,91.81,84.9,63.74,51.101,E,6.2,Yes,Yes,None,Low,4
S3660,John,Brown,student2660@university.edu,Female,19,Business,87.11,68.63,92.57,85.65,72.59,86.8,95.96,78.778,C,1.8,No,Yes,Master's,Low,10
S3661,John,Jones,student2661@university.edu,Male,21,Business,84.79,97.3,76.38,94.68,68.89,62.1,82.72,75.715,C,2.1,No,Yes,PhD,Medium,7
S3662,Maria,Jones,student2662@university.edu,Female,23,Engineering,60.52,81.88,81.71,95.51,74.55,2.7,75.98,73.869,C,4.2,Yes,Yes,PhD,Low,4
S3663,Emma,Smith,student2663@university.edu,Female,23,Mathematics,71.14,79.2,81.94,99.36,96.4,42.2,85.43,75.23,C,1.2,No,Yes,Master's,Low,1
S3664,Omar,Williams,student2664@university.edu,Female,23,Engineering,92.94,51.57,99.02,64.95,63.2,75.9,70.99,68.674,D,8.8,Yes,Yes,None,Low,2
S3665,Omar,Brown,student2665@university.edu,Male,22,Engineering,83.29,45.66,84.78,53.06,72.76,43.6,62.22,60.678,D,2.1,No,Yes,Bachelor's,Low,7
S3666,John,Davis,student2666@university.edu,Female,24,Business,51.91,81.03,61.87,87.23,78.42,38.1,42.99,59.679,E,3.9,No,Yes,None,Low,5
S3667,Ali,Johnson,student2667@university.edu,Male,21,Engineering,61.33,89.7,52.33,87.61,65.7,48.6,67.94,69.092,D,7.9,Yes,Yes,None,Medium,5
S3668,Emma,Brown,student2668@university.edu,Female,19,Engineering,59.89,53.45,80.42,85.26,57.89,70.0,46.89,65.851,D,5.8,No,Yes,None,High,5
S3669,Emma,Brown,student2669@university.edu,Male,19,Business,71.67,62.39,68.92,64.89,79.71,70.7,66.57,61.322,D,1.6,No,Yes,None,Medium,7
S3670,Ali,Davis,student2670@university.edu,Female,22,Mathematics,61.95,89.14,65.73,77.47,69.82,78.9,51.24,64.643,D,3.6,Yes,Yes,PhD,Medium,2
S3671,Omar,Davis,student2671@university.edu,Male,22,Business,64.87,73.88,61.41,90.65,95.63,73.2,50.3,65.207,D,1.8,Yes,Yes,High School,High,1
S3672,Maria,Jones,student2672@university.edu,Female,19,Business,93.44,47.94,49.29,58.17,72.15,19.8,70.17,56.428,E,9.2,Yes,No,Master's,High,6
S3673,Ahmed,Brown,student2673@university.edu,Male,21,Engineering,68.91,42.58,47.53,75.71,79.16,63.5,72.55,59.157,E,2.7,No,Yes,High School,Low,7
S3674,Omar,Smith,student2674@university.edu,Male,18,CS,91.29,63.64,57.53,94.74,72.25,65.5,51.23,59.609,E,2.3,No,Yes,High School,Medium,9
S3675,Ahmed,Johnson,student2675@university.edu,Female,23,Engineering,85.61,99.25,81.62,71.82,98.58,92.1,49.03,75.869,C,5.1,Yes,Yes,Master's,Medium,8
S3676,Maria,Smith,student2676@university.edu,Female,19,Engineering,60.61,85.77,55.33,78.13,73.27,40.7,67.38,65.096,D,3.5,No,Yes,PhD,Medium,9
S3677,John,Brown,student2677@university.edu,Male,19,CS,97.02,86.23,77.66,57.17,68.51,1.2,70.05,69.299,D,8.3,Yes,Yes,Master's,High,2
S3678,Ahmed,Smith,student2678@university.edu,Female,21,Business,64.4,79.16,52.38,64.45,79.68,16.5,59.91,59.411,E,5.5,Yes,Yes,High School,Medium,5
S3679,Sara,Jones,student2679@university.edu,Male,21,Mathematics,85.08,56.29,57.82,53.03,52.77,96.1,41.26,57.856,E,7.3,No,Yes,None,High,7
S3680,Maria,Jones,student2680@university.edu,Male,21,CS,73.7,82.77,81.05,96.05,85.38,6.8,84.31,77.562,C,9.9,No,Yes,High School,Medium,7
S3681,Maria,Johnson,student2681@university.edu,Female,24,Engineering,74.48,80.62,50.46,56.79,55.74,36.9,53.33,60.016,D,4.4,Yes,Yes,None,High,7
S3682,Omar,Jones,student2682@university.edu,Female,18,Business,64.42,64.4,79.39,82.4,50.35,0.4,80.36,62.094,D,5.1,No,No,High School,Medium,5
S3683,Ahmed,Smith,student2683@university.edu,Male,23,Business,62.07,45.11,72.63,68.03,78.44,78.6,62.27,68.306,D,7.5,Yes,Yes,PhD,Low,6
S3684,Maria,Jones,student2684@university.edu,Male,21,Engineering,78.28,94.92,61.64,91.13,79.06,37.9,90.2,68.464,D,3.5,No,Yes,Master's,Low,9
S3685,Ahmed,Brown,student2685@university.edu,Male,20,Engineering,89.34,63.08,65.72,61.79,85.63,37.3,48.61,64.745,D,4.2,Yes,Yes,PhD,Medium,4
S3686,Omar,Brown,student2686@university.edu,Male,20,Engineering,99.62,93.03,95.58,60.89,83.41,18.5,77.4,78.556,C,4.4,No,Yes,Master's,High,10
S3687,Emma,Brown,student2687@university.edu,Female,23,Business,60.6,96.79,73.28,93.02,70.59,94.6,49.99,71.782,C,2.2,Yes,Yes,None,Low,6
S3688,Ali,Davis,student2688@university.edu,Male,24,Engineering,65.75,87.12,70.9,65.97,95.67,51.0,61.08,68.888,D,7.1,No,Yes,High School,Medium,8
S3689,Omar,Williams,student2689@university.edu,Male,20,CS,98.2,60.45,57.82,87.86,56.8,35.1,43.59,57.589,E,7.6,Yes,Yes,None,Low,6
S3690,Sara,Johnson,student2690@university.edu,Female,20,CS,79.4,87.81,57.97,65.84,65.11,68.2,49.79,56.875,E,1.9,No,Yes,Master's,Low,8
S3691,Ali,Davis,student2691@university.edu,Female,20,Mathematics,67.87,41.61,92.56,54.56,54.49,28.8,62.02,65.278,D,8.6,No,Yes,None,High,6
S3692,Ali,Jones,student2692@university.edu,Female,19,Business,78.78,47.45,52.88,69.11,85.96,1.2,48.86,49.79,F,3.9,Yes,Yes,Bachelor's,High,6
S3693,Liam,Williams,student2693@university.edu,Male,22,Engineering,58.75,53.27,46.59,90.92,82.42,52.3,72.92,60.752,D,2.7,Yes,Yes,None,Low,8
S3694,Emma,Johnson,student2694@university.edu,Female,23,CS,96.15,41.1,93.73,97.18,79.87,81.0,93.93,83.341,B,9.8,No,Yes,High School,Medium,2
S3695,Liam,Williams,student2695@university.edu,Female,22,CS,75.49,60.47,91.21,54.23,78.25,22.1,52.85,60.647,D,5.2,No,Yes,Bachelor's,Low,8
S3696,Sara,Brown,student2696@university.edu,Male,19,Engineering,80.72,92.98,86.52,68.41,60.52,5.6,82.38,70.005,C,7.8,Yes,Yes,None,High,9
S3697,John,Johnson,student2697@university.edu,Male,20,CS,79.4,83.57,97.06,93.56,70.47,78.9,95.26,88.945,B,9.9,No,Yes,Master's,Medium,7
S3698,John,Jones,student2698@university.edu,Male,24,Business,69.86,95.42,66.74,72.03,92.75,72.5,55.91,73.722,C,9.3,No,Yes,None,Low,8
S3699,Omar,Brown,student2699@university.edu,Male,20,CS,93.53,94.85,45.18,63.07,69.62,73.7,41.59,68.335,D,9.6,Yes,Yes,None,Medium,5
S3700,John,Johnson,student2700@university.edu,Female,23,Mathematics,99.51,99.64,79.36,74.54,87.01,27.3,51.09,72.711,C,1.8,No,Yes,Bachelor's,Medium,8
S3701,Sara,Johnson,student2701@university.edu,Female,18,Engineering,52.18,61.52,87.41,62.53,52.13,29.9,75.87,72.626,C,9.7,No,Yes,Master's,Low,8
S3702,Omar,Brown,student2702@university.edu,Male,21,CS,57.39,97.43,80.97,54.58,90.01,69.0,90.48,81.31,B,8.1,Yes,No,PhD,High,2
S3703,Ali,Brown,student2703@university.edu,Female,24,CS,99.23,94.75,91.58,87.9,59.13,91.5,92.84,79.633,C,3.4,Yes,Yes,PhD,High,10
S3704,Sara,Johnson,student2704@university.edu,Female,24,CS,74.6,58.34,53.78,63.5,77.39,46.7,87.9,59.083,E,2.3,Yes,Yes,Master's,Medium,2
S3705,Sara,Jones,student2705@university.edu,Male,19,Mathematics,64.51,67.61,53.75,91.25,58.48,31.0,98.39,67.837,D,4.4,Yes,Yes,Master's,Medium,2
S3706,John,Brown,student2706@university.edu,Male,24,Business,61.89,63.38,98.85,84.79,72.56,28.6,66.69,77.537,C,5.2,No,Yes,None,Medium,2
S3707,John,Brown,student2707@university.edu,Female,18,Business,75.47,73.73,69.55,50.52,68.79,87.6,51.68,55.849,E,1.5,Yes,Yes,Master's,Medium,7
S3708,Liam,Smith,student2708@university.edu,Female,21,CS,72.44,99.42,81.72,85.42,97.17,20.9,61.41,76.304,C,6.0,No,No,Bachelor's,Low,2
S3709,Liam,Williams,student2709@university.edu,Male,21,Mathematics,98.18,63.57,48.25,78.54,69.98,15.5,65.96,57.514,E,5.7,No,Yes,Bachelor's,Low,2
S3710,Ali,Davis,student2710@university.edu,Male,18,Mathematics,69.8,72.41,78.8,52.54,68.91,26.0,58.16,60.841,D,1.1,No,Yes,Master's,Medium,1
S3711,Emma,Williams,student2711@university.edu,Male,21,Business,67.42,94.88,58.13,60.2,55.82,48.7,60.04,66.512,D,8.5,Yes,Yes,High School,Low,8
S3712,Emma,Brown,student2712@university.edu,Male,23,Business,78.96,93.26,73.62,50.44,82.31,41.7,49.89,64.946,D,8.3,Yes,Yes,PhD,Medium,3
S3713,Maria,Jones,student2713@university.edu,Female,24,CS,61.28,70.19,42.06,54.49,76.92,30.2,93.75,63.159,D,9.5,No,Yes,Bachelor's,Medium,8
S3714,Emma,Davis,student2714@university.edu,Female,19,Mathematics,67.43,41.71,92.31,91.81,70.94,38.7,96.7,71.84,C,2.4,No,Yes,High School,Medium,8
S3715,Emma,Brown,student2715@university.edu,Female,24,Business,95.35,61.66,76.58,57.81,68.55,28.4,79.24,65.258,D,6.4,No,Yes,Master's,Medium,8
S3716,Omar,Brown,student2716@university.edu,Female,18,Business,60.35,69.96,67.74,82.91,98.45,48.9,79.88,64.544,D,3.7,Yes,Yes,None,High,8
S3717,Liam,Smith,student2717@university.edu,Male,21,Engineering,55.6,45.1,47.15,87.88,79.35,54.7,95.04,65.042,D,9.7,No,Yes,PhD,Medium,9
S3718,Omar,Williams,student2718@university.edu,Male,21,Engineering,61.27,43.88,93.96,90.4,64.57,33.2,96.88,61.294,D,2.4,Yes,Yes,Bachelor's,High,7
S3719,Emma,Johnson,student2719@university.edu,Female,24,Business,54.13,60.67,61.96,57.52,97.63,40.2,92.06,62.233,D,9.2,Yes,Yes,Bachelor's,Medium,2
S3720,Omar,Jones,student2720@university.edu,Female,18,Business,75.62,41.98,68.34,58.69,77.07,83.4,90.49,69.58,D,9.9,No,Yes,High School,High,6
S3721,Liam,Davis,student2721@university.edu,Male,22,CS,59.24,92.27,97.36,75.81,57.93,60.3,84.1,79.924,C,3.8,Yes,Yes,Bachelor's,Low,10
S3722,Omar,Williams,student2722@university.edu,Female,22,CS,69.49,80.85,87.64,55.73,52.5,50.6,43.6,65.995,D,8.8,Yes,No,None,Low,7
S3723,Omar,Williams,student2723@university.edu,Male,23,Business,75.45,56.55,89.3,76.73,84.41,1.2,50.59,65.658,D,4.9,Yes,Yes,PhD,Medium,4
S3724,Emma,Brown,student2724@university.edu,Female,24,CS,65.14,66.76,97.27,99.16,98.12,10.2,78.05,74.554,C,1.5,No,No,PhD,Low,9
S3725,Ahmed,Brown,student2725@university.edu,Male,21,CS,76.84,56.51,86.07,76.44,67.97,14.6,48.37,60.734,D,5.1,No,Yes,Bachelor's,Medium,6
S3726,Omar,Smith,student2726@university.edu,Female,20,Engineering,66.39,99.91,98.86,83.77,77.09,48.4,41.45,84.473,B,9.6,Yes,Yes,Master's,Medium,5
S3727,Maria,Williams,student2727@university.edu,Female,18,Business,68.88,46.33,95.78,58.11,86.3,39.2,69.57,68.537,D,3.2,Yes,Yes,None,High,8
S3728,Sara,Williams,student2728@university.edu,Male,24,Mathematics,74.13,75.59,74.14,63.67,86.41,15.5,69.2,65.681,D,7.6,Yes,Yes,Bachelor's,Medium,7
S3729,Ahmed,Smith,student2729@university.edu,Male,23,CS,62.83,82.96,49.31,88.55,67.63,97.4,78.18,65.398,D,5.3,Yes,Yes,Master's,Medium,8
S3730,Maria,Williams,student2730@university.edu,Male,21,Mathematics,50.7,58.81,86.48,89.18,55.65,5.5,76.24,66.107,D,9.1,Yes,Yes,Master's,Medium,8
S3731,Maria,Jones,student2731@university.edu,Female,22,CS,50.93,51.34,61.11,51.29,63.34,6.5,91.4,59.92,E,6.7,No,Yes,PhD,Low,10
S3732,Emma,Brown,student2732@university.edu,Male,23,Engineering,75.94,45.94,98.65,95.29,77.0,6.7,98.85,70.672,C,2.7,No,Yes,High School,Medium,2
S3733,Omar,Smith,student2733@university.edu,Male,21,Engineering,70.46,98.92,73.96,77.26,84.65,37.8,42.18,67.905,D,6.1,No,Yes,PhD,Low,5
S3734,John,Johnson,student2734@university.edu,Female,21,CS,91.48,76.83,77.42,67.31,97.88,2.8,53.71,66.081,D,6.7,No,Yes,High School,High,3
S3735,John,Williams,student2735@university.edu,Male,23,Mathematics,58.36,46.13,58.67,85.16,57.92,65.9,53.16,54.041,E,2.7,Yes,Yes,High School,Medium,8
S3736,Sara,Smith,student2736@university.edu,Male,23,Business,65.76,59.41,45.81,73.75,73.9,48.2,66.76,58.226,E,6.8,No,Yes,Bachelor's,Medium,1
S3737,Ahmed,Brown,student2737@university.edu,Male,22,Engineering,64.63,50.12,42.2,89.23,52.0,52.5,59.71,49.047,F,1.3,Yes,Yes,High School,Low,4
S3738,Emma,Brown,student2738@university.edu,Female,21,Engineering,68.13,62.91,89.64,95.8,83.2,84.5,55.3,77.258,C,6.7,Yes,Yes,Master's,High,6
S3739,Ahmed,Smith,student2739@university.edu,Male,23,Mathematics,91.57,90.99,65.01,89.32,77.03,76.5,77.82,70.822,C,1.4,Yes,Yes,PhD,Medium,5
S3740,Ali,Williams,student2740@university.edu,Male,21,Engineering,77.23,43.21,84.52,54.19,87.33,92.8,50.76,62.335,D,3.8,Yes,Yes,None,Medium,3
S3741,Maria,Johnson,student2741@university.edu,Male,18,CS,86.66,86.35,94.5,55.56,79.54,96.5,88.55,86.579,B,9.2,No,Yes,None,Medium,2
S3742,Ahmed,Smith,student2742@university.edu,Female,20,CS,64.65,92.8,60.0,51.22,69.03,89.5,66.68,62.17,D,7.0,Yes,Yes,Master's,Medium,5
S3743,Omar,Johnson,student2743@university.edu,Male,19,Mathematics,93.97,81.31,81.66,53.24,57.9,16.3,95.47,68.639,D,5.6,Yes,Yes,Master's,Medium,10
S3744,Ahmed,Smith,student2744@university.edu,Female,22,Mathematics,60.32,80.41,41.6,60.12,80.72,42.6,79.01,60.374,D,4.4,No,Yes,None,Medium,6
S3745,Omar,Williams,student2745@university.edu,Male,22,Business,77.42,46.4,85.63,79.11,74.35,36.6,53.75,64.197,D,3.6,Yes,Yes,PhD,Medium,3
S3746,Liam,Jones,student2746@university.edu,Female,22,Business,53.25,90.83,82.67,57.64,87.72,34.6,56.07,66.163,D,2.0,No,Yes,PhD,Low,10
S3747,John,Brown,student2747@university.edu,Male,20,Engineering,97.35,65.07,94.04,86.07,77.65,10.8,51.46,69.473,D,4.6,No,Yes,Bachelor's,Low,2
S3748,Emma,Brown,student2748@university.edu,Female,24,Business,50.69,41.4,84.41,92.27,73.28,35.0,73.03,68.729,D,9.7,No,Yes,None,Medium,1
S3749,Emma,Smith,student2749@university.edu,Male,23,CS,73.72,43.71,65.24,54.89,92.01,42.0,40.18,51.812,E,2.9,No,Yes,None,High,10
S3750,Ahmed,Johnson,student2750@university.edu,Male,21,Mathematics,55.11,78.42,40.59,95.53,58.86,12.8,88.16,60.064,D,6.3,No,Yes,None,Low,10
S3751,Omar,Williams,student2751@university.edu,Female,18,Mathematics,60.86,76.34,95.8,71.41,91.48,63.0,82.74,79.652,C,7.9,No,Yes,PhD,High,4
S3752,Sara,Smith,student2752@university.edu,Male,19,Business,98.77,74.12,53.72,87.15,64.79,41.6,54.66,57.494,E,1.4,Yes,Yes,None,Low,2
S3753,Ali,Johnson,student2753@university.edu,Female,22,Engineering,51.41,91.29,43.26,98.98,93.61,12.1,92.93,71.55,C,5.3,No,Yes,High School,Medium,7
S3754,Emma,Johnson,student2754@university.edu,Female,23,CS,98.76,76.54,98.55,95.63,65.02,56.2,56.84,78.055,C,9.2,Yes,Yes,Bachelor's,High,3
S3755,Ali,Jones,student2755@university.edu,Male,22,Engineering,76.21,61.33,96.52,97.73,61.82,53.6,94.52,77.228,C,5.7,No,Yes,Bachelor's,Low,4
S3756,Ali,Jones,student2756@university.edu,Male,21,Business,69.43,51.73,47.04,86.05,60.2,87.7,98.73,67.412,D,9.5,Yes,Yes,PhD,Low,9
S3757,Ahmed,Brown,student2757@university.edu,Female,18,Engineering,68.96,99.72,63.52,64.5,78.63,20.2,87.42,71.997,C,1.5,No,Yes,PhD,Low,1
S3758,John,Davis,student2758@university.edu,Female,19,Business,96.95,81.98,72.16,80.08,76.79,85.5,72.06,71.9,C,3.5,No,Yes,Master's,Low,8
S3759,Ahmed,Williams,student2759@university.edu,Female,21,Business,70.07,46.3,67.66,93.22,58.05,9.2,57.32,56.811,E,5.2,No,Yes,High School,Medium,4
S3760,Sara,Jones,student2760@university.edu,Female,21,CS,88.08,59.4,72.58,70.14,51.74,41.0,95.74,65.982,D,2.8,Yes,Yes,None,Medium,8
S3761,Emma,Johnson,student2761@university.edu,Female,24,Business,81.64,46.95,88.42,80.09,70.77,80.8,64.2,69.714,D,5.7,Yes,Yes,PhD,High,2
S3762,Emma,Davis,student2762@university.edu,Male,19,Mathematics,61.98,94.01,65.5,52.08,85.2,9.8,87.11,63.68,D,2.2,Yes,Yes,PhD,High,8
S3763,Maria,Davis,student2763@university.edu,Male,21,Mathematics,84.7,92.23,60.74,69.27,74.87,42.7,47.4,60.681,D,8.0,No,Yes,PhD,Low,8
S3764,Liam,Williams,student2764@university.edu,Female,23,Business,77.36,49.81,42.96,52.18,93.39,58.5,82.22,56.875,E,8.4,No,Yes,PhD,Medium,5
S3765,Liam,Johnson,student2765@university.edu,Female,19,Mathematics,83.64,69.58,42.39,78.22,79.71,35.6,50.18,60.225,D,6.6,Yes,Yes,None,Medium,4
S3766,Maria,Smith,student2766@university.edu,Male,24,Mathematics,76.67,70.52,62.42,61.99,63.22,32.3,94.34,61.577,D,5.9,No,Yes,Master's,High,9
S3767,Omar,Johnson,student2767@university.edu,Male,24,Engineering,94.21,86.09,62.99,52.99,92.52,23.1,58.83,68.762,D,7.6,Yes,Yes,None,Medium,4
S3768,Ahmed,Davis,student2768@university.edu,Male,24,Engineering,86.3,59.75,75.56,54.76,88.5,14.7,80.85,56.397,E,4.4,Yes,Yes,PhD,Low,7
S3769,Liam,Johnson,student2769@university.edu,Female,22,Mathematics,74.8,75.46,66.15,87.67,81.56,62.2,81.81,74.55,C,2.7,Yes,Yes,Master's,Medium,9
S3770,Omar,Smith,student2770@university.edu,Female,24,Engineering,99.44,90.76,45.46,95.68,94.93,49.8,71.46,64.102,D,5.5,No,No,Master's,Medium,7
S3771,Ahmed,Johnson,student2771@university.edu,Female,23,CS,89.51,81.31,40.86,67.76,99.03,84.9,92.34,67.16,D,9.0,Yes,Yes,PhD,Medium,8
S3772,Omar,Smith,student2772@university.edu,Male,22,CS,96.97,86.73,42.2,67.75,54.9,1.1,93.84,53.15,E,7.0,Yes,Yes,Master's,Low,2
S3773,Ahmed,Jones,student2773@university.edu,Male,24,Mathematics,74.08,86.6,86.49,76.41,77.09,67.0,94.23,78.212,C,2.6,No,Yes,None,High,7
S3774,Sara,Davis,student2774@university.edu,Male,21,Business,88.72,48.57,95.81,61.65,63.98,85.3,79.67,72.212,C,3.6,Yes,Yes,Master's,Low,5
S3775,Omar,Brown,student2775@university.edu,Male,20,Engineering,76.44,52.98,50.46,53.47,88.49,54.6,40.22,56.531,E,9.1,No,Yes,High School,Low,1
S3776,Liam,Johnson,student2776@university.edu,Female,21,Engineering,78.02,71.42,78.79,63.49,76.27,96.0,55.08,72.315,C,9.9,No,Yes,None,Medium,4
S3777,Sara,Smith,student2777@university.edu,Female,21,Business,97.52,69.25,58.67,65.37,84.89,59.6,64.29,62.464,D,5.5,Yes,Yes,PhD,Low,5
S3778,Omar,Davis,student2778@university.edu,Male,21,CS,73.65,91.14,59.72,72.43,99.87,99.1,99.64,82.196,B,6.8,No,Yes,High School,Medium,3
S3779,Maria,Johnson,student2779@university.edu,Male,22,CS,61.22,79.05,47.49,99.03,52.14,46.1,51.65,61.118,D,5.7,No,No,High School,High,3
S3780,Maria,Davis,student2780@university.edu,Male,24,CS,78.1,66.97,75.13,84.52,84.53,91.9,47.97,76.965,C,5.9,No,Yes,Bachelor's,High,3
S3781,Omar,Williams,student2781@university.edu,Male,23,Mathematics,73.39,57.2,98.71,61.16,91.18,28.3,96.68,75.773,C,9.4,No,Yes,High School,High,8
S3782,Maria,Smith,student2782@university.edu,Female,23,Engineering,77.47,60.14,54.83,64.01,95.11,52.4,48.16,57.805,E,4.1,No,No,PhD,Medium,1
S3783,Ali,Johnson,student2783@university.edu,Female,24,CS,98.41,95.43,83.89,52.12,70.11,43.3,95.66,73.512,C,1.5,Yes,No,PhD,Low,5
S3784,Ali,Davis,student2784@university.edu,Male,19,Business,78.71,66.88,45.95,71.69,53.81,29.7,51.53,60.169,D,8.3,Yes,Yes,PhD,Medium,1
S3785,Ahmed,Davis,student2785@university.edu,Male,23,Mathematics,81.19,85.83,50.95,96.16,96.96,27.1,81.8,73.57,C,4.6,No,Yes,None,Medium,1
S3786,Maria,Williams,student2786@university.edu,Male,24,Mathematics,68.86,92.34,96.03,83.0,81.67,8.4,67.54,73.3,C,2.1,No,Yes,Master's,Medium,1
S3787,Ahmed,Jones,student2787@university.edu,Male,21,Business,68.28,41.19,85.95,74.86,84.38,45.4,54.19,65.387,D,8.9,No,Yes,Bachelor's,Low,10
S3788,Ahmed,Jones,student2788@university.edu,Male,21,CS,54.71,51.79,87.51,73.17,70.66,44.5,51.97,68.419,D,8.1,No,Yes,Master's,Low,2
S3789,Sara,Johnson,student2789@university.edu,Male,21,Engineering,95.41,88.86,91.16,94.38,94.73,23.8,52.88,71.868,C,2.8,Yes,Yes,Master's,Medium,1
S3790,Maria,Johnson,student2790@university.edu,Male,24,Engineering,72.05,68.4,57.1,85.38,66.26,57.4,69.53,65.172,D,6.6,Yes,Yes,PhD,Medium,10
S3791,Omar,Johnson,student2791@university.edu,Male,20,CS,69.67,60.75,82.66,99.43,75.17,15.3,82.93,80.416,B,9.7,Yes,Yes,PhD,Low,10
S3792,Sara,Davis,student2792@university.edu,Female,22,Mathematics,71.38,84.4,77.71,64.8,90.49,56.8,80.96,67.301,D,5.1,No,Yes,Master's,High,1
S3793,Emma,Brown,student2793@university.edu,Male,22,Engineering,88.24,61.49,51.02,59.31,93.91,58.3,66.38,61.613,D,7.5,No,Yes,PhD,Medium,2
S3794,Liam,Smith,student2794@university.edu,Female,24,Mathematics,81.3,91.24,92.51,93.58,82.05,38.8,68.28,84.3,B,6.3,Yes,Yes,Master's,Medium,2
S3795,Liam,Williams,student2795@university.edu,Female,19,CS,55.58,44.16,80.67,71.09,95.04,10.2,53.65,55.04,E,3.3,No,Yes,PhD,Medium,1
S3796,Maria,Williams,student2796@university.edu,Female,23,Mathematics,84.43,97.34,92.75,50.73,56.09,0.3,50.97,63.538,D,6.1,Yes,Yes,PhD,High,8
S3797,Maria,Johnson,student2797@university.edu,Female,18,CS,58.83,98.78,57.43,98.07,66.29,44.7,49.16,68.992,D,3.5,Yes,Yes,None,Low,3
S3798,John,Brown,student2798@university.edu,Male,23,Engineering,93.56,69.83,62.9,55.1,97.89,9.9,46.74,58.058,E,6.0,Yes,Yes,None,Low,3
S3799,Emma,Davis,student2799@university.edu,Female,21,Business,51.31,76.87,63.3,78.6,80.23,99.0,74.13,74.425,C,5.1,No,Yes,PhD,Medium,3
S3800,Emma,Davis,student2800@university.edu,Male,21,CS,97.53,62.36,55.4,63.9,62.06,25.1,73.62,53.642,E,4.9,Yes,Yes,Master's,Low,3
S3801,Liam,Davis,student2801@university.edu,Female,23,Business,56.77,87.69,60.11,77.99,69.23,65.7,47.88,64.503,D,4.7,No,Yes,None,Low,10
S3802,John,Johnson,student2802@university.edu,Male,22,Business,63.81,77.45,52.59,54.91,82.07,11.9,85.53,58.08,E,1.3,No,Yes,Bachelor's,Medium,4
S3803,Maria,Williams,student2803@university.edu,Male,20,Business,92.19,72.1,82.13,94.39,55.24,31.9,64.87,72.327,C,5.7,No,Yes,PhD,Low,4
S3804,John,Smith,student2804@university.edu,Male,18,Engineering,66.09,63.36,53.45,55.79,78.53,54.5,56.26,61.0,D,7.3,Yes,Yes,None,Medium,10
S3805,Liam,Davis,student2805@university.edu,Male,24,Engineering,70.09,97.31,54.67,79.78,81.54,11.0,91.08,68.228,D,6.7,Yes,Yes,High School,Medium,3
S3806,Ali,Jones,student2806@university.edu,Male,18,CS,61.57,79.49,54.54,91.1,55.22,70.4,70.09,63.814,D,1.3,Yes,Yes,None,Medium,6
S3807,Emma,Jones,student2807@university.edu,Male,21,CS,51.6,96.78,61.82,54.05,95.1,84.4,55.86,64.036,D,1.7,No,No,Master's,Medium,2
S3808,Ali,Williams,student2808@university.edu,Male,22,Business,81.56,45.27,53.81,85.88,61.69,40.1,64.72,57.372,E,5.2,No,Yes,None,Medium,8
S3809,Omar,Brown,student2809@university.edu,Male,18,CS,91.66,66.12,97.36,74.48,69.69,31.2,40.73,65.903,D,3.0,No,Yes,Bachelor's,Medium,4
S3810,John,Johnson,student2810@university.edu,Male,21,Mathematics,98.31,56.23,92.29,57.35,66.21,57.3,42.64,61.986,D,6.6,No,Yes,Master's,Medium,1
S3811,Ali,Brown,student2811@university.edu,Male,22,Mathematics,50.33,85.72,57.92,51.97,56.2,8.9,91.85,64.75,D,9.5,No,No,Bachelor's,Low,1
S3812,Liam,Johnson,student2812@university.edu,Male,19,Business,76.58,85.62,97.15,62.25,84.03,5.7,96.51,80.552,B,8.8,Yes,Yes,PhD,Low,4
S3813,Emma,Brown,student2813@university.edu,Male,24,Mathematics,58.95,68.48,72.45,58.32,77.13,30.6,61.47,57.879,E,4.3,No,Yes,PhD,Medium,3
S3814,Ahmed,Jones,student2814@university.edu,Female,19,Engineering,76.36,55.16,61.48,89.68,90.32,16.9,49.97,59.948,E,4.4,No,Yes,High School,Low,1
S3815,Ali,Jones,student2815@university.edu,Male,24,Business,97.08,93.59,87.86,77.22,85.02,31.8,74.04,79.681,C,7.6,Yes,Yes,Bachelor's,Low,8
S3816,Maria,Williams,student2816@university.edu,Male,24,Business,71.49,89.17,95.66,89.33,69.67,48.8,48.66,76.541,C,9.4,No,Yes,High School,Medium,5
S3817,Maria,Johnson,student2817@university.edu,Male,18,Engineering,83.83,56.85,48.9,90.09,60.91,98.9,43.5,58.211,E,9.4,No,Yes,None,Low,7
S3818,Sara,Brown,student2818@university.edu,Female,23,Engineering,77.46,71.16,91.91,61.8,81.14,92.5,92.37,79.029,C,8.5,No,Yes,None,High,10
S3819,Liam,Johnson,student2819@university.edu,Male,22,CS,66.26,63.43,85.77,95.26,82.97,57.7,43.45,67.368,D,4.3,Yes,No,None,Medium,6
S3820,Liam,Davis,student2820@university.edu,Male,18,Business,98.19,62.01,84.83,78.06,72.87,94.9,49.7,62.615,D,4.6,No,Yes,High School,Medium,1
S3821,Ahmed,Williams,student2821@university.edu,Female,22,Engineering,57.4,75.47,54.19,88.62,90.82,20.0,78.97,70.44,C,9.0,No,Yes,PhD,Low,1
S3822,Ali,Johnson,student2822@university.edu,Male,20,Business,78.32,59.65,56.64,72.02,74.55,7.0,93.08,55.808,E,1.8,Yes,Yes,High School,Medium,5
S3823,Ali,Williams,student2823@university.edu,Male,19,Engineering,83.29,82.96,64.44,80.51,58.77,87.3,46.93,66.586,D,5.3,Yes,Yes,None,High,9
S3824,Ahmed,Smith,student2824@university.edu,Male,23,Engineering,75.76,65.82,44.47,51.1,84.19,61.5,81.52,56.832,E,2.5,No,Yes,Master's,Medium,1
S3825,Maria,Johnson,student2825@university.edu,Male,21,Mathematics,87.09,46.69,67.54,81.15,67.04,65.0,51.52,54.798,E,4.2,Yes,Yes,None,Medium,4
S3826,Omar,Jones,student2826@university.edu,Male,23,Mathematics,88.92,66.65,55.22,99.46,65.34,97.8,58.85,67.697,D,4.4,No,Yes,Master's,Medium,10
S3827,John,Jones,student2827@university.edu,Female,19,Mathematics,93.3,95.04,72.36,64.02,55.39,12.2,78.3,65.335,D,4.1,No,Yes,High School,Low,9
S3828,Omar,Johnson,student2828@university.edu,Male,23,Business,64.49,75.29,89.05,74.55,70.29,25.0,82.87,68.424,D,2.6,Yes,Yes,PhD,Medium,6
S3829,John,Williams,student2829@university.edu,Female,18,Mathematics,84.62,92.07,75.28,82.18,97.48,52.1,70.1,72.856,C,2.9,No,Yes,Master's,Low,2
S3830,Omar,Williams,student2830@university.edu,Female,19,Engineering,60.35,44.07,73.72,77.1,74.37,58.3,91.89,61.092,D,2.2,No,Yes,None,Low,3
S3831,Sara,Brown,student2831@university.edu,Female,19,Mathematics,93.64,71.16,62.48,76.17,52.92,30.6,84.46,66.103,D,5.9,Yes,Yes,Master's,Medium,1
S3832,Maria,Smith,student2832@university.edu,Female,19,CS,57.27,95.06,64.62,62.17,62.36,70.9,72.18,72.44,C,7.4,Yes,Yes,High School,Low,6
S3833,Emma,Jones,student2833@university.edu,Male,23,CS,78.78,40.28,87.03,72.19,50.51,18.5,64.29,58.101,E,5.0,No,Yes,None,Medium,9
S3834,Sara,Brown,student2834@university.edu,Male,18,Business,65.38,97.44,51.89,53.53,71.64,85.1,64.97,65.982,D,2.9,Yes,Yes,None,Low,5
S3835,Emma,Brown,student2835@university.edu,Female,22,Mathematics,78.48,66.19,96.01,79.01,99.45,13.2,50.91,68.606,D,4.9,No,Yes,Bachelor's,Low,7
S3836,John,Davis,student2836@university.edu,Female,21,Engineering,82.52,58.92,69.21,83.49,59.1,67.0,59.91,68.87,D,8.4,No,Yes,High School,Medium,1
S3837,Ahmed,Johnson,student2837@university.edu,Female,19,Engineering,80.27,42.19,62.9,64.56,76.02,29.4,66.67,54.426,E,4.3,No,Yes,High School,Low,2
S3838,Liam,Jones,student2838@university.edu,Male,19,Mathematics,76.74,75.36,68.88,98.19,88.45,6.4,89.42,76.458,C,8.4,Yes,No,High School,High,5
S3839,Liam,Jones,student2839@university.edu,Male,23,Business,63.6,71.53,97.24,87.43,84.5,99.7,83.78,82.854,B,8.7,Yes,Yes,High School,Medium,2
S3840,Sara,Brown,student2840@university.edu,Female,21,Business,68.73,57.51,48.25,89.8,85.08,20.9,92.7,58.555,E,4.5,Yes,Yes,Bachelor's,Low,3
S3841,Ali,Williams,student2841@university.edu,Female,18,Mathematics,82.91,76.11,61.91,63.87,96.42,16.2,68.11,66.315,D,6.5,No,Yes,Bachelor's,Medium,3
S3842,Ahmed,Jones,student2842@university.edu,Female,20,Engineering,59.21,48.44,53.79,72.72,85.47,54.8,73.56,61.808,D,7.0,No,Yes,PhD,Low,5
S3843,Sara,Smith,student2843@university.edu,Female,18,Mathematics,74.65,99.83,96.61,83.55,80.98,50.6,62.06,76.988,C,3.9,Yes,Yes,None,Medium,10
S3844,Liam,Williams,student2844@university.edu,Male,18,CS,77.87,62.74,55.93,51.33,64.03,86.9,64.38,59.911,E,4.7,No,Yes,PhD,Low,8
S3845,Maria,Williams,student2845@university.edu,Male,18,Mathematics,52.97,92.92,60.45,55.23,73.36,30.6,78.42,58.749,E,3.7,No,Yes,PhD,Low,9
S3846,Ali,Smith,student2846@university.edu,Male,22,Mathematics,56.99,44.91,58.75,98.28,85.53,17.0,98.16,68.303,D,8.2,Yes,Yes,High School,Medium,1
S3847,Liam,Brown,student2847@university.edu,Male,20,Business,60.67,43.76,63.52,89.92,87.0,37.5,74.9,66.076,D,7.1,Yes,Yes,High School,Medium,8
S3848,Ali,Brown,student2848@university.edu,Female,20,Business,79.13,56.39,56.35,61.18,53.63,43.7,98.5,63.435,D,4.6,No,Yes,PhD,Low,8
S3849,Ali,Johnson,student2849@university.edu,Female,18,Engineering,68.21,75.57,66.21,92.7,56.66,100.0,84.22,75.783,C,5.1,Yes,Yes,High School,Low,3
S3850,Omar,Davis,student2850@university.edu,Female,22,CS,96.89,88.2,70.03,57.01,99.42,54.0,77.66,76.298,C,6.9,Yes,Yes,Bachelor's,Low,10
S3851,Maria,Jones,student2851@university.edu,Female,21,Mathematics,97.35,42.27,78.87,63.24,55.75,40.5,85.53,59.783,E,9.4,No,Yes,High School,High,8
S3852,Sara,Jones,student2852@university.edu,Female,24,Mathematics,63.96,65.45,89.39,78.8,63.74,43.2,42.75,66.581,D,3.5,No,No,High School,Medium,8
S3853,John,Brown,student2853@university.edu,Female,19,CS,95.19,92.42,61.99,56.86,91.76,86.8,41.77,70.161,C,9.1,Yes,Yes,None,Medium,7
S3854,Liam,Smith,student2854@university.edu,Male,19,Business,62.48,58.4,61.45,51.71,72.37,86.8,62.75,59.089,E,9.0,No,Yes,PhD,Low,7
S3855,John,Brown,student2855@university.edu,Female,20,CS,51.7,47.91,66.41,91.79,60.78,80.5,45.62,66.311,D,7.4,Yes,Yes,Bachelor's,Medium,6
S3856,Liam,Davis,student2856@university.edu,Male,24,Engineering,91.25,60.9,78.67,84.02,82.39,36.4,62.2,68.998,D,8.6,Yes,Yes,None,Low,2
S3857,Maria,Brown,student2857@university.edu,Male,20,CS,51.91,98.99,75.97,88.8,68.3,6.5,89.95,76.105,C,9.1,Yes,Yes,PhD,Medium,10
S3858,Ali,Jones,student2858@university.edu,Male,24,Business,70.33,49.2,47.53,59.65,55.55,8.4,79.24,57.041,E,9.6,Yes,Yes,Master's,Medium,3
S3859,Ali,Williams,student2859@university.edu,Male,20,Mathematics,88.51,74.74,76.64,97.98,97.01,86.4,82.5,86.537,B,7.9,Yes,Yes,None,Medium,10
S3860,Emma,Williams,student2860@university.edu,Male,21,Mathematics,54.34,98.25,76.41,66.28,76.28,64.9,64.6,76.847,C,5.8,No,Yes,PhD,Medium,5
S3861,John,Williams,student2861@university.edu,Female,22,Mathematics,56.26,56.26,75.8,63.87,85.16,44.2,62.13,62.059,D,7.0,Yes,Yes,High School,Low,7
S3862,Ahmed,Davis,student2862@university.edu,Female,23,CS,52.93,58.46,43.79,55.32,94.96,1.8,60.69,53.443,E,8.8,Yes,Yes,High School,Medium,6
S3863,John,Brown,student2863@university.edu,Male,24,Mathematics,84.25,67.64,97.68,72.63,96.75,52.5,81.1,80.017,B,6.1,No,No,PhD,Medium,7
S3864,Sara,Johnson,student2864@university.edu,Male,23,Engineering,52.49,61.97,45.45,77.82,67.01,82.7,42.66,55.459,E,2.1,No,Yes,High School,Low,7
S3865,Omar,Jones,student2865@university.edu,Female,21,Mathematics,90.68,98.47,93.55,63.72,51.65,62.4,72.77,78.731,C,2.4,Yes,Yes,High School,Low,2
S3866,Ahmed,Johnson,student2866@university.edu,Male,19,Engineering,85.15,47.17,68.43,89.8,54.47,17.4,85.18,68.743,D,5.5,No,Yes,Master's,Low,7
S3867,Ali,Johnson,student2867@university.edu,Female,18,Engineering,59.9,41.38,88.04,62.65,61.1,1.9,42.29,54.037,E,5.6,No,Yes,High School,Medium,7
S3868,Omar,Jones,student2868@university.edu,Female,24,Business,51.71,72.68,57.24,53.27,76.94,98.5,62.61,67.046,D,7.3,Yes,Yes,PhD,Low,9
S3869,Emma,Smith,student2869@university.edu,Male,18,Business,79.25,64.24,69.69,66.63,97.56,24.0,58.34,68.046,D,4.7,No,Yes,PhD,Low,10
S3870,Liam,Davis,student2870@university.edu,Male,18,CS,85.85,95.07,87.96,89.99,52.9,45.4,62.33,71.197,C,4.8,No,Yes,None,Medium,9
S3871,Sara,Jones,student2871@university.edu,Female,21,Mathematics,90.35,63.87,93.48,81.5,61.41,60.8,78.65,75.941,C,9.5,Yes,Yes,Master's,High,8
S3872,Omar,Smith,student2872@university.edu,Male,19,Business,54.74,84.41,60.45,73.47,62.65,54.9,97.07,62.274,D,7.1,No,Yes,PhD,Medium,1
S3873,Sara,Davis,student2873@university.edu,Female,23,CS,64.89,65.91,85.76,73.94,78.04,11.0,95.67,67.666,D,8.1,No,Yes,Bachelor's,Low,9
S3874,Emma,Jones,student2874@university.edu,Female,18,Business,99.36,58.23,80.28,53.47,91.6,65.7,78.79,66.5,D,6.4,Yes,No,Bachelor's,High,7
S3875,Maria,Williams,student2875@university.edu,Female,20,CS,96.67,68.11,56.22,90.54,69.82,76.4,50.65,61.436,D,1.7,Yes,Yes,High School,Medium,9
S3876,Sara,Brown,student2876@university.edu,Female,23,Mathematics,72.24,86.02,53.74,62.74,71.11,97.2,57.16,66.66,D,9.2,No,Yes,Bachelor's,High,10
S3877,Emma,Williams,student2877@university.edu,Male,23,Engineering,71.46,63.42,88.76,76.5,96.02,52.3,92.45,79.379,C,6.9,No,Yes,PhD,High,7
S3878,Ahmed,Davis,student2878@university.edu,Female,20,Business,78.01,64.0,89.48,90.74,77.86,1.6,95.12,73.413,C,8.5,No,Yes,PhD,Low,5
S3879,John,Brown,student2879@university.edu,Female,18,Engineering,53.66,99.09,40.35,71.43,98.57,71.8,63.43,65.986,D,3.6,No,Yes,None,High,3
S3880,Ali,Johnson,student2880@university.edu,Male,22,Mathematics,65.95,82.02,75.92,88.14,90.61,87.5,59.21,74.211,C,7.0,Yes,Yes,High School,Low,7
S3881,Ali,Jones,student2881@university.edu,Female,19,Engineering,75.34,80.41,81.62,77.38,89.24,85.7,78.9,81.121,B,5.7,Yes,Yes,None,Low,4
S3882,Ahmed,Smith,student2882@university.edu,Female,19,Engineering,68.83,79.12,96.39,68.48,70.8,78.0,69.61,74.801,C,1.8,No,Yes,High School,Medium,10
S3883,Omar,Johnson,student2883@university.edu,Female,20,CS,55.75,94.76,86.85,64.74,83.14,52.9,70.58,76.813,C,6.9,No,Yes,Bachelor's,High,2
S3884,Sara,Williams,student2884@university.edu,Female,18,Engineering,99.03,47.28,96.73,56.27,68.41,86.9,68.54,66.625,D,4.0,No,Yes,None,Low,10
S3885,Ali,Johnson,student2885@university.edu,Male,20,Business,90.25,79.01,65.74,86.27,63.08,35.7,70.53,67.725,D,4.4,No,Yes,Master's,Medium,2
S3886,Ahmed,Johnson,student2886@university.edu,Female,23,Mathematics,88.69,98.6,70.4,71.69,53.73,93.9,84.38,75.645,C,8.4,Yes,Yes,PhD,Low,2
S3887,Ahmed,Brown,student2887@university.edu,Male,18,Engineering,91.71,67.22,66.89,70.27,86.42,32.9,69.96,63.031,D,5.5,No,Yes,Bachelor's,High,3
S3888,Maria,Brown,student2888@university.edu,Female,20,Mathematics,68.04,75.8,67.05,65.41,85.77,59.6,56.74,55.984,E,1.7,No,Yes,None,Medium,3
S3889,John,Williams,student2889@university.edu,Female,18,CS,87.0,93.32,89.32,73.89,68.83,86.7,82.81,79.772,C,5.3,No,Yes,PhD,High,6
S3890,Ahmed,Williams,student2890@university.edu,Female,22,Mathematics,85.19,95.44,70.13,72.47,79.85,14.7,64.6,67.604,D,7.8,No,Yes,High School,Low,8
S3891,John,Smith,student2891@university.edu,Male,22,CS,68.04,78.56,86.55,54.2,69.36,1.9,86.16,71.975,C,4.9,Yes,Yes,PhD,Low,3
S3892,Maria,Brown,student2892@university.edu,Female,18,Mathematics,93.43,67.33,42.22,71.99,90.84,21.6,46.44,58.462,E,5.2,No,Yes,High School,High,10
S3893,Sara,Smith,student2893@university.edu,Male,19,CS,69.77,54.49,92.36,89.98,96.08,10.1,78.61,72.343,C,9.4,Yes,Yes,None,Medium,2
S3894,Ahmed,Johnson,student2894@university.edu,Female,21,Mathematics,97.54,67.25,60.52,80.59,57.01,79.5,57.25,65.147,D,9.1,No,Yes,PhD,High,5
S3895,Ahmed,Johnson,student2895@university.edu,Male,24,Business,68.9,67.57,58.11,98.29,58.17,12.9,48.12,55.728,E,2.9,No,Yes,Master's,Low,10
S3896,John,Williams,student2896@university.edu,Male,22,Engineering,73.45,40.16,81.84,85.43,99.98,93.8,52.14,71.882,C,4.0,No,Yes,None,Medium,3
S3897,John,Johnson,student2897@university.edu,Male,22,Mathematics,68.05,44.33,84.46,58.51,89.37,54.5,92.34,65.944,D,5.2,No,Yes,PhD,High,7
S3898,Ahmed,Brown,student2898@university.edu,Female,24,Business,50.15,50.58,84.26,73.77,71.88,94.0,69.47,66.445,D,6.4,Yes,Yes,None,Medium,1
S3899,Ahmed,Johnson,student2899@university.edu,Female,24,Mathematics,72.18,99.63,88.0,59.77,99.32,53.4,88.11,85.496,B,5.6,Yes,Yes,PhD,Low,1
S3900,John,Brown,student2900@university.edu,Male,20,CS,59.63,84.54,59.53,53.09,87.41,34.5,81.53,63.305,D,6.2,No,Yes,PhD,Low,10
S3901,Liam,Johnson,student2901@university.edu,Male,24,Mathematics,91.73,87.08,47.89,63.63,62.97,82.9,67.4,63.205,D,6.1,Yes,No,Master's,Medium,9
S3902,Maria,Davis,student2902@university.edu,Female,22,Mathematics,71.51,96.69,58.44,84.45,89.12,17.7,40.92,58.288,E,1.5,No,Yes,Bachelor's,Medium,7
S3903,John,Williams,student2903@university.edu,Male,18,CS,98.04,66.73,98.08,73.83,61.01,0.1,65.11,65.193,D,2.4,No,Yes,None,Low,10
S3904,Sara,Smith,student2904@university.edu,Male,24,Engineering,51.57,76.98,42.12,73.31,67.29,82.0,70.41,55.493,E,3.3,No,Yes,Bachelor's,Medium,5
S3905,Omar,Williams,student2905@university.edu,Male,21,Engineering,61.58,51.14,56.1,94.84,99.43,66.3,47.21,66.927,D,8.8,No,Yes,Master's,Medium,2
S3906,Liam,Johnson,student2906@university.edu,Male,22,Mathematics,64.14,63.08,54.88,53.59,73.37,77.1,77.83,62.278,D,6.1,Yes,Yes,PhD,Medium,2
S3907,Ahmed,Jones,student2907@university.edu,Male,20,Business,93.99,96.9,82.47,97.32,88.94,11.0,54.82,79.082,C,9.2,Yes,Yes,High School,Low,9
S3908,Maria,Smith,student2908@university.edu,Female,18,Business,55.15,81.43,83.15,55.19,68.6,81.0,56.43,72.434,C,7.5,No,Yes,High School,Medium,9
S3909,Sara,Williams,student2909@university.edu,Female,19,Engineering,96.4,63.69,69.34,60.36,66.47,88.3,53.84,66.764,D,9.6,No,Yes,None,High,4
S3910,Maria,Johnson,student2910@university.edu,Female,18,Engineering,68.36,88.38,77.21,95.67,63.13,48.0,48.96,78.123,C,9.3,No,Yes,High School,Low,7
S3911,Omar,Williams,student2911@university.edu,Female,24,Mathematics,71.84,65.6,57.3,96.94,97.73,32.6,62.39,63.218,D,3.4,Yes,Yes,PhD,Medium,1
S3912,Ahmed,Williams,student2912@university.edu,Male,19,Engineering,66.88,75.86,72.6,73.59,74.7,44.2,56.49,66.649,D,5.0,Yes,Yes,High School,Medium,7
S3913,Ahmed,Johnson,student2913@university.edu,Male,18,Engineering,99.15,51.05,85.21,80.8,73.79,32.1,55.72,65.601,D,6.3,Yes,Yes,PhD,Medium,7
S3914,Liam,Smith,student2914@university.edu,Female,23,CS,81.25,68.08,43.11,74.35,61.72,67.5,76.02,59.212,E,4.3,Yes,Yes,None,Low,3
S3915,Maria,Johnson,student2915@university.edu,Male,24,Engineering,80.97,62.14,99.64,64.83,60.04,21.7,82.76,66.749,D,5.1,No,Yes,High School,Low,8
S3916,Ahmed,Williams,student2916@university.edu,Male,23,CS,68.89,88.95,74.86,73.09,76.05,51.9,44.45,66.941,D,8.2,No,Yes,None,Medium,3
S3917,Maria,Williams,student2917@university.edu,Female,23,Mathematics,80.47,47.04,47.48,93.86,60.7,57.1,80.22,59.796,E,6.7,No,Yes,High School,High,10
S3918,Ali,Smith,student2918@university.edu,Female,18,Engineering,73.61,83.98,40.99,92.43,76.44,95.7,84.76,70.097,C,4.2,No,Yes,Bachelor's,High,8
S3919,Emma,Brown,student2919@university.edu,Male,19,Mathematics,55.71,62.93,68.54,57.74,81.1,15.6,83.31,63.657,D,8.1,No,Yes,None,Medium,10
S3920,Sara,Brown,student2920@university.edu,Male,19,Business,78.11,73.4,82.97,91.67,73.98,57.0,42.15,71.719,C,5.2,Yes,Yes,PhD,Low,10
S3921,Ali,Smith,student2921@university.edu,Male,24,Mathematics,73.93,63.28,50.87,99.02,63.61,17.3,67.24,53.395,E,2.0,No,Yes,None,Low,5
S3922,Sara,Smith,student2922@university.edu,Female,24,Business,51.31,44.97,47.36,72.69,74.74,39.8,46.46,47.432,F,1.5,No,Yes,Bachelor's,Low,2
S3923,Liam,Williams,student2923@university.edu,Male,18,CS,95.93,89.63,66.36,89.3,60.12,27.6,84.24,66.44,D,5.0,No,Yes,Master's,Medium,8
S3924,Sara,Johnson,student2924@university.edu,Female,20,Business,64.63,93.63,46.46,76.08,55.39,64.8,87.68,73.869,C,9.4,No,Yes,Master's,Medium,7
S3925,Emma,Smith,student2925@university.edu,Male,22,Mathematics,66.96,96.19,43.04,79.58,73.92,42.7,70.02,64.375,D,5.0,No,Yes,PhD,Medium,9
S3926,Ali,Johnson,student2926@university.edu,Male,20,Business,95.93,53.66,77.26,78.12,88.12,30.8,78.68,70.541,C,9.8,No,Yes,PhD,Low,2
S3927,Ali,Williams,student2927@university.edu,Female,23,CS,96.81,52.99,65.61,81.76,71.54,27.8,91.67,57.731,E,2.5,No,Yes,High School,High,4
S3928,Ahmed,Smith,student2928@university.edu,Male,22,CS,76.46,90.08,54.93,75.55,66.65,94.4,66.88,73.349,C,9.9,No,Yes,None,Low,3
S3929,Omar,Williams,student2929@university.edu,Male,19,CS,83.92,64.89,55.69,54.14,95.4,50.2,44.91,54.808,E,5.4,No,Yes,Bachelor's,Medium,5
S3930,Liam,Smith,student2930@university.edu,Male,19,Mathematics,87.87,99.02,82.02,87.93,52.0,89.0,59.87,72.232,C,2.2,Yes,Yes,None,Medium,5
S3931,Ali,Williams,student2931@university.edu,Female,18,Engineering,70.9,68.8,80.68,76.96,56.21,1.3,97.47,66.2,D,2.5,Yes,Yes,Master's,Low,2
S3932,Ahmed,Smith,student2932@university.edu,Male,24,Engineering,50.2,91.47,86.25,95.42,52.83,38.0,82.11,74.348,C,2.8,No,Yes,High School,Low,7
S3933,John,Johnson,student2933@university.edu,Male,21,Mathematics,82.31,43.87,93.64,75.33,84.19,45.8,90.0,79.71,C,8.2,Yes,Yes,Master's,Medium,8
S3934,Omar,Brown,student2934@university.edu,Male,20,CS,87.96,72.62,49.14,91.28,69.35,7.5,64.96,59.735,E,1.5,Yes,Yes,Master's,Low,8
S3935,Maria,Brown,student2935@university.edu,Female,22,Engineering,50.52,71.11,57.97,60.18,90.17,6.0,90.93,61.545,D,7.9,No,Yes,Bachelor's,Medium,4
S3936,John,Smith,student2936@university.edu,Female,21,Business,96.76,60.13,40.56,93.06,53.18,43.0,89.32,65.311,D,8.3,No,Yes,Master's,Low,5
S3937,Sara,Williams,student2937@university.edu,Female,21,Business,61.34,65.46,41.88,75.88,95.29,39.8,59.67,57.216,E,5.4,No,Yes,High School,Medium,8
S3938,John,Williams,student2938@university.edu,Male,19,Engineering,74.55,95.79,91.17,84.64,99.68,89.4,68.65,91.192,A,8.4,No,Yes,None,Low,7
S3939,Emma,Johnson,student2939@university.edu,Female,23,Engineering,69.64,65.62,69.2,79.23,93.33,98.3,46.53,64.813,D,2.9,Yes,Yes,None,Medium,6
S3940,Sara,Davis,student2940@university.edu,Female,18,Engineering,75.27,53.16,79.34,64.69,94.71,90.9,93.4,67.844,D,1.6,Yes,Yes,PhD,Medium,10
S3941,Sara,Jones,student2941@university.edu,Male,20,Business,77.64,71.11,77.05,73.39,71.48,84.7,53.16,67.505,D,6.7,Yes,Yes,High School,Low,1
S3942,Maria,Jones,student2942@university.edu,Male,23,Mathematics,71.08,89.1,61.64,51.94,63.97,48.1,61.06,59.126,E,6.1,Yes,Yes,Master's,Medium,2
S3943,Ahmed,Davis,student2943@university.edu,Male,24,Mathematics,67.14,74.48,70.15,75.83,78.03,96.0,66.88,74.193,C,5.6,Yes,Yes,Bachelor's,Medium,4
S3944,Ahmed,Williams,student2944@university.edu,Female,24,Engineering,70.47,84.6,51.88,68.72,77.86,7.7,50.57,52.285,E,1.3,No,Yes,High School,Low,5
S3945,Ali,Jones,student2945@university.edu,Male,24,Engineering,68.52,56.47,94.02,74.29,96.44,49.2,91.72,74.417,C,7.6,No,Yes,Bachelor's,High,5
S3946,John,Brown,student2946@university.edu,Female,20,Mathematics,59.74,57.34,43.95,52.11,79.15,49.3,62.66,56.361,E,7.5,No,Yes,PhD,High,1
S3947,Maria,Davis,student2947@university.edu,Female,21,Mathematics,67.36,57.84,57.83,82.54,53.1,62.6,72.36,58.84,E,2.1,No,Yes,Master's,Medium,8
S3948,Maria,Brown,student2948@university.edu,Male,18,Engineering,73.91,56.44,76.59,55.41,74.61,93.0,82.63,70.336,C,7.3,No,Yes,Master's,High,1
S3949,Ahmed,Brown,student2949@university.edu,Male,23,CS,73.83,47.3,55.88,56.69,83.61,75.8,81.84,62.556,D,4.7,Yes,No,Master's,High,1
S3950,Omar,Brown,student2950@university.edu,Male,19,Business,57.53,77.26,98.2,83.8,83.15,50.8,85.35,79.305,C,1.9,No,Yes,Master's,Low,8
S3951,Sara,Davis,student2951@university.edu,Male,23,CS,68.31,96.1,75.23,96.03,73.96,44.7,89.06,77.011,C,8.3,No,Yes,High School,Medium,6
S3952,Sara,Davis,student2952@university.edu,Male,22,Mathematics,62.28,97.62,96.1,93.88,95.09,53.9,63.3,87.213,B,9.2,Yes,Yes,Master's,Low,10
S3953,Liam,Williams,student2953@university.edu,Male,18,Mathematics,83.89,95.84,60.85,77.18,61.45,65.6,63.36,70.886,C,8.3,No,Yes,High School,High,7
S3954,Omar,Johnson,student2954@university.edu,Female,19,Engineering,52.35,91.85,90.81,51.93,53.82,57.8,71.33,70.708,C,8.6,No,Yes,None,High,3
S3955,Liam,Williams,student2955@university.edu,Male,19,Business,73.58,99.77,96.77,68.49,52.22,96.2,48.16,77.174,C,6.1,Yes,Yes,Master's,Low,9
S3956,John,Jones,student2956@university.edu,Female,18,Mathematics,60.31,46.09,53.81,75.84,61.01,55.9,53.74,49.78,F,3.6,No,No,PhD,High,2
S3957,Emma,Brown,student2957@university.edu,Male,19,Business,60.84,52.54,84.85,75.21,59.46,64.0,78.08,67.984,D,8.4,No,Yes,High School,Medium,5
S3958,Ahmed,Brown,student2958@university.edu,Male,18,Engineering,70.9,81.37,88.66,77.48,68.22,16.0,58.66,64.611,D,3.4,No,Yes,PhD,Low,6
S3959,Emma,Jones,student2959@university.edu,Female,19,CS,96.85,44.48,94.14,98.1,79.65,96.7,91.01,81.418,B,6.7,No,Yes,None,High,6
S3960,Ahmed,Smith,student2960@university.edu,Female,20,Engineering,73.87,78.83,91.43,96.35,84.01,25.9,88.62,81.144,B,5.4,No,Yes,Master's,Medium,3
S3961,Ali,Williams,student2961@university.edu,Male,22,Mathematics,74.56,63.32,69.14,59.09,97.42,50.6,91.13,61.675,D,1.3,Yes,Yes,None,Low,5
S3962,John,Williams,student2962@university.edu,Male,19,CS,76.97,72.73,42.78,50.07,65.11,91.8,68.26,55.751,E,1.5,Yes,No,None,Medium,7
S3963,Liam,Johnson,student2963@university.edu,Female,18,Engineering,81.35,75.7,91.88,86.97,82.98,67.7,52.93,68.611,D,6.4,No,Yes,None,Medium,4
S3964,Sara,Davis,student2964@university.edu,Male,20,Engineering,57.14,76.3,67.59,98.32,67.06,43.0,77.72,63.935,D,4.1,No,Yes,Bachelor's,Medium,3
S3965,Sara,Williams,student2965@university.edu,Female,24,Business,56.77,91.59,76.37,92.78,70.39,64.6,51.18,71.168,C,2.8,No,Yes,High School,High,5
S3966,Omar,Jones,student2966@university.edu,Male,18,Business,61.92,60.9,48.58,58.92,90.37,84.9,44.61,53.063,E,5.7,No,Yes,None,Medium,1
S3967,Omar,Smith,student2967@university.edu,Male,24,Business,83.6,47.77,65.33,69.1,70.84,32.7,67.95,58.074,E,5.3,Yes,Yes,PhD,Low,1
S3968,Omar,Smith,student2968@university.edu,Male,18,Engineering,73.13,61.59,59.38,64.78,52.65,58.6,52.85,53.829,E,3.3,Yes,Yes,Master's,Medium,1
S3969,Sara,Jones,student2969@university.edu,Male,18,CS,80.43,74.72,88.2,58.64,98.26,24.3,62.86,68.786,D,3.3,No,Yes,PhD,Medium,3
S3970,Maria,Brown,student2970@university.edu,Female,19,CS,55.55,85.15,98.48,88.6,80.51,4.3,60.13,79.059,C,9.0,Yes,No,High School,High,2
S3971,Maria,Smith,student2971@university.edu,Male,18,Mathematics,61.45,57.86,48.38,55.27,73.98,42.8,52.52,54.497,E,9.9,No,Yes,High School,Low,4
S3972,Sara,Davis,student2972@university.edu,Female,18,Mathematics,78.6,98.17,80.84,57.39,85.21,92.5,87.08,81.942,B,8.4,No,Yes,Bachelor's,High,1
S3973,Sara,Davis,student2973@university.edu,Female,21,Engineering,60.9,42.41,90.43,57.6,61.35,19.1,75.36,62.033,D,9.4,No,No,PhD,Low,1
S3974,Maria,Smith,student2974@university.edu,Female,24,Engineering,58.67,84.22,47.46,92.52,87.39,61.4,94.65,72.498,C,5.2,No,Yes,High School,Medium,5
S3975,Liam,Smith,student2975@university.edu,Male,22,CS,93.47,71.28,95.74,72.65,71.48,51.0,60.2,74.328,C,4.7,No,No,None,Medium,4
S3976,Emma,Smith,student2976@university.edu,Female,22,Engineering,66.58,44.36,62.53,95.45,69.88,17.1,52.65,55.603,E,1.1,No,Yes,None,Medium,10
S3977,Ahmed,Johnson,student2977@university.edu,Female,22,Engineering,98.75,62.12,93.5,90.06,80.25,34.5,94.13,79.092,C,9.7,No,Yes,None,Medium,3
S3978,John,Jones,student2978@university.edu,Female,20,Engineering,52.43,79.6,54.33,75.49,74.63,56.4,57.56,70.569,C,9.2,Yes,Yes,High School,Low,5
S3979,Maria,Brown,student2979@university.edu,Female,22,Business,88.28,44.03,48.53,97.06,56.41,58.2,84.21,64.786,D,3.3,No,No,PhD,Low,3
S3980,Sara,Johnson,student2980@university.edu,Male,18,Mathematics,63.08,65.44,79.08,78.2,83.97,70.6,79.62,74.903,C,5.3,No,Yes,Master's,Medium,9
S3981,Emma,Williams,student2981@university.edu,Female,19,CS,72.43,80.91,98.65,84.87,85.01,82.1,47.09,74.624,C,5.7,Yes,Yes,Bachelor's,Medium,5
S3982,Ali,Williams,student2982@university.edu,Male,19,Mathematics,88.73,71.17,40.65,93.39,54.89,41.3,67.34,56.883,E,6.2,No,Yes,None,Medium,10
S3983,Sara,Jones,student2983@university.edu,Male,18,CS,80.34,45.27,89.82,98.76,89.12,8.3,43.9,64.398,D,8.1,Yes,Yes,None,Low,10
S3984,Omar,Smith,student2984@university.edu,Female,22,Engineering,54.03,71.56,55.16,59.19,58.13,36.5,55.02,53.412,E,2.7,No,Yes,Bachelor's,Low,1
S3985,Sara,Smith,student2985@university.edu,Female,24,Mathematics,87.97,52.37,91.74,60.15,93.87,37.1,90.02,73.443,C,9.3,No,Yes,Master's,Low,2
S3986,Emma,Smith,student2986@university.edu,Female,20,Mathematics,57.98,51.37,60.68,87.4,72.83,26.0,67.83,62.318,D,1.4,No,Yes,PhD,Low,5
S3987,John,Jones,student2987@university.edu,Female,19,Business,66.11,75.22,82.21,78.4,97.9,25.1,73.74,69.43,D,1.4,No,Yes,PhD,Low,1
S3988,Ali,Jones,student2988@university.edu,Female,19,Mathematics,87.04,65.03,61.07,72.09,50.48,23.9,56.72,54.892,E,1.2,Yes,Yes,Bachelor's,High,2
S3989,Ahmed,Johnson,student2989@university.edu,Female,24,Business,71.41,91.15,57.67,99.34,74.39,63.5,49.65,69.789,D,7.6,No,Yes,PhD,Medium,9
S3990,Emma,Brown,student2990@university.edu,Female,22,CS,92.19,45.33,98.13,88.55,69.88,34.4,90.06,70.694,C,2.6,No,Yes,Master's,Medium,8
S3991,Emma,Williams,student2991@university.edu,Male,18,Business,95.43,73.04,79.98,74.12,93.4,63.0,87.74,68.402,D,2.2,No,Yes,None,Medium,8
S3992,Ali,Johnson,student2992@university.edu,Male,20,Mathematics,55.22,54.98,54.65,90.97,97.74,76.2,81.47,68.252,D,5.0,No,Yes,Bachelor's,Medium,1
S3993,Emma,Smith,student2993@university.edu,Female,23,Business,72.23,74.55,67.29,83.23,99.77,92.4,82.14,77.939,C,5.7,Yes,Yes,High School,Low,6
S3994,John,Jones,student2994@university.edu,Female,21,Business,94.31,68.6,54.49,69.15,58.3,62.4,78.2,58.412,E,4.6,No,Yes,None,Low,8
S3995,Sara,Brown,student2995@university.edu,Female,19,Mathematics,58.2,68.78,40.35,68.19,93.91,69.2,95.46,68.659,D,6.5,Yes,Yes,None,Medium,2
S3996,Maria,Davis,student2996@university.edu,Male,22,Engineering,93.13,89.18,87.49,82.52,80.74,65.4,64.81,79.185,C,5.1,Yes,Yes,PhD,Medium,4
S3997,Maria,Smith,student2997@university.edu,Female,21,Engineering,92.81,51.21,96.81,55.51,77.13,53.5,78.93,70.606,C,7.0,Yes,Yes,Bachelor's,Medium,6
S3998,Omar,Jones,student2998@university.edu,Male,23,CS,64.55,93.06,56.8,96.44,62.55,89.2,88.84,72.863,C,3.5,Yes,Yes,Bachelor's,Low,5
S3999,John,Johnson,student2999@university.edu,Female,24,Mathematics,93.18,88.3,70.98,63.68,61.76,21.6,76.54,69.285,D,8.6,Yes,Yes,Bachelor's,High,6
